01:15:11,6009.2346
01:15:16,6040.0763
01:15:21,6071.2772
01:15:26,6102.5848
01:15:31,6133.6437
01:15:36,6165.1926
01:15:41,6196.511
01:15:46,6228.1933
01:15:51,6260.2499
01:15:56,6291.834
01:16:01,6323.4294
01:16:06,6356.0861
01:16:11,6388.2577
01:16:16,6420.4112
01:16:21,6452.6643
01:16:26,6485.6364
01:16:31,6518.2726
01:16:36,6551.1894
01:16:41,6584.6832
01:16:46,6618.2265
01:16:51,6651.9579
01:16:56,6685.4575
01:17:01,6719.2156
01:17:06,6752.959
01:17:11,6787.2991
01:17:16,6821.6885
01:17:21,6856.2114
01:17:26,6891.4887
01:17:31,6926.6197
01:17:36,6961.4429
01:17:41,6997.1814
01:17:46,7033.1025
01:17:51,7068.5522
01:17:56,7104.8849
01:18:01,7141.4165
01:18:06,7177.6016
01:18:11,7214.582
01:18:16,7251.6171
01:18:21,7288.6267
01:18:26,7325.3579
01:18:31,7362.3884
01:18:36,7399.3815
01:18:41,7437.4574
01:18:46,7474.9926
01:18:51,7512.5672
01:18:56,7550.2437
01:19:01,7588.5705
01:19:06,7626.6689
01:19:11,7665.2429
01:19:16,7704.5404
01:19:21,7743.3747
01:19:26,7782.503
01:19:31,7822.354
01:19:36,7862.1943
01:19:41,7901.9193
01:19:46,7942.4523
01:19:51,7982.7483
01:19:56,8023.3224
01:20:01,8063.7318
01:20:06,8104.7032
01:20:11,8146.0403
01:20:16,8186.9913
01:20:21,8228.5325
01:20:26,8270.5157
01:20:31,8312.3715
01:20:36,8354.7301
01:20:41,8397.3349
01:20:46,8439.4338
01:20:51,8482.4287
01:20:56,8524.9825
01:21:01,8568.2139
01:21:06,8611.5656
01:21:11,8654.8293
01:21:16,8698.9882
01:21:21,8742.7214
01:21:26,8786.5374
01:21:31,8831.2669
01:21:36,8876.1178
01:21:41,8921.2737
01:21:46,8966.4892
01:21:51,9011.7616
01:21:56,9057.6946
01:22:01,9103.6041
01:22:06,9149.3784
01:22:11,9195.5181
01:22:16,9242.5686
01:22:21,9289.7772
01:22:26,9336.7946
01:22:31,9384.2344
01:22:36,9431.3988
01:22:41,9478.7408
01:22:46,9526.3272
01:22:51,9574.3518
01:22:56,9622.7451
01:23:01,9671.7685
01:23:06,9720.7937
01:23:11,9769.672
01:23:16,9819.0819
01:23:21,9868.4457
01:23:26,9918.0588
01:23:31,9967.937
01:23:36,10018.0491
01:23:41,10068.3021
01:23:46,10118.8996
01:23:51,10169.992
01:23:56,10221.222
01:24:01,10272.445
01:24:06,10324.2962
01:24:11,10376.67
01:24:16,10428.6854
01:24:21,10481.4551
01:24:26,10534.8203
01:24:31,10588.1527
01:24:36,10642.0275
01:24:41,10696.1245
01:24:46,10750.4247
01:24:51,10804.4179
01:24:56,10858.9631
01:25:01,10913.5169
01:25:06,10968.9351
01:25:11,11024.0917
01:25:16,11079.4655
01:25:21,11135.849
01:25:26,11192.2694
01:25:31,11248.7287
01:25:36,11305.9444
01:25:41,11362.803
01:25:46,11420.2363
01:25:51,11477.4834
01:25:56,11535.0061
01:26:01,11592.8291
01:26:06,11651.103
01:26:11,11709.5131
01:26:16,11768.6329
01:26:21,11828.5573
01:26:26,11888.0295
01:26:31,11947.696
01:26:36,12007.7317
01:26:41,12068.73
01:26:46,12129.4997
01:26:51,12191.1005
01:26:56,12252.1739
01:27:01,12314.5157
01:27:06,12376.3571
01:27:11,12438.5635
01:27:16,12501.2377
01:27:21,12563.845
01:27:26,12627.3616
01:27:31,12690.6426
01:27:36,12755.166
01:27:41,12819.7416
01:27:46,12884.3686
01:27:51,12949.5956
01:27:56,13015.4189
01:28:01,13080.6259
01:28:06,13146.9599
01:28:11,13212.8153
01:28:16,13279.6078
01:28:21,13346.2212
01:28:26,13413.6312
01:28:31,13480.8111
01:28:36,13548.5005
01:28:41,13616.5335
01:28:46,13685.3186
01:28:51,13754.1614
01:28:56,13823.403
01:29:01,13893.5184
01:29:06,13963.7668
01:29:11,14034.4595
01:29:16,14105.4854
01:29:21,14177.0618
01:29:26,14248.5976
01:29:31,14320.4413
01:29:36,14392.5448
01:29:41,14464.8942
01:29:46,14538.0075
01:29:51,14611.392
01:29:56,14684.8733
01:30:01,14758.6514
01:30:06,14833.4848
01:30:11,14908.1433
01:30:16,14983.0967
01:30:21,15058.186
01:30:26,15133.6294
01:30:31,15209.7733
01:30:36,15286.3031
01:30:41,15363.195
01:30:46,15441.0179
01:30:51,15518.914
01:30:56,15597.248
01:31:01,15675.5702
01:31:06,15754.0856
01:31:11,15833.7706
01:31:16,15913.1443
01:31:21,15993.4459
01:31:26,16074.343
01:31:31,16155.5339
01:31:36,16236.9453
01:31:41,16318.6987
01:31:46,16400.4666
01:31:51,16482.8609
01:31:56,16565.741
01:32:01,16649.1424
01:32:06,16733.3054
01:32:11,16817.1268
01:32:16,16901.7674
01:32:21,16986.4934
01:32:26,17072.3162
01:32:31,17158.3775
01:32:36,17244.6062
01:32:41,17331.5891
01:32:46,17419.2361
01:32:51,17507.4139
01:32:56,17595.3465
01:33:01,17684.0607
01:33:06,17772.7776
01:33:11,17862.2405
01:33:16,17952.4871
01:33:21,18043.2365
01:33:26,18133.6009
01:33:31,18224.8681
01:33:36,18316.153
01:33:41,18408.2833
01:33:46,18501.0962
01:33:51,18594.66
01:33:56,18688.5303
01:34:01,18782.9662
01:34:06,18877.8983
01:34:11,18973.3257
01:34:16,19068.7432
01:34:21,19164.7717
01:34:26,19261.6681
01:34:31,19358.2391
01:34:36,19455.1668
01:34:41,19553.3328
01:34:46,19651.3827
01:34:51,19749.9036
01:34:56,19849.4732
01:35:01,19949.2504
01:35:06,20049.7148
01:35:11,20151.0492
01:35:16,20252.3791
01:35:21,20354.1791
01:35:26,20456.4004
01:35:31,20559.6706
01:35:36,20662.6882
01:35:41,20767.0629
01:35:46,20871.7692
01:35:51,20976.6267
01:35:56,21082.3324
01:36:01,21188.7487
01:36:06,21295.5592
01:36:11,21402.3348
01:36:16,21510.407
01:36:21,21618.2133
01:36:26,21726.951
01:36:31,21836.5452
01:36:36,21946.1988
01:36:41,22056.8486
01:36:46,22167.2833
01:36:51,22278.4795
01:36:56,22390.1061
01:37:01,22502.7059
01:37:06,22615.4327
01:37:11,22729.329
01:37:16,22843.2121
01:37:21,22957.8972
01:37:26,23072.8796
01:37:31,23189.1476
01:37:36,23305.6187
01:37:41,23422.7619
01:37:46,23540.2234
01:37:51,23658.6853
01:37:56,23777.4537
01:38:01,23897.3112
01:38:06,24017.8548
01:38:11,24138.4371
01:38:16,24259.8804
01:38:21,24381.9417
01:38:26,24504.3735
01:38:31,24627.4701
01:38:36,24751.4499
01:38:41,24875.6064
01:38:46,25001.0472
01:38:51,25126.5324
01:38:56,25252.7116
01:39:01,25379.3882
01:39:06,25507.334
01:39:11,25635.4287
01:39:16,25764.6486
01:39:21,25894.2055
01:39:26,26024.543
01:39:31,26155.6321
01:39:36,26286.5976
01:39:41,26418.6515
01:39:46,26551.2013
01:39:51,26684.2748
01:39:56,26817.8235
01:40:01,26952.5078
01:40:06,27088.1451
01:40:11,27224.2071
01:40:16,27361.0514
01:40:21,27498.1402
01:40:26,27636.2993
01:40:31,27774.638
01:40:36,27914.2149
01:40:41,28054.4684
01:40:46,28195.2446
01:40:51,28336.6982
01:40:56,28479.3276
01:41:01,28622.5597
01:41:06,28766.3905
01:41:11,28910.665
01:41:16,29055.6275
01:41:21,29201.9469
01:41:26,29348.7454
01:41:31,29495.7728
01:41:36,29643.9085
01:41:41,29792.8069
01:41:46,29942.1008
01:41:51,30092.1715
01:41:56,30242.9274
01:42:01,30394.3875
01:42:06,30547.0432
01:42:11,30700.5718
01:42:16,30854.7408
01:42:21,31009.8014
01:42:26,31165.2744
01:42:31,31321.55
01:42:36,31478.6655
01:42:41,31636.9822
01:42:46,31795.491
01:42:51,31955.0047
01:42:56,32114.9736
01:43:01,32275.7938
01:43:06,32437.7811
01:43:11,32600.5727
01:43:16,32764.5794
01:43:21,32928.6162
01:43:26,33094.2395
01:43:31,33260.686
01:43:36,33427.9152
01:43:41,33595.8596
01:43:46,33764.1295
01:43:51,33933.5229
01:43:56,34103.5966
01:44:01,34274.9798
01:44:06,34446.4847
01:44:11,34619.6065
01:44:16,34792.9385
01:44:21,34967.434
01:44:26,35142.5109
01:44:31,35318.9857
01:44:36,35496.1992
01:44:41,35674.2165
01:44:46,35852.8542
01:44:51,36032.6634
01:44:56,36213.2495
01:45:01,36394.5137
01:45:06,36576.7914
01:45:11,36760.2368
01:45:16,36944.498
01:45:21,37129.6687
01:45:26,37315.5081
01:45:31,37502.635
01:45:36,37690.8838
01:45:41,37880.1511
01:45:46,38070.2231
01:45:51,38261.0998
01:45:56,38453.3546
01:46:01,38646.2198
01:46:06,38839.8869
01:46:11,39034.4806
01:46:16,39230.4714
01:46:21,39427.4377
01:46:26,39624.8086
01:46:31,39823.317
01:46:36,40022.951
01:46:41,40223.9225
01:46:46,40425.9739
01:46:51,40628.5622
01:46:56,40831.9319
01:47:01,41036.9372
01:47:06,41243.1892
01:47:11,41450.015
01:47:16,41658.1202
01:47:21,41867.2556
01:47:26,42077.3216
01:47:31,42288.5922
01:47:36,42500.5924
01:47:41,42714.014
01:47:46,42927.9386
01:47:51,43143.3555
01:47:56,43359.8788
01:48:01,43577.0089
01:48:06,43795.4046
01:48:11,44014.517
01:48:16,44235.4751
01:48:21,44457.6651
01:48:26,44680.6903
01:48:31,44904.2817
01:48:36,45129.2743
01:48:41,45355.4412
01:48:46,45582.388
01:48:51,45810.9061
01:48:56,46040.3459
01:49:01,46270.7004
01:49:06,46502.6587
01:49:11,46735.5102
01:49:16,46969.8984
01:49:21,47205.304
01:49:26,47441.8476
01:49:31,47680.085
01:49:36,47918.5926
01:49:41,48158.5948
01:49:46,48400.2215
01:49:51,48643.186
01:49:56,48887.0727
01:50:01,49132.0202
01:50:06,49378.4935
01:50:11,49625.9463
01:50:16,49874.5848
01:50:21,50124.8411
01:50:26,50376.4544
01:50:31,50628.9189
01:50:36,50882.9054
01:50:41,51137.5888
01:50:46,51393.6498
01:50:51,51651.6883
01:50:56,51910.5242
01:51:01,52170.7968
01:51:06,52432.5472
01:51:11,52695.6182
01:51:16,52959.5117
01:51:21,53224.6276
01:51:26,53491.3997
01:51:31,53759.1201
01:51:36,54028.8696
01:51:41,54299.6323
01:51:46,54572.0124
01:51:51,54845.1531
01:51:56,55119.8745
01:52:01,55396.3539
01:52:06,55674.2516
01:52:11,55952.8892
01:52:16,56233.2177
01:52:21,56514.7863
01:52:26,56798.0289
01:52:31,57082.3938
01:52:36,57368.4171
01:52:41,57656.2786
01:52:46,57945.1232
01:52:51,58235.7756
01:52:56,58527.481
01:53:01,58820.9012
01:53:06,59115.197
01:53:11,59410.9485
01:53:16,59708.5757
01:53:21,60008.1184
01:53:26,60309.0919
01:53:31,60611.5851
01:53:36,60915.2861
01:53:41,61220.6786
01:53:46,61527.5978
01:53:51,61835.5705
01:53:56,62145.793
01:54:01,62456.9183
01:54:06,62770.0596
01:54:11,63084.3487
01:54:16,63399.9592
01:54:21,63717.4776
01:54:26,64036.5287
01:54:31,64357.6121
01:54:36,64680.1285
01:54:41,65004.5985
01:54:46,65330.1034
01:54:51,65657.1303
01:54:56,65986.3244
01:55:01,66316.3612
01:55:06,66648.5249
01:55:11,66982.5739
01:55:16,67317.6026
01:55:21,67654.8885
01:55:26,67994.128
01:55:31,68334.6444
01:55:36,68676.6184
01:55:41,69021.0388
01:55:46,69367.1438
01:55:51,69714.219
01:55:56,70063.8572
01:56:01,70414.7661
01:56:06,70767.2082
01:56:11,71121.8917
01:56:16,71478.1932
01:56:21,71836.5636
01:56:26,72196.0272
01:56:31,72557.6806
01:56:36,72921.3246
01:56:41,73287.0195
01:56:46,73653.9282
01:56:51,74022.4837
01:56:56,74393.1412
01:57:01,74766.1578
01:57:06,75140.0906
01:57:11,75516.8722
01:57:16,75895.1225
01:57:21,76275.4887
01:57:26,76657.2339
01:57:31,77040.9374
01:57:36,77426.6324
01:57:41,77814.5161
01:57:46,78204.6263
01:57:51,78596.6197
01:57:56,78990.097
01:58:01,79385.5731
01:58:06,79782.9778
01:58:11,80182.8797
01:58:16,80584.3732
01:58:21,80987.5532
01:58:26,81392.8452
01:58:31,81800.5093
01:58:36,82210.4446
01:58:41,82622.0055
01:58:46,83036.1928
01:58:51,83451.9238
01:58:56,83869.392
01:59:01,84289.5367
01:59:06,84711.2305
01:59:11,85135.8793
01:59:16,85562.1197
01:59:21,85990.1621
01:59:26,86420.4756
01:59:31,86853.3224
01:59:36,87287.7046
01:59:41,87724.6253
01:59:46,88163.6624
01:59:51,88605.4299
01:59:56,89049.1064
02:00:01,89495.1571
02:00:06,89943.5269
02:00:11,90394.1959
02:00:16,90847.0526
02:00:21,91301.8362
02:00:26,91758.5419
02:00:31,92218.0175
02:00:36,92679.4301
02:00:41,93142.9464
02:00:46,93609.582
02:00:51,94077.9681
02:00:56,94548.5714
02:01:01,95021.7274
02:01:06,95497.4313
02:01:11,95975.2215
02:01:16,96456.0058
02:01:21,96938.6703
02:01:26,97424.038
02:01:31,97911.2888
02:01:36,98401.8704
02:01:41,98894.1977
02:01:46,99388.8601
02:01:51,99886.475
02:01:56,100386.798
02:02:01,100888.9362
02:02:06,101394.2801
02:02:11,101902.1557
02:02:16,102411.8765
02:02:21,102924.171
02:02:26,103439.5511
02:02:31,103957.7834
02:02:36,104478.1289
02:02:41,105001.2439
02:02:46,105527.0306
02:02:51,106055.7286
02:02:56,106586.4173
02:03:01,107120.2383
02:03:06,107656.1371
02:03:11,108194.5747
02:03:16,108736.6051
02:03:21,109281.1152
02:03:26,109828.5169
02:03:31,110378.1295
02:03:36,110930.9487
02:03:41,111486.1553
02:03:46,112044.0712
02:03:51,112604.5976
02:03:56,113168.6177
02:04:01,113735.1726
02:04:06,114304.0637
02:04:11,114876.2316
02:04:16,115451.6701
02:04:21,116030.0179
02:04:26,116610.3077
02:04:31,117194.2749
02:04:36,117780.6718
02:04:41,118370.3322
02:04:46,118962.5985
02:04:51,119558.4476
02:04:56,120156.5899
02:05:01,120758.0439
02:05:06,121362.7464
02:05:11,121970.604
02:05:16,122580.792
02:05:21,123194.6571
02:05:26,123811.0864
02:05:31,124430.9065
02:05:36,125053.6711
02:05:41,125679.8362
02:05:46,126309.277
02:05:51,126941.0096
02:05:56,127576.7734
02:06:01,128215.6243
02:06:06,128857.1707
02:06:11,129502.3179
02:06:16,130150.3544
02:06:21,130801.9121
02:06:26,131456.4544
02:06:31,132114.586
02:06:36,132775.7879
02:06:41,133440.6763
02:06:46,134108.4084
02:06:51,134779.3714
02:06:56,135454.3391
02:07:01,136131.9165
02:07:06,136812.7196
02:07:11,137497.8603
02:07:16,138186.328
02:07:21,138877.9773
02:07:26,139572.746
02:07:31,140271.5164
02:07:36,140973.3321
02:07:41,141678.6319
02:07:46,142387.9249
02:07:51,143100.377
02:07:56,143816.9256
02:08:01,144536.6494
02:08:06,145259.6353
02:08:11,145987.0034
02:08:16,146717.8184
02:08:21,147452.0713
02:08:26,148189.7154
02:08:31,148931.4509
02:08:36,149677.0233
02:08:41,150425.5934
02:08:46,151178.5115
02:08:51,151935.269
02:08:56,152695.8568
02:09:01,153460.1357
02:09:06,154228.3305
02:09:11,155000.3613
02:09:16,155775.7085
02:09:21,156555.5045
02:09:26,157339.0934
02:09:31,158125.9346
02:09:36,158917.1502
02:09:41,159712.2566
02:09:46,160511.0539
02:09:51,161313.724
02:09:56,162120.4523
02:10:01,162931.7052
02:10:06,163746.4893
02:10:11,164565.9286
02:10:16,165389.0614
02:10:21,166216.929
02:10:26,167048.2976
02:10:31,167883.6469
02:10:36,168723.4614
02:10:41,169567.6581
02:10:46,170416.5725
02:10:51,171268.7887
02:10:56,172125.6671
02:11:01,172986.6371
02:11:06,173852.1573
02:11:11,174721.8119
02:11:16,175596.3254
02:11:21,176475.2012
02:11:26,177358.4997
02:11:31,178245.4492
02:11:36,179136.8482
02:11:41,180032.7597
02:11:46,180933.3894
02:11:51,181838.5093
02:11:56,182748.2719
02:12:01,183662.2036
02:12:06,184580.8904
02:12:11,185504.2063
02:12:16,186432.1637
02:12:21,187365.0954
02:12:26,188302.0823
02:12:31,189244.0371
02:12:36,190191.018
02:12:41,191142.9637
02:12:46,192099.2516
02:12:51,193060.6406
02:12:56,194026.6148
02:13:01,194997.5669
02:13:06,195972.7078
02:13:11,196953.0376
02:13:16,197938.0432
02:13:21,198928.0036
02:13:26,199923.1265
02:13:31,200923.5967
02:13:36,201928.4779
02:13:41,202938.7323
02:13:46,203953.8334
02:13:51,204973.9394
02:13:56,205999.8017
02:14:01,207029.9545
02:14:06,208066.1886
02:14:11,209107.2955
02:14:16,210153.4447
02:14:21,211204.6047
02:14:26,212261.7268
02:14:31,213323.3796
02:14:36,214390.8654
02:14:41,215463.0998
02:14:46,216541.179
02:14:51,217624.5231
02:14:56,218712.9024
02:15:01,219806.7885
02:15:06,220906.7616
02:15:11,222011.9093
02:15:16,223122.2583
02:15:21,224238.4221
02:15:26,225359.7902
02:15:31,226487.1636
02:15:36,227620.5942
02:15:41,228759.0315
02:15:46,229902.994
02:15:51,231052.7752
02:15:56,232208.4081
02:16:01,233370.4902
02:16:06,234537.9715
02:16:11,235711.0247
02:16:16,236890.2991
02:16:21,238075.4371
02:16:26,239265.9419
02:16:31,240463.1155
02:16:36,241666.3856
02:16:41,242874.8581
02:16:46,244089.4779
02:16:51,245310.5666
02:16:56,246537.9259
02:17:01,247770.9575
02:17:06,249010.5764
02:17:11,250255.8748
02:17:16,251507.6045
02:17:21,252765.4666
02:17:26,254030.1765
02:17:31,255300.5185
02:17:36,256577.5222
02:17:41,257860.8024
02:17:46,259150.2783
02:17:51,260446.9965
02:17:56,261749.9974
02:18:01,263059.4104
02:18:06,264375.0497
02:18:11,265697.7876
02:18:16,267027.3152
02:18:21,268363.5152
02:18:26,269706.2054
02:18:31,271055.0313
02:18:36,272411.3979
02:18:41,273774.234
02:18:46,275143.2673
02:18:51,276519.7569
02:18:56,277902.8778
02:19:01,279292.6485
02:19:06,280689.7406
02:19:11,282093.5618
02:19:16,283504.2114
02:19:21,284922.5335
02:19:26,286347.3177
02:19:31,287779.2234
02:19:36,289219.1638
02:19:41,290666.0063
02:19:46,292120.3582
02:19:51,293581.6506
02:19:56,295050.5981
02:20:01,296526.4319
02:20:06,298010.0282
02:20:11,299500.73
02:20:16,300999.0517
02:20:21,302504.9738
02:20:26,304018.3155
02:20:31,305538.7255
02:20:36,307067.2697
02:20:41,308603.3833
02:20:46,310147.1743
02:20:51,311698.0159
02:20:56,313256.7309
02:21:01,314824.0975
02:21:06,316398.9855
02:21:11,317981.9086
02:21:16,319572.044
02:21:21,321170.1349
02:21:26,322776.2976
02:21:31,324390.9226
02:21:36,326013.4925
02:21:41,327644.3144
02:21:46,329283.2704
02:21:51,330930.1361
02:21:56,332585.3223
02:22:01,334248.5342
02:22:06,335920.6454
02:22:11,337600.361
02:22:16,339288.5458
02:22:21,340985.1894
02:22:26,342690.6515
02:22:31,344404.8246
02:22:36,346127.1566
02:22:41,347858.3055
02:22:46,349597.762
02:22:51,351346.6171
02:22:56,353103.5972
02:23:01,354869.4905
02:23:06,356644.8204
02:23:11,358429.0027
02:23:16,360221.7471
02:23:21,362023.2328
02:23:26,363834.4444
02:23:31,365653.833
02:23:36,367483.0099
02:23:41,369320.8877
02:23:46,371167.6449
02:23:51,373024.2607
02:23:56,374890.0425
02:24:01,376765.5498
02:24:06,378649.7832
02:24:11,380543.3863
02:24:16,382447.1726
02:24:21,384360.0419
02:24:26,386282.0511
02:24:31,388213.7389
02:24:36,390155.3627
02:24:41,392106.5585
02:24:46,394067.4485
02:24:51,396037.9324
02:24:56,398019.2045
02:25:01,400009.6369
02:25:06,402010.5482
02:25:11,404021.6293
02:25:16,406042.7403
02:25:21,408073.742
02:25:26,410114.7014
02:25:31,412166.2933
02:25:36,414227.7663
02:25:41,416299.0143
02:25:46,418380.7916
02:25:51,420472.9767
02:25:56,422575.716
02:26:01,424688.8001
02:26:06,426812.4862
02:26:11,428947.1634
02:26:16,431092.3863
02:26:21,433248.027
02:26:26,435415.347
02:26:31,437592.6205
02:26:36,439781.5543
02:26:41,441981.3585
02:26:46,444191.7517
02:26:51,446413.2743
02:26:56,448645.9416
02:27:01,450889.8508
02:27:06,453145.2332
02:27:11,455411.243
02:27:16,457688.6821
02:27:21,459977.8457
02:27:26,462278.0033
02:27:31,464590.0188
02:27:36,466913.6406
02:27:41,469249.1728
02:27:46,471596.3149
02:27:51,473954.5462
02:27:56,476324.6358
02:28:01,478707.2718
02:28:06,481101.6796
02:28:11,483507.8854
02:28:16,485926.0239
02:28:21,488356.6939
02:28:26,490799.4757
02:28:31,493253.7706
02:28:36,495720.8375
02:28:41,498200.1418
02:28:46,500692.1652
02:28:51,503196.5414
02:28:56,505713.5444
02:29:01,508243.1165
02:29:06,510784.4607
02:29:11,513339.1319
02:29:16,515906.2016
02:29:21,518486.0904
02:29:26,521079.4708
02:29:31,523685.5491
02:29:36,526304.813
02:29:41,528936.9957
02:29:46,531582.5621
02:29:51,534241.3026
02:29:56,536912.962
02:30:01,539598.2523
02:30:06,542297.3164
02:30:11,545009.4601
02:30:16,547735.486
02:30:21,550475.048
02:30:26,553228.3507
02:30:31,555995.0811
02:30:36,558775.5045
02:30:41,561569.6151
02:30:46,564377.5903
02:30:51,567200.009
02:30:56,570037.004
02:31:01,572887.392
02:31:06,575752.8146
02:31:11,578632.0715
02:31:16,581525.487
02:31:21,584434.0298
02:31:26,587356.487
02:31:31,590293.969
02:31:36,593246.3632
02:31:41,596213.0872
02:31:46,599195.1181
02:31:51,602191.7278
02:31:56,605203.0025
02:32:01,608229.9049
02:32:06,611271.1569
02:32:11,614328.3337
02:32:16,617400.0959
02:32:21,620487.2672
02:32:26,623589.871
02:32:31,626708.4632
02:32:36,629843.0482
02:32:41,632992.4523
02:32:46,636158.4222
02:32:51,639339.9789
02:32:56,642537.5122
02:33:01,645750.8894
02:33:06,648979.9446
02:33:11,652225.0447
02:33:16,655486.303
02:33:21,658764.452
02:33:26,662058.4433
02:33:31,665368.8635
02:33:36,668696.7046
02:33:41,672040.8911
02:33:46,675402.1023
02:33:51,678779.6622
02:33:56,682174.1792
02:34:01,685585.5348
02:34:06,689014.2286
02:34:11,692460.1308
02:34:16,695922.5338
02:34:21,699402.7242
02:34:26,702900.3861
02:34:31,706415.7533
02:34:36,709948.2552
02:34:41,713498.2526
02:34:46,717066.5669
02:34:51,720652.0333
02:34:56,724256.3744
02:35:01,727878.2333
02:35:06,731518.3087
02:35:11,735176.8259
02:35:16,738853.4653
02:35:21,742548.4576
02:35:26,746261.9805
02:35:31,749994.2531
02:35:36,753744.6175
02:35:41,757514.3415
02:35:46,761302.4454
02:35:51,765109.1661
02:35:56,768935.7241
02:36:01,772780.8268
02:36:06,776645.375
02:36:11,780528.8655
02:36:16,784432.5476
02:36:21,788354.9498
02:36:26,792297.8036
02:36:31,796260.0013
02:36:36,800242.2167
02:36:41,804244.053
02:36:46,808265.4913
02:36:51,812307.7911
02:36:56,816370.2993
02:37:01,820452.5925
02:37:06,824555.404
02:37:11,828678.6183
02:37:16,832822.5616
02:37:21,836987.3847
02:37:26,841173.3451
02:37:31,845379.6852
02:37:36,849607.2562
02:37:41,853855.4897
02:37:46,858124.938
02:37:51,862415.9577
02:37:56,866728.2379
02:38:01,871062.0723
02:38:06,875417.5394
02:38:11,879795.5503
02:38:16,884195.0427
02:38:21,888616.7695
02:38:26,893060.5085
02:38:31,897526.5472
02:38:36,902014.5865
02:38:41,906525.3889
02:38:46,911058.9058
02:38:51,915615.1449
02:38:56,920193.6424
02:39:01,924795.5467
02:39:06,929419.7514
02:39:11,934067.3002
02:39:16,938738.7226
02:39:21,943432.9575
02:39:26,948150.4971
02:39:31,952891.8885
02:39:36,957657.3362
02:39:41,962446.612
02:39:46,967259.4651
02:39:51,972096.192
02:39:56,976957.44
02:40:01,981842.6428
02:40:06,986752.8838
02:40:11,991686.8333
02:40:16,996646.1249
02:40:21,1001630.4138
02:40:26,1006639.6568
02:40:31,1011673.0387
02:40:36,1016731.7703
02:40:41,1021816.4891
02:40:46,1026926.0436
02:40:51,1032061.6687
02:40:56,1037222.212
02:41:01,1042409.138
02:41:06,1047621.4651
02:41:11,1052860.216
02:41:16,1058125.0771
02:41:21,1063416.5126
02:41:26,1068733.7922
02:41:31,1074078.3092
02:41:36,1079449.4283
02:41:41,1084847.5462
02:41:46,1090272.0457
02:41:51,1095723.7799
02:41:56,1101203.0641
02:42:01,1106709.6535
02:42:06,1112244.2311
02:42:11,1117806.1521
02:42:16,1123395.7035
02:42:21,1129013.7026
02:42:26,1134658.9099
02:42:31,1140332.5217
02:42:36,1146035.0424
02:42:41,1151765.6875
02:42:46,1157525.0784
02:42:51,1163312.9842
02:42:56,1169129.8567
02:43:01,1174976.1024
02:43:06,1180851.567
02:43:11,1186756.4699
02:43:16,1192691.1359
02:43:21,1198655.6089
02:43:26,1204649.4117
02:43:31,1210673.4811
02:43:36,1216727.5742
02:43:41,1222812.2673
02:43:46,1228927.0457
02:43:51,1235071.9975
02:43:56,1241247.6283
02:44:01,1247454.3441
02:44:06,1253692.5339
02:44:11,1259961.1341
02:44:16,1266261.0423
02:44:21,1272592.4544
02:44:26,1278955.5559
02:44:31,1285350.9967
02:44:36,1291778.5715
02:44:41,1298238.4797
02:44:46,1304730.6824
02:44:51,1311254.6644
02:44:56,1317811.6563
02:45:01,1324400.9245
02:45:06,1331023.3605
02:45:11,1337679.2437
02:45:16,1344368.6286
02:45:21,1351091.3426
02:45:26,1357847.4691
02:45:31,1364637.0469
02:45:36,1371461.0696
02:45:41,1378319.0198
02:45:46,1385210.8848
02:45:51,1392137.6303
02:45:56,1399098.5413
02:46:01,1406094.5343
02:46:06,1413125.4031
02:46:11,1420192.035
02:46:16,1427293.5163
02:46:21,1434430.6991
02:46:26,1441603.3141
02:46:31,1448812.2145
02:46:36,1456057.2673
02:46:41,1463337.8477
02:46:46,1470655.0548
02:46:51,1478008.9382
02:46:56,1485399.5491
02:47:01,1492827.1742
02:47:06,1500291.5766
02:47:11,1507793.5412
02:47:16,1515333.4379
02:47:21,1522910.4447
02:47:26,1530525.3192
02:47:31,1538178.504
02:47:36,1545870.3874
02:47:41,1553600.3528
02:47:46,1561368.4662
02:47:51,1569176.1419
02:47:56,1577022.1934
02:48:01,1584907.4368
02:48:06,1592832.3701
02:48:11,1600797.3195
02:48:16,1608801.7391
02:48:21,1616846.1223
02:48:26,1624931.3526
02:48:31,1633056.8419
02:48:36,1641222.2965
02:48:41,1649429.2916
02:48:46,1657677.4549
02:48:51,1665966.8143
02:48:56,1674297.2567
02:49:01,1682669.7921
02:49:06,1691084.0007
02:49:11,1699539.5576
02:49:16,1708037.6268
02:49:21,1716577.9304
02:49:26,1725161.3746
02:49:31,1733787.6451
02:49:36,1742457.3795
02:49:41,1751170.6546
02:49:46,1759927.5705
02:49:51,1768727.6518
02:49:56,1777572.1196
02:50:01,1786461.0158
02:50:06,1795394.1458
02:50:11,1804371.5007
02:50:16,1813394.2601
02:50:21,1822461.7203
02:50:26,1831574.9215
02:50:31,1840733.895
02:50:36,1849938.3807
02:50:41,1859188.9923
02:50:46,1868485.7306
02:50:51,1877828.3992
02:50:56,1887218.3137
02:51:01,1896654.938
02:51:06,1906138.3875
02:51:11,1915669.5359
02:51:16,1925248.6205
02:51:21,1934874.9782
02:51:26,1944550.3159
02:51:31,1954273.2734
02:51:36,1964044.9553
02:51:41,1973865.7226
02:51:46,1983735.2981
02:51:51,1993654.23
02:51:56,2003622.7862
02:52:01,2013641.8937
02:52:06,2023710.8738
02:52:11,2033829.6872
02:52:16,2043999.7054
02:52:21,2054220.4686
02:52:26,2064492.0322
02:52:31,2074815.1643
02:52:36,2085189.5003
02:52:41,2095615.6164
02:52:46,2106093.8467
02:52:51,2116625.0319
02:52:56,2127208.7997
02:53:01,2137845.7515
02:53:06,2148536.0376
02:53:11,2159279.5737
02:53:16,2170076.764
02:53:21,2180927.3832
02:53:26,2191832.325
02:53:31,2202791.864
02:53:36,2213806.5928
02:53:41,2224876.2079
02:53:46,2236001.3849
02:53:51,2247182.2119
02:53:56,2258418.5429
02:54:01,2269711.2333
02:54:06,2281060.1769
02:54:11,2292465.9967
02:54:16,2303929.294
02:54:21,2315449.3804
02:54:26,2327026.7627
02:54:31,2338662.7081
02:54:36,2350356.8748
02:54:41,2362108.8886
02:54:46,2373919.5931
02:54:51,2385790.1322
02:54:56,2397719.7351
02:55:01,2409708.7923
02:55:06,2421757.8154
02:55:11,2433867.1634
02:55:16,2446037.1251
02:55:21,2458268.3704
02:55:26,2470560.0621
02:55:31,2482913.2635
02:55:36,2495328.1413
02:55:41,2507804.9997
02:55:46,2520344.7581
02:55:51,2532947.3484
02:55:56,2545612.9972
02:56:01,2558341.2733
02:56:06,2571133.9998
02:56:11,2583990.0947
02:56:16,2596910.2179
02:56:21,2609894.9703
02:56:26,2622945.2719
02:56:31,2636061.08
02:56:36,2649242.2142
02:56:41,2662488.7887
02:56:46,2675801.8739
02:56:51,2689181.1946
02:56:56,2702627.5315
02:57:01,2716141.3534
02:57:06,2729722.1778
02:57:11,2743371.7526
02:57:16,2757089.5241
02:57:21,2770875.3486
02:57:26,2784730.4102
02:57:31,2798655.1276
02:57:36,2812649.2858
02:57:41,2826713.0757
02:57:46,2840847.5395
02:57:51,2855052.5017
02:57:56,2869328.5421
02:58:01,2883676.1035
02:58:06,2898095.5626
02:58:11,2912586.7364
02:58:16,2927150.0803
02:58:21,2941785.9774
02:58:26,2956495.1658
02:58:31,2971278.496
02:58:36,2986135.7679
02:58:41,3001067.3402
02:58:46,3016073.4171
02:58:51,3031153.8982
02:58:56,3046310.3408
02:59:01,3061542.1523
02:59:06,3076850.1877
02:59:11,3092234.9999
02:59:16,3107696.6709
02:59:21,3123235.9612
02:59:26,3138852.8723
02:59:31,3154547.3133
02:59:36,3170320.7165
02:59:41,3186172.8415
02:59:46,3202104.0243
02:59:51,3218115.5483
02:59:56,3234206.3398
03:00:01,3250378.2376
03:00:06,3266631.0018
03:00:11,3282964.7688
03:00:16,3299379.9949
03:00:21,3315877.5668
03:00:26,3332457.684
03:00:31,3349120.0731
03:00:36,3365866.6253
03:00:41,3382696.672
03:00:46,3399610.5958
03:00:51,3416608.9937
03:00:56,3433692.5908
03:01:01,3450861.4046
03:01:06,3468116.3102
03:01:11,3485457.214
03:01:16,3502884.7852
03:01:21,3520399.7743
03:01:26,3538002.8585
03:01:31,3555693.5338
03:01:36,3573472.6717
03:01:41,3591341.0237
03:01:46,3609298.1702
03:01:51,3627344.8578
03:01:56,3645482.3929
03:02:01,3663709.9269
03:02:06,3682028.9503
03:02:11,3700439.9171
03:02:16,3718942.6968
03:02:21,3737537.8653
03:02:26,3756225.9186
03:02:31,3775007.189
03:02:36,3793882.7502
03:02:41,3812852.7583
03:02:46,3831918.0081
03:02:51,3851078.3326
03:02:56,3870334.7356
03:03:01,3889686.9229
03:03:06,3909136.173
03:03:11,3928682.4687
03:03:16,3948326.9344
03:03:21,3968068.7257
03:03:26,3987909.5812
03:03:31,4007850.1626
03:03:36,4027889.8565
03:03:41,4048030.1468
03:03:46,4068270.6342
03:03:51,4088612.0916
03:03:56,4109055.3452
03:04:01,4129601.5171
03:04:06,4150249.9437
03:04:11,4171001.3248
03:04:16,4191856.8384
03:04:21,4212816.8451
03:04:26,4233881.8265
03:04:31,4255052.1961
03:04:36,4276328.2768
03:04:41,4297710.157
03:04:46,4319199.673
03:04:51,4340796.7463
03:04:56,4362501.1993
03:05:01,4384314.784
03:05:06,4406236.5783
03:05:11,4428267.8984
03:05:16,4450409.7725
03:05:21,4472662.2333
03:05:26,4495026.5127
03:05:31,4517502.1292
03:05:36,4540089.9442
03:05:41,4562791.45
03:05:46,4585605.9433
03:05:51,4608534.212
03:05:56,4631577.9379
03:06:01,4654736.4189
03:06:06,4678010.5375
03:06:11,4701401.2336
03:06:16,4724908.9965
03:06:21,4748534.5623
03:06:26,4772277.7773
03:06:31,4796139.7564
03:06:36,4820120.7545
03:06:41,4844222.2484
03:06:46,4868443.8629
03:06:51,4892786.3324
03:06:56,4917251.0582
03:07:01,4941837.4961
03:07:06,4966547.0299
03:07:11,4991380.6728
03:07:16,5016337.7585
03:07:21,5041420.1806
03:07:26,5066627.7113
03:07:31,5091961.9073
03:07:36,5117422.3802
03:07:41,5143009.6449
03:07:46,5168724.8058
03:07:51,5194569.3609
03:07:56,5220542.817
03:08:01,5246646.5209
03:08:06,5272880.8194
03:08:11,5299246.1495
03:08:16,5325742.4956
03:08:21,5352371.6448
03:08:26,5379134.3319
03:08:31,5406030.1778
03:08:36,5433061.2974
03:08:41,5460227.2546
03:08:46,5487529.0494
03:08:51,5514967.1221
03:08:56,5542542.4715
03:09:01,5570255.7506
03:09:06,5598107.9196
03:09:11,5626098.6823
03:09:16,5654229.4233
03:09:21,5682500.8051
03:09:26,5710913.8336
03:09:31,5739469.1591
03:09:36,5768167.3489
03:09:41,5797009.14
03:09:46,5825994.366
03:09:51,5855125.2722
03:09:56,5884401.5802
03:10:01,5913824.442
03:10:06,5943393.746
03:10:11,5973110.8522
03:10:16,6002977.0783
03:10:21,6032992.9675
03:10:26,6063158.1587
03:10:31,6093474.5583
03:10:36,6123942.5704
03:10:41,6154563.1152
03:10:46,6185336.0624
03:10:51,6216263.6724
03:10:56,6247346.0508
03:11:01,6278583.8155
03:11:06,6309977.3777
03:11:11,6341527.6693
03:11:16,6373236.3123
03:11:21,6405103.1277
03:11:26,6437129.1729
03:11:31,6469314.9951
03:11:36,6501662.2398
03:11:41,6534171.5346
03:11:46,6566842.6527
03:11:51,6599677.1181
03:11:56,6632676.1689
03:12:01,6665839.8032
03:12:06,6699169.3831
03:12:11,6732666.178
03:12:16,6766330.2688
03:12:21,6800162.0717
03:12:26,6834163.7719
03:12:31,6868335.2016
03:12:36,6902677.8881
03:12:41,6937192.0971
03:12:46,6971878.8529
03:12:51,7006738.7678
03:12:56,7041772.5998
03:13:01,7076981.9102
03:13:06,7112367.4782
03:13:11,7147929.9744
03:13:16,7183669.7879
03:13:21,7219588.3979
03:13:26,7255687.1055
03:13:31,7291965.864
03:13:36,7328426.4778
03:13:42,7365069.2812
03:13:46,7401895.6298
03:13:51,7438905.8086
03:13:56,7476100.7943
03:14:01,7513481.493
03:14:06,7551049.9485
03:14:11,7588805.6953
03:14:16,7626750.0186
03:14:21,7664883.9008
03:14:26,7703209.2742
03:14:31,7741725.6362
03:14:36,7780435.1557
03:14:41,7819337.7715
03:14:46,7858435.2878
03:14:51,7897728.403
03:14:56,7937217.3409
03:15:01,7976903.9355
03:15:06,8016789.3222
03:15:11,8056873.8215
03:15:16,8097158.6333
03:15:21,8137645.1349
03:15:26,8178334.2342
03:15:31,8219226.0296
03:15:36,8260323.0252
03:15:41,8301625.0976
03:15:46,8343133.6218
03:15:51,8384849.4963
03:15:56,8426774.4203
03:16:01,8468908.6545
03:16:06,8511253.905
03:16:11,8553810.6097
03:16:16,8596580.4314
03:16:21,8639564.1931
03:16:26,8682763.1091
03:16:31,8726177.5198
03:16:36,8769809.0405
03:16:41,8813658.2983
03:16:46,8857726.7747
03:16:51,8902015.6313
03:16:56,8946526.3805
03:17:01,8991259.5133
03:17:06,9036216.5927
03:17:11,9081398.083
03:17:16,9126805.8098
03:17:21,9172439.9648
03:17:26,9218302.6119
03:17:31,9264394.7102
03:17:36,9310717.1779
03:17:41,9357271.8119
03:17:46,9404058.4201
03:17:51,9451079.7183
03:17:56,9498336.182
03:18:01,9545828.5234
03:18:06,9593558.217
03:18:11,9641526.9186
03:18:16,9689735.3113
03:18:21,9738184.7174
03:18:26,9786876.0607
03:18:31,9835811.2934
03:18:36,9884990.6879
03:18:41,9934415.7689
03:18:46,9984088.5869
03:18:51,1.00340091836E7
03:18:56,1.00841797084E7
03:19:01,1.01346016263E7
03:19:06,1.0185275622E7
03:19:11,1.02362025209E7
03:19:16,1.02873840558E7
03:19:21,1.03388219662E7
03:19:26,1.03905168329E7
03:19:31,1.04424702917E7
03:19:36,1.04946832228E7
03:19:41,1.05471572107E7
03:19:46,1.05998933117E7
03:19:51,1.06528930401E7
03:19:56,1.07061581501E7
03:20:01,1.07596896254E7
03:20:06,1.08134885283E7
03:20:11,1.08675566529E7
03:20:16,1.09218952434E7
03:20:21,1.09765051448E7
03:20:26,1.10313884845E7
03:20:31,1.10865464961E7
03:20:36,1.11419794993E7
03:20:41,1.11976899083E7
03:20:46,1.12536789391E7
03:20:51,1.13099478234E7
03:20:56,1.13664984702E7
03:21:01,1.14233311173E7
03:21:06,1.14804478961E7
03:21:11,1.15378511468E7
03:21:16,1.15955411156E7
03:21:21,1.16535198332E7
03:21:26,1.17117885116E7
03:21:31,1.17703478623E7
03:21:36,1.18292000245E7
03:21:41,1.18883470843E7
03:21:46,1.19477897394E7
03:21:51,1.20075288079E7
03:21:56,1.20675670609E7
03:22:01,1.2127904998E7
03:22:06,1.21885454797E7
03:22:11,1.22494889918E7
03:22:16,1.23107365998E7
03:22:21,1.23722909952E7
03:22:26,1.24341527267E7
03:22:31,1.24963242617E7
03:22:36,1.25588067149E7
03:22:41,1.26216009016E7
03:22:46,1.26847098663E7
03:22:51,1.27481337797E7
03:22:56,1.28118753699E7
03:23:01,1.28759351141E7
03:23:06,1.2940315366E7
03:23:11,1.30050175494E7
03:23:16,1.30700430479E7
03:23:21,1.31353942668E7
03:23:26,1.32010717347E7
03:23:31,1.32670776408E7
03:23:36,1.33334133192E7
03:23:41,1.34000810579E7
03:23:46,1.34670822545E7
03:23:51,1.35344181096E7
03:23:56,1.36020909662E7
03:24:01,1.36701015387E7
03:24:06,1.37384527511E7
03:24:11,1.380714531E7
03:24:16,1.38761819887E7
03:24:21,1.39455639105E7
03:24:26,1.40152925838E7
03:24:31,1.40853694976E7
03:24:36,1.41557972591E7
03:24:41,1.42265767061E7
03:24:46,1.42977102416E7
03:24:51,1.43691998187E7
03:24:56,1.44410467596E7
03:25:01,1.45132529153E7
03:25:06,1.45858202148E7
03:25:11,1.4658749488E7
03:25:16,1.47320435044E7
03:25:21,1.48057048114E7
03:25:26,1.48797337214E7
03:25:31,1.49541328747E7
03:25:36,1.50289041906E7
03:25:41,1.51040491688E7
03:25:46,1.51795700246E7
03:25:51,1.52554683198E7
03:25:56,1.53317459618E7
03:26:01,1.54084057565E7
03:26:06,1.54854484536E7
03:26:11,1.55628761292E7
03:26:16,1.56406906445E7
03:26:21,1.57188945476E7
03:26:26,1.57974900662E7
03:26:31,1.58764779667E7
03:26:36,1.59558613323E7
03:26:41,1.60356414431E7
03:26:46,1.61158200381E7
03:26:51,1.61963993193E7
03:26:56,1.62773819811E7
03:27:01,1.6358769096E7
03:27:06,1.64405639146E7
03:27:11,1.65227672813E7
03:27:16,1.66053821636E7
03:27:21,1.66884094949E7
03:27:26,1.67718519711E7
03:27:31,1.68557123037E7
03:27:36,1.69399912217E7
03:27:41,1.70246916311E7
03:27:46,1.71098160108E7
03:27:51,1.71953652666E7
03:27:56,1.72813424022E7
03:28:01,1.73677497127E7
03:28:06,1.74545887672E7
03:28:11,1.75418618431E7
03:28:16,1.76295720542E7
03:28:21,1.77177204056E7
03:28:26,1.78063100356E7
03:28:31,1.78953418384E7
03:28:36,1.79848193012E7
03:28:41,1.80747442666E7
03:28:46,1.81651190187E7
03:28:51,1.82559449904E7
03:28:56,1.8347225621E7
03:29:01,1.84389623138E7
03:29:06,1.85311579091E7
03:29:11,1.86238140941E7
03:29:16,1.87169336296E7
03:29:21,1.88105186825E7
03:29:26,1.89045722548E7
03:29:31,1.89990954066E7
03:29:36,1.90940913617E7
03:29:41,1.91895625241E7
03:29:46,1.92855106087E7
03:29:51,1.93819383993E7
03:29:56,1.94788489879E7
03:30:01,1.95762435733E7
03:30:06,1.9674125795E7
03:30:11,1.97724973176E7
03:30:16,1.98713600816E7
03:30:21,1.99707170362E7
03:30:26,2.00705707821E7
03:30:31,2.01709244803E7
03:30:36,2.0271779557E7
03:30:41,2.03731389549E7
03:30:46,2.0475004925E7
03:30:51,2.05773801317E7
03:30:56,2.06802674888E7
03:31:01,2.07836697045E7
03:31:06,2.08875882099E7
03:31:11,2.09920271643E7
03:31:16,2.109698794E7
03:31:21,2.12024739717E7
03:31:26,2.13084871531E7
03:31:31,2.14150299226E7
03:31:36,2.15221059565E7
03:31:41,2.16297173474E7
03:31:46,2.17378669161E7
03:31:51,2.18465566633E7
03:31:56,2.19557900415E7
03:32:01,2.2065569187E7
03:32:06,2.21758972153E7
03:32:11,2.22867772304E7
03:32:16,2.2398212099E7
03:32:21,2.25102037742E7
03:32:26,2.26227552006E7
03:32:31,2.27358694028E7
03:32:36,2.28495496878E7
03:32:41,2.29637980775E7
03:32:46,2.30786180114E7
03:32:51,2.31940116484E7
03:32:56,2.33099827425E7
03:33:01,2.34265330904E7
03:33:06,2.35436667595E7
03:33:11,2.3661385849E7
03:33:16,2.37796933972E7
03:33:21,2.38985927855E7
03:33:26,2.40180859461E7
03:33:31,2.41381772095E7
03:33:36,2.4258868626E7
03:33:41,2.43801634383E7
03:33:46,2.45020645917E7
03:33:51,2.46245758692E7
03:33:56,2.474769893E7
03:34:01,2.48714377995E7
03:34:06,2.49957956143E7
03:34:11,2.51207748086E7
03:34:16,2.52463794629E7
03:34:21,2.53726119557E7
03:34:26,2.54994752879E7
03:34:32,2.56269732127E7
03:34:36,2.57551082267E7
03:34:42,2.58838842739E7
03:34:47,2.60133041024E7
03:34:52,2.61433708149E7
03:34:57,2.62740884343E7
03:35:02,2.64054596304E7
03:35:07,2.65374875303E7
03:35:12,2.66701756877E7
03:35:17,2.68035274772E7
03:35:22,2.69375461741E7
03:35:27,2.70722341114E7
03:35:32,2.72075959897E7
03:35:37,2.73436341571E7
03:35:42,2.74803528014E7
03:35:47,2.76177555774E7
03:35:52,2.77558444746E7
03:35:57,2.78946245868E7
03:36:02,2.80340983815E7
03:36:07,2.81742690783E7
03:36:12,2.83151414995E7
03:36:17,2.84567181049E7
03:36:22,2.85990024954E7
03:36:27,2.87419976138E7
03:36:32,2.8885708549E7
03:36:37,2.90301380431E7
03:36:42,2.91752893987E7
03:36:47,2.93211666082E7
03:36:52,2.94677729522E7
03:36:57,2.96151124569E7
03:37:02,2.97631882371E7
03:37:07,2.99120049206E7
03:37:12,3.00615656504E7
03:37:17,3.02118743399E7
03:37:22,3.03629345932E7
03:37:27,3.05147502072E7
03:37:32,3.06673249811E7
03:37:37,3.08206619106E7
03:37:42,3.09747662986E7
03:37:47,3.11296402767E7
03:37:52,3.12852890771E7
03:37:57,3.14417158763E7
03:38:02,3.15989253369E7
03:38:07,3.1756920273E7
03:38:12,3.19157052185E7
03:38:17,3.20752846033E7
03:38:22,3.22356613219E7
03:38:27,3.23968405338E7
03:38:32,3.25588253593E7
03:38:37,3.27216203648E7
03:38:42,3.28852295626E7
03:38:47,3.30496560824E7
03:38:52,3.32149052248E7
03:38:57,3.33809803942E7
03:39:02,3.35478858019E7
03:39:07,3.3715625754E7
03:39:12,3.38842044609E7
03:39:17,3.40536256067E7
03:39:22,3.42238944768E7
03:39:27,3.43950148984E7
03:39:32,3.45669910394E7
03:39:37,3.47398267237E7
03:39:42,3.49135263493E7
03:39:47,3.50880940813E7
03:39:52,3.52635347558E7
03:39:57,3.54398532261E7
03:40:02,3.56170530619E7
03:40:07,3.57951385924E7
03:40:12,3.59741150583E7
03:40:17,3.6153986031E7
03:40:22,3.63347563387E7
03:40:27,3.65164302698E7
03:40:32,3.66990135127E7
03:40:37,3.68825093521E7
03:40:42,3.70669226667E7
03:40:47,3.72522579388E7
03:40:52,3.74385197729E7
03:40:57,3.76257129154E7
03:41:02,3.78138421358E7
03:41:07,3.80029119591E7
03:41:12,3.81929276078E7
03:41:17,3.83838929267E7
03:41:22,3.85758129081E7
03:41:27,3.87686925883E7
03:41:32,3.89625366959E7
03:41:37,3.9157350199E7
03:41:42,3.93531372236E7
03:41:47,3.95499038253E7
03:41:52,3.97476534867E7
03:41:57,3.99463925979E7
03:42:02,4.01461252047E7
03:42:07,4.03468559671E7
03:42:12,4.05485909733E7
03:42:17,4.07513345747E7
03:42:22,4.09550917807E7
03:42:27,4.11598679365E7
03:42:32,4.13656681315E7
03:42:37,4.1572497365E7
03:42:42,4.17803607702E7
03:42:47,4.19892635499E7
03:42:52,4.21992106795E7
03:42:57,4.24102071443E7
03:43:02,4.26222587587E7
03:43:07,4.28353708772E7
03:43:12,4.3049547987E7
03:43:17,4.32647961982E7
03:43:22,4.34811204038E7
03:43:27,4.36985263548E7
03:43:32,4.39170200683E7
03:43:37,4.4136605917E7
03:43:42,4.43572891595E7
03:43:47,4.45790761245E7
03:43:52,4.48019720394E7
03:43:57,4.50259821204E7
03:44:02,4.52511130253E7
03:44:07,4.5477369389E7
03:44:12,4.57047571904E7
03:44:17,4.59332813436E7
03:44:22,4.61629487208E7
03:44:27,4.63937644311E7
03:44:32,4.66257338585E7
03:44:37,4.68588626815E7
03:44:42,4.70931576023E7
03:44:47,4.73286239469E7
03:44:52,4.75652672311E7
03:44:57,4.78030943149E7
03:45:02,4.80421103709E7
03:45:07,4.82823214189E7
03:45:12,4.85237335213E7
03:45:17,4.87663529068E7
03:45:22,4.90101849109E7
03:45:27,4.9255236157E7
03:45:32,4.9501512534E7
03:45:37,4.97490205592E7
03:45:42,4.9997765953E7
03:45:47,5.0247755363E7
03:45:52,5.04989949332E7
03:45:57,5.07514908593E7
03:46:02,5.10052488135E7
03:46:07,5.12602757025E7
03:46:12,5.15165775837E7
03:46:17,5.1774161505E7
03:46:22,5.20330328014E7
03:46:27,5.22931984668E7
03:46:32,5.25546652086E7
03:46:37,5.28174386617E7
03:46:42,5.30815264992E7
03:46:47,5.33469351099E7
03:46:52,5.36136707171E7
03:46:57,5.38817395462E7
03:47:02,5.41511485144E7
03:47:07,5.44219049573E7
03:47:12,5.46940153605E7
03:47:17,5.49674858515E7
03:47:22,5.52423240543E7
03:47:27,5.55185366236E7
03:47:32,5.57961301758E7
03:47:37,5.60751110153E7
03:47:42,5.63554875487E7
03:47:47,5.66372653488E7
03:47:52,5.69204518246E7
03:47:57,5.7205054537E7
03:48:02,5.74910799166E7
03:48:07,5.77785362007E7
03:48:12,5.80674296793E7
03:48:17,5.8357767364E7
03:48:22,5.86495571212E7
03:48:27,5.89428056214E7
03:48:32,5.92375198554E7
03:48:37,5.95337081025E7
03:48:42,5.98313768573E7
03:48:47,6.01305346909E7
03:48:52,6.04311878879E7
03:48:57,6.07333440117E7
03:49:02,6.10370117893E7
03:49:07,6.13421971901E7
03:49:12,6.16489082895E7
03:49:17,6.19571538801E7
03:49:22,6.22669404688E7
03:49:27,6.25782758949E7
03:49:32,6.28911678124E7
03:49:37,6.32056238697E7
03:49:42,6.35216522376E7
03:49:47,6.38392612077E7
03:49:52,6.41584577765E7
03:49:57,6.44792509906E7
03:50:02,6.48016476033E7
03:50:07,6.51256563133E7
03:50:12,6.54512856593E7
03:50:17,6.57785424101E7
03:50:22,6.61074353572E7
03:50:27,6.64379733551E7
03:50:32,6.67701642535E7
03:50:37,6.71040156302E7
03:50:42,6.74395365134E7
03:50:47,6.77767352672E7
03:50:52,6.81156197448E7
03:50:57,6.84561981253E7
03:51:02,6.87984800379E7
03:51:07,6.91424728684E7
03:51:12,6.94881854891E7
03:51:17,6.98356275021E7
03:51:22,7.01848064119E7
03:51:27,7.05357308812E7
03:51:32,7.08884102637E7
03:51:37,7.12428532552E7
03:51:42,7.15990680433E7
03:51:47,7.1957063624E7
03:51:52,7.23168496265E7
03:51:57,7.2678434376E7
03:52:02,7.30418269732E7
03:52:07,7.34070365039E7
03:52:12,7.37740723409E7
03:52:17,7.41429435467E7
03:52:22,7.45136588102E7
03:52:27,7.48862280103E7
03:52:32,7.52606597811E7
03:52:37,7.56369637981E7
03:52:42,7.60151494762E7
03:52:47,7.63952257485E7
03:52:52,7.67772027314E7
03:52:57,7.71610891718E7
03:53:02,7.75468953042E7
03:53:07,7.79346302725E7
03:53:12,7.83243036247E7
03:53:17,7.87159260838E7
03:53:22,7.91095061468E7
03:53:27,7.95050540501E7
03:53:32,7.9902579446E7
03:53:37,8.03020927654E7
03:53:42,8.07036036025E7
03:53:47,8.11071227058E7
03:53:52,8.15126587656E7
03:53:57,8.19202228338E7
03:54:02,8.23298246804E7
03:54:07,8.27414741048E7
03:54:12,8.31551819265E7
03:54:17,8.35709584411E7
03:54:22,8.39888139401E7
03:54:27,8.44087586775E7
03:54:32,8.48308031906E7
03:54:37,8.52549581238E7
03:54:42,8.56812336691E7
03:54:47,8.61096404408E7
03:54:52,8.65401897309E7
03:54:57,8.69728909173E7
03:55:02,8.7407756173E7
03:55:07,8.78447956336E7
03:55:12,8.82840201623E7
03:55:17,8.87254408776E7
03:55:22,8.91690688426E7
03:55:27,8.96149144004E7
03:55:32,9.00629893625E7
03:55:37,9.05133053914E7
03:55:42,9.09658729708E7
03:55:47,9.14207032934E7
03:55:52,9.18778074915E7
03:55:57,9.2337197379E7
03:56:02,9.27988838952E7
03:56:07,9.32628786215E7
03:56:12,9.37291933884E7
03:56:17,9.41978400148E7
03:56:22,9.46688301298E7
03:56:27,9.51421747109E7
03:56:32,9.56178865633E7
03:56:37,9.60959768728E7
03:56:42,9.65764578069E7
03:56:47,9.7059340824E7
03:56:52,9.75446384268E7
03:56:57,9.80323626427E7
03:57:02,9.85225246582E7
03:57:07,9.90151379223E7
03:57:12,9.95102145575E7
03:57:17,1.000077658988E8
03:57:22,1.00507804967E8
03:57:27,1.010103443161E8
03:57:32,1.01515396469E8
03:57:37,1.02022974369E8
03:57:42,1.025330897455E8
03:57:47,1.030457561689E8
03:57:52,1.035609860491E8
03:57:57,1.040787919339E8
03:58:02,1.045991869348E8
03:58:07,1.051221834575E8
03:58:12,1.05647794583E8
03:58:17,1.061760345213E8
03:58:22,1.067069148376E8
03:58:27,1.072404503753E8
03:58:32,1.077766527974E8
03:58:37,1.083155366737E8
03:58:42,1.088571152677E8
03:58:47,1.094014011082E8
03:58:52,1.099484087004E8
03:58:57,1.104981511172E8
03:59:02,1.11050642763E8
03:59:07,1.116058962287E8
03:59:12,1.121639258971E8
03:59:17,1.127247460998E8
03:59:22,1.132883708301E8
03:59:27,1.138548133138E8
03:59:32,1.144240879375E8
03:59:37,1.149962093506E8
03:59:42,1.155711909148E8
03:59:47,1.161490472576E8
03:59:52,1.167297932911E8
03:59:57,1.173134425015E8
04:00:02,1.179000107599E8
04:00:07,1.184895113458E8
04:00:12,1.190819594615E8
04:00:17,1.196773703466E8
04:00:22,1.202757575829E8
04:00:27,1.208771374227E8
04:00:32,1.214815241529E8
04:00:37,1.22088932196E8
04:00:42,1.226993773393E8
04:00:47,1.233128747237E8
04:00:52,1.239294394261E8
04:00:57,1.245490876948E8
04:01:02,1.251718341914E8
04:01:07,1.257976935144E8
04:01:12,1.2642668291E8
04:01:17,1.270588166834E8
04:01:22,1.276941112718E8
04:01:27,1.283325822049E8
04:01:32,1.289742460109E8
04:01:37,1.296191178737E8
04:01:42,1.302672139408E8
04:01:47,1.309185508865E8
04:01:52,1.315731444338E8
04:01:57,1.322310106686E8
04:02:02,1.328921665291E8
04:02:07,1.335566278829E8
04:02:12,1.34224412045E8
04:02:17,1.348955349974E8
04:02:22,1.355700130376E8
04:02:27,1.362478638654E8
04:02:32,1.369291038442E8
04:02:37,1.376137501456E8
04:02:42,1.383018191461E8
04:02:47,1.389933289737E8
04:02:52,1.396882958055E8
04:02:57,1.403867376178E8
04:03:02,1.410886720612E8
04:03:07,1.417941164771E8
04:03:12,1.425030875155E8
04:03:17,1.432156034054E8
04:03:22,1.439316821686E8
04:03:27,1.446513408051E8
04:03:32,1.453745986046E8
04:03:37,1.461014717265E8
04:03:42,1.468319794363E8
04:03:47,1.475661400917E8
04:03:52,1.483039715064E8
04:03:57,1.490454916571E8
04:04:02,1.497907196914E8
04:04:07,1.505396735756E8
04:04:12,1.512923725618E8
04:04:17,1.52048834821E8
04:04:22,1.528090792963E8
04:04:27,1.535731256246E8
04:04:32,1.543409922991E8
04:04:37,1.551126977444E8
04:04:42,1.558882618236E8
04:04:47,1.566677033148E8
04:04:52,1.574510428919E8
04:04:57,1.582382991058E8
04:05:02,1.590294913916E8
04:05:07,1.59824639835E8
04:05:12,1.606237633958E8
04:05:17,1.614268831513E8
04:05:22,1.62234018536E8
04:05:27,1.630451889998E8
04:05:32,1.638604155466E8
04:05:37,1.646797179613E8
04:05:42,1.655031167693E8
04:05:47,1.663306325992E8
04:05:52,1.67162286817E8
04:05:57,1.679980991661E8
04:06:02,1.688380907338E8
04:06:07,1.696822815156E8
04:06:12,1.705306935218E8
04:06:17,1.713833478418E8
04:06:22,1.722402653565E8
04:06:27,1.73101466974E8
04:06:32,1.739669752529E8
04:06:37,1.748368103597E8
04:06:42,1.757109949981E8
04:06:47,1.765895502335E8
04:06:52,1.774724989227E8
04:06:57,1.783598619959E8
04:07:02,1.792516617055E8
04:07:07,1.801479209565E8
04:07:12,1.810486615425E8
04:07:17,1.819539058863E8
04:07:22,1.828636764926E8
04:07:27,1.837779958299E8
04:07:32,1.84696886162E8
04:07:37,1.856203714943E8
04:07:42,1.865484737967E8
04:07:47,1.874812168826E8
04:07:52,1.884186233636E8
04:07:57,1.89360717074E8
04:08:02,1.903075209068E8
04:08:07,1.912590590401E8
04:08:12,1.922153552546E8
04:08:17,1.931764329292E8
04:08:22,1.941423159461E8
04:08:27,1.95113027762E8
04:08:32,1.96088593065E8
04:08:37,1.970690367547E8
04:08:42,1.980543826417E8
04:08:47,1.990446546998E8
04:08:52,2.000398781792E8
04:08:57,2.010400782514E8
04:09:02,2.020452796084E8
04:09:07,2.030555064766E8
04:09:12,2.040707843485E8
04:09:17,2.050911384621E8
04:09:22,2.061165945548E8
04:09:27,2.071471777798E8
04:09:32,2.081829137937E8
04:09:37,2.092238287213E8
04:09:42,2.102699488347E8
04:09:47,2.113212993412E8
04:09:52,2.123779063671E8
04:09:57,2.134397968416E8
04:10:02,2.145069968602E8
04:10:07,2.155795320597E8
04:10:12,2.166574305292E8
04:10:17,2.177407184422E8
04:10:22,2.188294223935E8
04:10:27,2.199235704902E8
04:10:32,2.210231893675E8
04:10:37,2.221283061838E8
04:10:42,2.232389481563E8
04:10:47,2.243551433402E8
04:10:52,2.254769194831E8
04:10:57,2.266043041887E8
04:11:02,2.277373265625E8
04:11:07,2.28876013945E8
04:11:12,2.300203946881E8
04:11:17,2.311704971601E8
04:11:22,2.323263502442E8
04:11:27,2.334879825931E8
04:11:32,2.34655423311E8
04:11:37,2.358287007484E8
04:11:42,2.370078446761E8
04:11:47,2.381928841032E8
04:11:52,2.393838489386E8
04:11:57,2.40580768371E8
04:12:02,2.417836732237E8
04:12:07,2.42992592027E8
04:12:12,2.442075558657E8
04:12:17,2.454285940847E8
04:12:22,2.466557380833E8
04:12:27,2.478890169458E8
04:12:32,2.491284623002E8
04:12:37,2.50374105701E8
04:12:42,2.516259769735E8
04:12:47,2.528841071439E8
04:12:52,2.54148528462E8
04:12:57,2.554192719354E8
04:13:02,2.566963684394E8
04:13:07,2.579798509998E8
04:13:12,2.592697506853E8
04:13:17,2.605661004857E8
04:13:22,2.61868931984E8
04:13:27,2.631782772498E8
04:13:32,2.644941692322E8
04:13:37,2.658166407338E8
04:13:42,2.671457240856E8
04:13:47,2.6848145319E8
04:13:52,2.69823861209E8
04:13:57,2.711729809823E8
04:14:02,2.725288468629E8
04:14:07,2.73891491935E8
04:14:12,2.75260950053E8
04:14:17,2.766372551982E8
04:14:22,2.780204419853E8
04:14:27,2.794105446903E8
04:14:32,2.808075978832E8
04:14:37,2.822116369613E8
04:14:42,2.836226958077E8
04:14:47,2.85040809919E8
04:14:52,2.864660143891E8
04:14:57,2.878983450352E8
04:15:02,2.893378371522E8
04:15:07,2.907845270071E8
04:15:12,2.922384499362E8
04:15:17,2.936996430998E8
04:15:22,2.951681416201E8
04:15:27,2.966439830227E8
04:15:32,2.981272040228E8
04:15:37,2.996178410675E8
04:15:42,3.011159304064E8
04:15:47,3.026215108934E8
04:15:52,3.041346191398E8
04:15:57,3.056552924548E8
04:16:02,3.071835691693E8
04:16:07,3.087194877201E8
04:16:12,3.102630861883E8
04:16:17,3.118144025822E8
04:16:22,3.133734754966E8
04:16:27,3.149403435352E8
04:16:32,3.165150454502E8
04:16:37,3.180976209682E8
04:16:42,3.19688109461E8
04:16:47,3.212865504407E8
04:16:52,3.228929837081E8
04:16:57,3.245074496388E8
04:17:02,3.261299876105E8
04:17:07,3.27760638557E8
04:17:12,3.293994421958E8
04:17:17,3.310464398224E8
04:17:22,3.327016723295E8
04:17:27,3.343651808027E8
04:17:32,3.360370074154E8
04:17:37,3.377171928119E8
04:17:42,3.394057797018E8
04:17:47,3.411028096528E8
04:17:52,3.428083242292E8
04:17:57,3.445223661226E8
04:18:02,3.462449783064E8
04:18:07,3.479762042612E8
04:18:12,3.497160857949E8
04:18:17,3.514646670085E8
04:18:22,3.532219911418E8
04:18:27,3.549881015866E8
04:18:32,3.56763042396E8
04:18:37,3.585468585953E8
04:18:42,3.603395935608E8
04:18:47,3.621412917055E8
04:18:52,3.639519990403E8
04:18:57,3.657717600732E8
04:19:02,3.676006196069E8
04:19:07,3.694386229507E8
04:19:12,3.712858165652E8
04:19:17,3.731422459603E8
04:19:22,3.750079580023E8
04:19:27,3.768829981113E8
04:19:32,3.787674134559E8
04:19:37,3.80661251385E8
04:19:42,3.825645578964E8
04:19:47,3.844773809839E8
04:19:52,3.863997688464E8
04:19:57,3.883317678529E8
04:20:02,3.902734269806E8
04:20:07,3.922247944073E8
04:20:12,3.941859191313E8
04:20:17,3.961568491946E8
04:20:22,3.981376339699E8
04:20:27,4.001283224725E8
04:20:32,4.021289646594E8
04:20:37,4.041396098864E8
04:20:42,4.061603084575E8
04:20:47,4.0819111035E8
04:20:52,4.102320665489E8
04:20:57,4.122832278118E8
04:21:02,4.143446443695E8
04:21:07,4.164163677414E8
04:21:12,4.184984499891E8
04:21:17,4.20590942808E8
04:21:22,4.226938983797E8
04:21:27,4.248073685807E8
04:21:32,4.269314057164E8
04:21:37,4.290660637548E8
04:21:42,4.312113949532E8
04:21:47,4.333674528294E8
04:21:52,4.355342904195E8
04:21:57,4.377119624554E8
04:22:02,4.399005229274E8
04:22:07,4.421000266221E8
04:22:12,4.443105272311E8
04:22:17,4.465320801E8
04:22:22,4.487647410447E8
04:22:27,4.510085655309E8
04:22:32,4.532636091963E8
04:22:37,4.555299273887E8
04:22:42,4.578075778705E8
04:22:47,4.600966164151E8
04:22:52,4.623971000818E8
04:22:57,4.647090864684E8
04:23:02,4.670326324306E8
04:23:07,4.693677966553E8
04:23:12,4.717146361069E8
04:23:17,4.740732094205E8
04:23:22,4.764435762186E8
04:23:27,4.788257945379E8
04:23:32,4.81219924116E8
04:23:37,4.836260239314E8
04:23:42,4.860441545403E8
04:23:47,4.884743762256E8
04:23:52,4.909167489796E8
04:23:57,4.93371333502E8
04:24:02,4.958381910474E8
04:24:07,4.983173828889E8
04:24:12,5.008089708532E8
04:24:17,5.033130162638E8
04:24:22,5.058295822353E8
04:24:27,5.083587308418E8
04:24:32,5.109005247102E8
04:24:37,5.134550274852E8
04:24:42,5.160223030522E8
04:24:47,5.186024155968E8
04:24:52,5.21195428718E8
04:24:57,5.238014061934E8
04:25:02,5.264204139556E8
04:25:07,5.290525168922E8
04:25:12,5.316977804361E8
04:25:17,5.34356270114E8
04:25:22,5.370280520144E8
04:25:27,5.397131930434E8
04:25:32,5.424117600085E8
04:25:37,5.451238194079E8
04:25:42,5.478494394389E8
04:25:47,5.505886877259E8
04:25:52,5.533416321649E8
04:25:57,5.561083414228E8
04:26:02,5.588888832875E8
04:26:08,5.616833279009E8
04:26:12,5.644917450561E8
04:26:17,5.673142046566E8
04:26:22,5.70150776626E8
04:26:27,5.730015308533E8
04:26:32,5.758665394718E8
04:26:37,5.787458729317E8
04:26:42,5.81639603152E8
04:26:47,5.845478019389E8
04:26:52,5.874705414631E8
04:26:57,5.90407894342E8
04:27:02,5.93359933936E8
04:27:07,5.963267340393E8
04:27:12,5.993083678579E8
04:27:17,6.023049105902E8
04:27:22,6.053164359082E8
04:27:27,6.0834301905E8
04:27:32,6.113847344432E8
04:27:37,6.144416588803E8
04:27:42,6.175138674591E8
04:27:47,6.206014372359E8
04:27:52,6.237044445281E8
04:27:57,6.268229672209E8
04:28:02,6.299570823475E8
04:28:07,6.331068681223E8
04:28:12,6.362724033765E8
04:28:17,6.394537660913E8
04:28:22,6.426510352569E8
04:28:27,6.458642906635E8
04:28:32,6.49093613037E8
04:28:37,6.523390813224E8
04:28:42,6.556007776835E8
04:28:47,6.588787820154E8
04:28:52,6.621731766132E8
04:28:57,6.654840431906E8
04:29:02,6.688114638564E8
04:29:07,6.721555216777E8
04:29:12,6.755162994012E8
04:29:17,6.788938811378E8
04:29:22,6.822883510153E8
04:29:27,6.856997933297E8
04:29:32,6.891282933316E8
04:29:37,6.925739350607E8
04:29:42,6.960368056754E8
04:29:47,6.99516990572E8
04:29:52,7.030145765731E8
04:29:57,7.065296504666E8
04:30:02,7.100622988699E8
04:30:07,7.136126110634E8
04:30:12,7.171806750729E8
04:30:17,7.207665795474E8
04:30:22,7.243704134718E8
04:30:27,7.279922662944E8
04:30:32,7.316322282727E8
04:30:37,7.352903896641E8
04:30:42,7.389668426325E8
04:30:47,7.426616772753E8
04:30:52,7.463749865828E8
04:30:57,7.501068623141E8
04:31:02,7.53857397379E8
04:31:07,7.576266851851E8
04:31:12,7.614148191181E8
04:31:17,7.652218942576E8
04:31:22,7.690480042852E8
04:31:28,7.728932449575E8
04:31:32,7.767577117083E8
04:31:38,7.806415005543E8
04:31:43,7.845447083627E8
04:31:47,7.884674327767E8
04:31:53,7.924097709991E8
04:31:58,7.963718206062E8
04:32:03,8.003536807922E8
04:32:08,8.043554498061E8
04:32:13,8.083772274689E8
04:32:18,8.124191138367E8
04:32:23,8.164812099596E8
04:32:28,8.205636170729E8
04:32:33,8.246664358408E8
04:32:38,8.28789768803E8
04:32:43,8.32933718058E8
04:32:48,8.370983875213E8
04:32:53,8.41283880125E8
04:32:58,8.454902998944E8
04:33:03,8.497177518634E8
04:33:08,8.539663411398E8
04:33:13,8.582361730232E8
04:33:18,8.625273546456E8
04:33:23,8.668399919475E8
04:33:28,8.711741922908E8
04:33:33,8.755300641406E8
04:33:38,8.799077155427E8
04:33:43,8.843072550493E8
04:33:48,8.887287915827E8
04:33:53,8.931724357244E8
04:33:58,8.976382987627E8
04:34:03,9.021264907806E8
04:34:08,9.066371241174E8
04:34:13,9.111703104258E8
04:34:18,9.157261623945E8
04:34:23,9.203047934488E8
04:34:28,9.24906318124E8
04:34:33,9.295308505621E8
04:34:38,9.341785054367E8
04:34:43,9.388493982954E8
04:34:48,9.435436461911E8
04:34:53,9.482613646589E8
04:34:58,9.530026720673E8
04:35:03,9.577676860999E8
04:35:08,9.625565247437E8
04:35:13,9.673693084593E8
04:35:18,9.722061552468E8
04:35:23,9.770671866196E8
04:35:28,9.819525232806E8
04:35:33,9.868622864464E8
04:35:38,9.917965989367E8
04:35:43,9.967555826152E8
04:35:48,1.0017393607789E9
04:35:53,1.0067480585786E9
04:35:58,1.0117817994019E9
04:36:03,1.0168407086242E9
04:36:08,1.0219249132039E9
04:36:13,1.0270345382534E9
04:36:18,1.0321697117709E9
04:36:23,1.0373305605094E9
04:36:28,1.0425172140749E9
04:36:33,1.0477298006363E9
04:36:38,1.0529684499322E9
04:36:43,1.0582332926178E9
04:36:48,1.0635244593742E9
04:36:53,1.0688420826781E9
04:36:58,1.0741862941423E9
04:37:03,1.0795572259665E9
04:37:08,1.0849550129176E9
04:37:13,1.0903797886128E9
04:37:18,1.0958316885981E9
04:37:23,1.1013108480684E9
04:37:28,1.1068174031277E9
04:37:33,1.1123514909976E9
04:37:38,1.1179132493849E9
04:37:43,1.123502815917E9
04:37:48,1.1291203309782E9
04:37:53,1.1347659334983E9
04:37:58,1.1404397639575E9
04:38:03,1.1461419632116E9
04:38:08,1.151872673534E9
04:38:13,1.157632037872E9
04:38:18,1.1634201982743E9
04:38:23,1.1692373003556E9
04:38:28,1.1750834871556E9
04:38:33,1.1809589054473E9
04:38:38,1.1868637001655E9
04:38:43,1.1927980194628E9
04:38:48,1.1987620104071E9
04:38:53,1.204755821409E9
04:38:58,1.2107796011263E9
04:39:03,1.2168334996525E9
04:39:08,1.2229176678651E9
04:39:13,1.2290322567932E9
04:39:18,1.2351774181879E9
04:39:23,1.2413533058954E9
04:39:28,1.247560072896E9
04:39:33,1.2537978740551E9
04:39:38,1.2600668639626E9
04:39:43,1.2663671987024E9
04:39:48,1.2726990350205E9
04:39:53,1.2790625303147E9
04:39:58,1.2854578432024E9
04:40:03,1.2918851330724E9
04:40:08,1.2983445589579E9
04:40:13,1.3048362819781E9
04:40:18,1.3113604640815E9
04:40:23,1.3179172667001E9
04:40:28,1.3245068538846E9
04:40:33,1.3311293883225E9
04:40:38,1.3377850356074E9
04:40:43,1.3444739615577E9
04:40:48,1.3511963322432E9
04:40:53,1.3579523142132E9
04:40:58,1.3647420761851E9
04:41:03,1.3715657868587E9
04:41:08,1.378423616124E9
04:41:13,1.3853157344538E9
04:41:18,1.3922423141567E9
04:41:23,1.3992035258351E9
04:41:28,1.40619954364E9
04:41:33,1.4132305414978E9
04:41:38,1.4202966944744E9
04:41:43,1.4273981781937E9
04:41:48,1.4345351695068E9
04:41:53,1.4417078457257E9
04:41:58,1.4489163855526E9
04:42:03,1.4561609681736E9
04:42:08,1.4634417739387E9
04:42:13,1.4707589831014E9
04:42:18,1.4781127782842E9
04:42:23,1.4855033423927E9
04:42:28,1.4929308596595E9
04:42:33,1.5003955143818E9
04:42:38,1.5078974930073E9
04:42:43,1.5154369810012E9
04:42:48,1.5230141665855E9
04:42:53,1.5306292381467E9
04:42:58,1.5382823853559E9
04:43:03,1.54597379746E9
04:43:08,1.553703666853E9
04:43:13,1.5614721859605E9
04:43:18,1.5692795472718E9
04:43:23,1.5771259457102E9
04:43:28,1.5850115758198E9
04:43:33,1.5929366346334E9
04:43:38,1.6009013183062E9
04:43:43,1.6089058252393E9
04:43:48,1.616950355453E9
04:43:53,1.6250351079868E9
04:43:58,1.6331602842376E9
04:44:03,1.6413260867004E9
04:44:08,1.6495327179853E9
04:44:13,1.6577803817276E9
04:44:18,1.6660692839905E9
04:44:23,1.6743996307951E9
04:44:28,1.6827716297196E9
04:44:33,1.6911854885862E9
04:44:38,1.6996414162833E9
04:44:43,1.7081396239575E9
04:44:48,1.7166803228449E9
04:44:53,1.7252637250937E9
04:44:58,1.7338900446843E9
04:45:03,1.7425594955909E9
04:45:08,1.7512722935655E9
04:45:13,1.7600286552776E9
04:45:18,1.768828799541E9
04:45:23,1.7776729443083E9
04:45:28,1.7865613098365E9
04:45:33,1.7954941166759E9
04:45:38,1.8044715882209E9
04:45:43,1.8134939470713E9
04:45:48,1.8225614170459E9
04:45:53,1.8316742242946E9
04:45:58,1.8408325959628E9
04:46:03,1.8500367591533E9
04:46:08,1.8592869434769E9
04:46:13,1.868583378808E9
04:46:18,1.8779262962401E9
04:46:23,1.8873159287554E9
04:46:28,1.8967525090727E9
04:46:33,1.9062362719454E9
04:46:38,1.9157674540366E9
04:46:43,1.9253462921258E9
04:46:48,1.9349730241811E9
04:46:53,1.9446478902591E9
04:46:58,1.9543711303205E9
04:47:03,1.9641429861375E9
04:47:08,1.9739637019555E9
04:47:13,1.9838335208805E9
04:47:18,1.9937526889254E9
04:47:23,2.0037214526778E9
04:47:28,2.0137400604507E9
04:47:33,2.0238087617275E9
04:47:38,2.0339278057219E9
04:47:43,2.0440974449669E9
04:47:48,2.0543179323837E9
04:47:53,2.0645895224434E9
04:47:58,2.0749124703254E9
04:48:03,2.0852870337462E9
04:48:08,2.0957134692519E9
04:48:13,2.1061920373815E9
04:48:18,2.1167229983956E9
04:48:23,2.1273066143089E9
04:48:28,2.1379431479584E9
04:48:33,2.1486328646071E9
04:48:38,2.1593760292569E9
04:48:43,2.1701729096443E9
04:48:48,2.1810237751118E9
04:48:53,2.1919288944198E9
04:48:58,2.2028885398085E9
04:49:03,2.2139029827446E9
04:49:08,2.224972498567E9
04:49:13,2.2360973615775E9
04:49:18,2.247277848994E9
04:49:23,2.258514238581E9
04:49:28,2.269806810294E9
04:49:33,2.2811558450925E9
04:49:38,2.2925616249293E9
04:49:43,2.3040244340376E9
04:49:48,2.315544556854E9
04:49:53,2.3271222804302E9
04:49:58,2.3387578928024E9
04:50:03,2.3504516830442E9
04:50:08,2.3622039422779E9
04:50:13,2.3740149630603E9
04:50:18,2.3858850389454E9
04:50:23,2.3978144651694E9
04:50:28,2.4098035382277E9
04:50:33,2.4218525564277E9
04:50:38,2.433961819406E9
04:50:43,2.4461316290328E9
04:50:48,2.4583622882039E9
04:50:53,2.4706540999379E9
04:50:58,2.4830073712981E9
04:51:03,2.4954224087948E9
04:51:08,2.5078995211515E9
04:51:13,2.5204390197583E9
04:51:18,2.5330412152944E9
04:51:23,2.5457064222623E9
04:51:28,2.5584349554668E9
04:51:33,2.5712271303876E9
04:51:38,2.5840832668702E9
04:51:43,2.5970036840428E9
04:51:48,2.6099887027725E9
04:51:53,2.6230386463958E9
04:51:58,2.6361538406901E9
04:52:03,2.6493346106092E9
04:52:08,2.6625812845116E9
04:52:13,2.6758941914749E9
04:52:18,2.689273662806E9
04:52:23,2.702720032064E9
04:52:28,2.7162336330178E9
04:52:33,2.7298148014713E9
04:52:38,2.7434638755941E9
04:52:43,2.757181195856E9
04:52:48,2.770967102778E9
04:52:53,2.7848219385749E9
04:52:58,2.7987460489321E9
04:53:03,2.8127397799877E9
04:53:08,2.8268034794588E9
04:53:13,2.8409374972826E9
04:53:18,2.8551421852453E9
04:53:23,2.8694178967364E9
04:53:28,2.8837649867302E9
04:53:33,2.8981838124394E9
04:53:38,2.9126747321935E9
04:53:43,2.9272381065414E9
04:53:48,2.9418742974221E9
04:53:53,2.9565836696607E9
04:53:58,2.9713665889197E9
04:54:03,2.9862234229196E9
04:54:08,3.0011545401656E9
04:54:13,3.0161603137881E9
04:54:18,3.0312411154651E9
04:54:23,3.0463973221265E9
04:54:28,3.0616293091514E9
04:54:33,3.0769374567005E9
04:54:38,3.0923221443715E9
04:54:43,3.1077837556234E9
04:54:48,3.123322675471E9
04:54:53,3.1389392895017E9
04:54:58,3.1546339867417E9
04:55:03,3.1704071576929E9
04:55:08,3.1862591940919E9
04:55:13,3.202190490469E9
04:55:18,3.2182014433308E9
04:55:23,3.2342924515726E9
04:55:28,3.2504639141229E9
04:55:33,3.266716234146E9
04:55:38,3.2830498156829E9
04:55:43,3.2994650651549E9
04:55:48,3.3159623906834E9
04:55:53,3.3325422028542E9
04:55:58,3.3492049143402E9
04:56:03,3.3659509395666E9
04:56:08,3.3827806944961E9
04:56:13,3.3996945983544E9
04:56:18,3.4166930718544E9
04:56:23,3.433776537771E9
04:56:28,3.4509454212582E9
04:56:33,3.4682001492567E9
04:56:38,3.4855411503265E9
04:56:43,3.5029688566647E9
04:56:48,3.52048370169E9
04:56:53,3.5380861210605E9
04:56:58,3.5557765526628E9
04:57:03,3.5735554364693E9
04:57:08,3.5914232140295E9
04:57:13,3.6093803308435E9
04:57:18,3.6274272333474E9
04:57:23,3.6455643704518E9
04:57:28,3.663792193088E9
04:57:33,3.6821111547341E9
04:57:38,3.7005217106644E9
04:57:43,3.7190243193771E9
04:57:48,3.7376194415497E9
04:57:53,3.7563075392794E9
04:57:58,3.77508907726E9
04:58:03,3.7939645233612E9
04:58:08,3.8129343469226E9
04:58:13,3.831999019749E9
04:58:18,3.8511590157561E9
04:58:23,3.8704148118988E9
04:58:28,3.8897668860864E9
04:58:33,3.9092157209879E9
04:58:38,3.9287618000682E9
04:58:43,3.9484056093722E9
04:58:48,3.9681476380282E9
04:58:53,3.9879883771071E9
04:58:58,4.0079283200133E9
04:59:03,4.0279679619323E9
04:59:08,4.0481078023406E9
04:59:13,4.0683483415595E9
04:59:18,4.0886900840728E9
04:59:23,4.1091335352384E9
04:59:28,4.1296792035254E9
04:59:33,4.1503276005505E9
04:59:38,4.1710792387737E9
04:59:43,4.1919346357322E9
04:59:48,4.2128943095232E9
04:59:53,4.2339587815712E9
04:59:58,4.2551285759565E9
05:00:03,4.2764042198007E9
05:00:08,4.2977862414123E9
05:00:13,4.3192751734973E9
05:00:18,4.3408715494931E9
05:00:23,4.3625759079008E9
05:00:28,4.3843887880262E9
05:00:33,4.4063107327858E9
05:00:38,4.4283422868831E9
05:00:43,4.4504839991341E9
05:00:48,4.4727364197585E9
05:00:53,4.4951001023269E9
05:00:58,4.5175756039134E9
05:01:03,4.5401634826347E9
05:01:08,4.5628643005118E9
05:01:13,4.585678622735E9
05:01:18,4.6086070160418E9
05:01:23,4.6316500514138E9
05:01:28,4.6548083025209E9
05:01:33,4.6780823447559E9
05:01:38,4.7014727566763E9
05:01:43,4.7249801208885E9
05:01:48,4.7486050224789E9
05:01:53,4.7723480481724E9
05:01:58,4.7962097885412E9
05:02:03,4.8201908381782E9
05:02:08,4.8442917928876E9
05:02:13,4.8685132529382E9
05:02:18,4.8928558199697E9
05:02:23,4.9173200999255E9
05:02:28,4.9419067006262E9
05:02:33,4.9666162349312E9
05:02:38,4.991449316858E9
05:02:43,5.0164065644687E9
05:02:48,5.041488597812E9
05:02:53,5.0666960409824E9
05:02:58,5.0920295220578E9
05:03:03,5.1174896701511E9
05:03:08,5.1430771189449E9
05:03:13,5.1687925052184E9
05:03:18,5.1946364682627E9
05:03:23,5.2206096510325E9
05:03:28,5.2467127002781E9
05:03:33,5.2729462645279E9
05:03:38,5.2993109963944E9
05:03:43,5.3258075515148E9
05:03:48,5.3524365903116E9
05:03:53,5.3791987736122E9
05:03:58,5.4060947679736E9
05:04:03,5.4331252419934E9
05:04:08,5.460290869036E9
05:04:13,5.487592324202E9
05:04:18,5.5150302864369E9
05:04:23,5.5426054384473E9
05:04:28,5.5703184666073E9
05:04:33,5.5981700598272E9
05:04:38,5.6261609104302E9
05:04:43,5.6542917152305E9
05:04:48,5.6825631747063E9
05:04:53,5.7109759916747E9
05:04:59,5.7395308724973E9
05:05:03,5.7682285277768E9
05:05:08,5.7970696713905E9
05:05:13,5.8260550206799E9
05:05:18,5.8551852962965E9
05:05:23,5.8844612237238E9
05:05:28,5.913883530857E9
05:05:33,5.9434529493046E9
05:05:38,5.9731702142072E9
05:05:43,6.0030360660547E9
05:05:48,6.033051246939E9
05:05:53,6.0632165037438E9
05:05:58,6.0935325864963E9
05:06:03,6.1240002503698E9
05:06:08,6.1546202524349E9
05:06:13,6.1853933547666E9
05:06:18,6.2163203223614E9
05:06:23,6.2474019244407E9
05:06:28,6.278638934246E9
05:06:33,6.3100321298078E9
05:06:38,6.341582290761E9
05:06:43,6.3732902023383E9
05:06:48,6.4051566538227E9
05:06:53,6.437182437873E9
05:06:58,6.4693683504756E9
05:07:03,6.501715192906E9
05:07:08,6.534223769221E9
05:07:13,6.5668948888682E9
05:07:18,6.5997293636383E9
05:07:23,6.6327280112627E9
05:07:28,6.6658916522667E9
05:07:33,6.6992211115324E9
05:07:38,6.7327172179219E9
05:07:43,6.7663808049309E9
05:07:48,6.800212709223E9
05:07:53,6.8342137734912E9
05:07:58,6.8683848426839E9
05:08:03,6.9027267677748E9
05:08:08,6.9372404017468E9
05:08:13,6.9719266038675E9
05:08:18,7.0067862373457E9
05:08:23,7.0418201688003E9
05:08:28,7.0770292706593E9
05:08:33,7.112414417748E9
05:08:38,7.1479764905415E9
05:08:43,7.1837163734657E9
05:08:48,7.2196349558247E9
05:08:53,7.2557331313094E9
05:08:58,7.2920117972333E9
05:09:03,7.3284718572163E9
05:09:08,7.3651142174823E9
05:09:13,7.4019397891049E9
05:09:18,7.4389494886699E9
05:09:23,7.476144236539E9
05:09:28,7.5135249581589E9
05:09:33,7.5510925833089E9
05:09:38,7.5888480463792E9
05:09:43,7.6267922867325E9
05:09:48,7.6649262491076E9
05:09:53,7.7032508805537E9
05:09:58,7.7417671352106E9
05:10:03,7.7804759718911E9
05:10:08,7.8193783528111E9
05:10:13,7.8584752449047E9
05:10:18,7.8977676216328E9
05:10:23,7.9372564608137E9
05:10:28,7.9769427435908E9
05:10:33,8.0168274575438E9
05:10:38,8.0569115952486E9
05:10:43,8.0971961535962E9
05:10:48,8.1376821345087E9
05:10:53,8.1783705453463E9
05:10:58,8.21926239912E9
05:11:03,8.2603587117309E9
05:11:08,8.3016605056383E9
05:11:13,8.3431688089654E9
05:11:18,8.3848846539927E9
05:11:23,8.4268090781343E9
05:11:28,8.4689431245401E9
05:11:33,8.5112878411587E9
05:11:38,8.5538442814139E9
05:11:43,8.596613503115E9
05:11:48,8.6395965710504E9
05:11:53,8.6827945549103E9
05:11:58,8.7262085281651E9
05:12:03,8.7698395709887E9
05:12:08,8.8136887697617E9
05:12:13,8.8577572139027E9
05:12:18,8.9020460007722E9
05:12:23,8.9465562310834E9
05:12:28,8.9912890132604E9
05:12:33,9.03624545931E9
05:12:38,9.0814266871223E9
05:12:43,9.1268338213739E9
05:12:48,9.1724679912013E9
05:12:53,9.2183303320902E9
05:12:58,9.2644219844404E9
05:13:03,9.3107440948752E9
05:13:08,9.3572978162885E9
05:13:13,9.4040843063444E9
05:13:18,9.4511047282616E9
05:13:23,9.498360252886E9
05:13:28,9.545852054742E9
05:13:33,9.5935813155099E9
05:13:38,9.6415492229697E9
05:13:43,9.689756969402E9
05:13:48,9.7382057549091E9
05:13:53,9.7868967842895E9
05:13:58,9.8358312683771E9
05:14:03,9.8850104250563E9
05:14:08,9.9344354777428E9
05:14:13,9.9841076558157E9
05:14:18,1.00340281943255E10
05:14:23,1.00841983356585E10
05:14:28,1.01346193279429E10
05:14:33,1.01852924252199E10
05:14:38,1.02362188879139E10
05:14:43,1.02873999828367E10
05:14:48,1.03388369831911E10
05:14:53,1.03905311683433E10
05:14:58,1.04424838250384E10
05:15:03,1.04946962452431E10
05:15:08,1.05471697272556E10
05:15:13,1.05999055767626E10
05:15:18,1.0652905104885E10
05:15:23,1.07061696313465E10
05:15:28,1.07597004803755E10
05:15:33,1.08134989830608E10
05:15:38,1.08675664781819E10
05:15:43,1.09219043108157E10
05:15:48,1.09765138331331E10
05:15:53,1.10313964027519E10
05:15:58,1.10865533854614E10
05:16:03,1.11419861530863E10
05:16:08,1.11976960846408E10
05:16:13,1.12536845651832E10
05:16:18,1.13099529883338E10
05:16:23,1.13665027536461E10
05:16:28,1.14233352680119E10
05:16:33,1.14804519450424E10
05:16:38,1.15378542050484E10
05:16:43,1.15955434761752E10
05:16:48,1.16535211942883E10
05:16:53,1.17117888009391E10
05:16:58,1.17703477458916E10
05:17:03,1.18291994851628E10
05:17:08,1.18883454833693E10
05:17:13,1.19477872109533E10
05:17:18,1.20075261477278E10
05:17:23,1.20675637788674E10
05:17:28,1.21279015978981E10
05:17:33,1.21885411067962E10
05:17:38,1.22494838133029E10
05:17:43,1.23107312327172E10
05:17:48,1.2372284889333E10
05:17:53,1.24341463139587E10
05:17:58,1.24963170459904E10
05:18:03,1.2558798631592E10
05:18:08,1.26215926258471E10
05:18:13,1.26847005897933E10
05:18:18,1.27481240929977E10
05:18:23,1.28118647137691E10
05:18:28,1.28759240382569E10
05:18:33,1.2940303658989E10
05:18:38,1.30050051782432E10
05:18:43,1.30700302048136E10
05:18:48,1.31353803564531E10
05:18:53,1.32010572585707E10
05:18:58,1.32670625456156E10
05:19:03,1.33333978591715E10
05:19:08,1.34000648489662E10
05:19:13,1.34670651733608E10
05:19:18,1.35344005001703E10
05:19:23,1.360207250298E10
05:19:28,1.36700828656105E10
05:19:33,1.37384332807119E10
05:19:38,1.38071254476639E10
05:19:43,1.38761610758519E10
05:19:48,1.39455418823245E10
05:19:53,1.40152695921977E10
05:19:58,1.40853459410619E10
05:20:03,1.41557726711187E10
05:20:08,1.42265515350735E10
05:20:13,1.42976842933396E10
05:20:18,1.43691727158875E10
05:20:23,1.44410185796907E10
05:20:28,1.45132236728691E10
05:20:33,1.45857897917308E10
05:20:38,1.46587187409792E10
05:20:43,1.47320123354626E10
05:20:48,1.48056723980768E10
05:20:53,1.48797007603431E10
05:20:58,1.49540992647275E10
05:21:03,1.50288697617199E10
05:21:08,1.5104014110956E10
05:21:13,1.51795341817829E10
05:21:18,1.52554318530175E10
05:21:23,1.53317090125671E10
05:21:28,1.54083675581811E10
05:21:33,1.54854093965642E10
05:21:38,1.55628364443952E10
05:21:43,1.56406506269518E10
05:21:48,1.57188538802294E10
05:21:53,1.57974481500757E10
05:21:58,1.58764353910177E10
05:22:03,1.59558175687972E10
05:22:08,1.60355966569203E10
05:22:13,1.61157746409662E10
05:22:18,1.61963535150578E10
05:22:23,1.6277335283575E10
05:22:28,1.63587219609114E10
05:22:33,1.64405155716452E10
05:22:38,1.65227181499684E10
05:22:43,1.66053317409097E10
05:22:48,1.66883584006781E10
05:22:53,1.67718001934016E10
05:22:58,1.68556591953652E10
05:23:03,1.69399374915308E10
05:23:08,1.70246371791494E10
05:23:13,1.71097603656724E10
05:23:18,1.71953091681733E10
05:23:23,1.72812857145514E10
05:23:28,1.73676921441458E10
05:23:33,1.7454530605283E10
05:23:38,1.75418032587826E10
05:23:43,1.7629512275812E10
05:23:48,1.77176598380115E10
05:23:53,1.78062481374296E10
05:23:58,1.78952793788941E10
05:24:03,1.79847557764774E10
05:24:08,1.8074679556273E10
05:24:13,1.81650529542209E10
05:24:18,1.82558782199876E10
05:24:23,1.83471576121613E10
05:24:28,1.84388934009325E10
05:24:33,1.8531087868443E10
05:24:38,1.86237433086998E10
05:24:43,1.87168620258736E10
05:24:48,1.88104463364875E10
05:24:53,1.89044985692371E10
05:24:58,1.89990210630355E10
05:25:03,1.9094016169243E10
05:25:08,1.91894862508386E10
05:25:13,1.9285433683002E10
05:25:18,1.93818608517743E10
05:25:23,1.94787701568297E10
05:25:28,1.95761640080139E10
05:25:33,1.96740448282891E10
05:25:39,1.97724150530665E10
05:25:44,1.98712771289047E10
05:25:49,1.99706335152375E10
05:25:54,2.00704866831151E10
05:25:59,2.01708391176166E10
05:26:04,2.02716933135823E10
05:26:09,2.03730517808366E10
05:26:14,2.04749170404508E10
05:26:19,2.05772916264941E10
05:26:24,2.06801780851318E10
05:26:29,2.07835789761175E10
05:26:34,2.08874968719826E10
05:26:39,2.09919343566471E10
05:26:44,2.10968940293123E10
05:26:49,2.12023785004293E10
05:26:54,2.13083903936533E10
05:26:59,2.14149323463584E10
05:27:04,2.15220070084251E10
05:27:09,2.16296170439366E10
05:27:14,2.17377651297423E10
05:27:19,2.18464539556269E10
05:27:24,2.19556862264711E10
05:27:29,2.20654646580796E10
05:27:34,2.21757919823176E10
05:27:39,2.22866709428548E10
05:27:44,2.23981042979283E10
05:27:49,2.25100948201841E10
05:27:54,2.26226452952211E10
05:27:59,2.27357585219278E10
05:28:04,2.28494373150226E10
05:28:09,2.29636845023439E10
05:28:14,2.30785029259299E10
05:28:19,2.31938954410098E10
05:28:24,2.33098649189125E10
05:28:29,2.34264142444365E10
05:28:34,2.35435463164775E10
05:28:39,2.36612640490658E10
05:28:44,2.37795703701522E10
05:28:49,2.38984682229561E10
05:28:54,2.40179605645853E10
05:28:59,2.41380503681804E10
05:29:04,2.42587406203031E10
05:29:09,2.43800343241325E10
05:29:14,2.45019344964988E10
05:29:19,2.46244441695135E10
05:29:24,2.4747566390677E10
05:29:29,2.48713042234029E10
05:29:34,2.49956607455626E10
05:29:39,2.51206390495881E10
05:29:44,2.52462422457488E10
05:29:49,2.53724734576562E10
05:29:54,2.54993358251518E10
05:29:59,2.5626832505099E10
05:30:04,2.57549666679363E10
05:30:09,2.58837415018898E10
05:30:14,2.60131602097738E10
05:30:19,2.61432260110428E10
05:30:24,2.62739421413218E10
05:30:29,2.64053118529542E10
05:30:34,2.65373384127661E10
05:30:39,2.66700251052913E10
05:30:44,2.68033752309708E10
05:30:49,2.69373921080206E10
05:30:54,2.70720790693017E10
05:30:59,2.7207439465611E10
05:31:04,2.73434766639484E10
05:31:09,2.74801940482014E10
05:31:14,2.76175950192374E10
05:31:19,2.77556829945113E10
05:31:24,2.7894461410308E10
05:31:29,2.80339337184439E10
05:31:34,2.81741033873226E10
05:31:39,2.8314973905351E10
05:31:44,2.84565487754522E10
05:31:49,2.85988315197761E10
05:31:54,2.87418256778208E10
05:31:59,2.88855348072485E10
05:32:04,2.90299624822209E10
05:32:09,2.91751122951875E10
05:32:14,2.93209878569992E10
05:32:19,2.94675927973472E10
05:32:24,2.96149307621939E10
05:32:29,2.97630054169907E10
05:32:34,2.99118204447009E10
05:32:39,3.00613795475272E10
05:32:44,3.02116864462225E10
05:32:49,3.03627448790968E10
05:32:54,3.05145586037756E10
05:32:59,3.06671313974985E10
05:33:04,3.08204670552783E10
05:33:09,3.09745693911779E10
05:33:14,3.11294422391393E10
05:33:19,3.12850894512986E10
05:33:24,3.14415148987792E10
05:33:29,3.15987224743089E10
05:33:34,3.17567160876651E10
05:33:39,3.19154996689295E10
05:33:44,3.20750771678819E10
05:33:49,3.22354525541575E10
05:33:54,3.23966298176094E10
05:33:59,3.2558612966817E10
05:34:04,3.27214060326254E10
05:34:09,3.28850130636115E10
05:34:14,3.3049438129594E10
05:34:19,3.3214685320587E10
05:34:24,3.33807587482221E10
05:34:29,3.35476625423034E10
05:34:34,3.37154008553684E10
05:34:39,3.38839778602548E10
05:34:44,3.40533977503185E10
05:34:49,3.42236647398054E10
05:34:54,3.43947830637765E10
05:34:59,3.45667569800566E10
05:35:04,3.47395907653969E10
05:35:09,3.49132887193966E10
05:35:14,3.50878551638666E10
05:35:19,3.52632944402198E10
05:35:24,3.54396109129499E10
05:35:29,3.56168089682437E10
05:35:34,3.57948930140856E10
05:35:39,3.59738674801231E10
05:35:44,3.61537368184582E10
05:35:49,3.63345055029786E10
05:35:54,3.65161780315048E10
05:35:59,3.66987589223978E10
05:36:04,3.68822527175008E10
05:36:09,3.70666639812166E10
05:36:14,3.72519973020213E10
05:36:19,3.74382572892322E10
05:36:24,3.76254485762882E10
05:36:29,3.78135758201033E10
05:36:34,3.80026436996236E10
05:36:39,3.81926569190286E10
05:36:44,3.83836202045971E10
05:36:49,3.85755383065174E10
05:36:54,3.8768415998537E10
05:36:59,3.89622580793255E10
05:37:04,3.91570693702105E10
05:37:09,3.93528547174941E10
05:37:14,3.95496189919805E10
05:37:19,3.97473670876887E10
05:37:24,3.99461039241958E10
05:37:29,4.01458344439556E10
05:37:34,4.03465636162957E10
05:37:39,4.05482964351803E10
05:37:44,4.07510379180715E10
05:37:49,4.09547931079097E10
05:37:54,4.115956707369E10
05:37:59,4.13653649100202E10
05:38:04,4.15721917353338E10
05:38:09,4.17800526946872E10
05:38:14,4.19889529583192E10
05:38:19,4.21988977238545E10
05:38:24,4.24098922128377E10
05:38:29,4.2621941674862E10
