01:15:11,183.6668
01:15:16,188.9687
01:15:21,194.2582
01:15:26,199.298
01:15:31,204.7456
01:15:36,210.0822
01:15:41,216.3889
01:15:46,222.3562
01:15:51,228.5152
01:15:56,235.2448
01:16:01,241.2647
01:16:06,247.807
01:16:11,254.6877
01:16:16,261.1949
01:16:21,268.2704
01:16:26,275.36
01:16:31,282.4962
01:16:36,290.0732
01:16:41,297.7246
01:16:46,305.3218
01:16:51,313.9703
01:16:56,322.5315
01:17:01,331.322
01:17:06,340.0473
01:17:11,349.2477
01:17:16,358.8563
01:17:21,368.6504
01:17:26,378.888
01:17:31,388.8696
01:17:36,399.4123
01:17:41,410.0072
01:17:46,420.5608
01:17:51,431.8623
01:17:56,442.8106
01:18:01,454.7436
01:18:06,466.5727
01:18:11,478.9151
01:18:16,491.5022
01:18:21,504.6064
01:18:26,517.5636
01:18:31,531.2808
01:18:36,545.3008
01:18:41,559.1
01:18:46,573.5443
01:18:51,588.942
01:18:56,604.3537
01:19:01,619.9639
01:19:06,635.6131
01:19:11,651.634
01:19:16,668.0853
01:19:21,685.4053
01:19:26,702.8563
01:19:31,721.5036
01:19:36,739.7057
01:19:41,758.6431
01:19:46,778.4212
01:19:51,798.9543
01:19:56,819.3269
01:20:01,840.1979
01:20:06,861.651
01:20:11,883.5517
01:20:16,906.2276
01:20:21,929.4629
01:20:26,953.2761
01:20:31,978.1874
01:20:36,1003.6479
01:20:41,1028.9797
01:20:46,1055.4874
01:20:51,1082.0208
01:20:56,1109.333
01:21:01,1137.9556
01:21:06,1167.1997
01:21:11,1196.5025
01:21:16,1227.3511
01:21:21,1258.3074
01:21:26,1290.2151
01:21:31,1322.7422
01:21:36,1356.6606
01:21:41,1391.47
01:21:46,1426.7931
01:21:51,1463.1306
01:21:56,1500.1278
01:22:01,1538.2603
01:22:06,1576.9507
01:22:11,1616.7406
01:22:16,1657.8549
01:22:21,1700.2054
01:22:26,1743.6806
01:22:31,1787.5473
01:22:36,1832.8684
01:22:41,1879.0922
01:22:46,1926.496
01:22:51,1975.5606
01:22:56,2025.5567
01:23:01,2076.7042
01:23:06,2129.0085
01:23:11,2182.9074
01:23:16,2237.8865
01:23:21,2294.3632
01:23:26,2352.5365
01:23:31,2411.8051
01:23:36,2472.6264
01:23:41,2534.6283
01:23:46,2598.763
01:23:51,2664.51
01:23:56,2732.208
01:24:01,2801.2182
01:24:06,2872.2768
01:24:11,2944.8776
01:24:16,3019.481
01:24:21,3095.9337
01:24:26,3173.5154
01:24:31,3253.5062
01:24:36,3335.5411
01:24:41,3419.9928
01:24:46,3505.6483
01:24:51,3594.0144
01:24:56,3684.335
01:25:01,3776.9109
01:25:06,3871.858
01:25:11,3968.8252
01:25:16,4068.8251
01:25:21,4171.4779
01:25:26,4276.5682
01:25:31,4384.1544
01:25:36,4494.6152
01:25:41,4607.4727
01:25:46,4723.447
01:25:51,4842.1133
01:25:56,4963.3922
01:26:01,5088.4798
01:26:06,5216.2509
01:26:11,5346.9232
01:26:16,5480.7773
01:26:21,5618.2152
01:26:26,5758.9503
01:26:31,5903.4588
01:26:36,6051.6784
01:26:41,6203.9069
01:26:46,6359.3203
01:26:51,6518.6102
01:26:56,6681.8832
01:27:01,6849.2314
01:27:06,7021.5458
01:27:11,7197.7087
01:27:16,7378.6607
01:27:21,7563.3766
01:27:26,7753.025
01:27:31,7947.0639
01:27:36,8146.104
01:27:41,8350.176
01:27:46,8559.3998
01:27:51,8774.2978
01:27:56,8994.372
01:28:01,9220.0123
01:28:06,9451.3703
01:28:11,9688.3971
01:28:16,9931.2449
01:28:21,10179.8239
01:28:26,10434.7665
01:28:31,10695.7392
01:28:36,10963.6376
01:28:41,11238.5127
01:28:46,11520.0554
01:28:51,11808.7414
01:28:56,12104.4237
01:29:01,12407.5685
01:29:06,12718.7156
01:29:11,13036.9692
01:29:16,13363.2524
01:29:21,13698.051
01:29:26,14041.2011
01:29:31,14392.9649
01:29:36,14753.3563
01:29:41,15122.4508
01:29:46,15501.5791
01:29:51,15889.5845
01:29:56,16287.8661
01:30:01,16695.3349
01:30:06,17113.6967
01:30:11,17541.8501
01:30:16,17980.6997
01:30:21,18430.5466
01:30:26,18891.6508
01:30:31,19364.1267
01:30:36,19848.8536
01:30:41,20346.0775
01:30:46,20855.7834
01:30:51,21377.7738
01:30:56,21912.9999
01:31:01,22460.9335
01:31:06,23022.9263
01:31:11,23598.9252
01:31:16,24189.4893
01:31:21,24795.0289
01:31:26,25415.5598
01:31:31,26051.7871
01:31:36,26703.5421
01:31:41,27371.2543
01:31:46,28055.8193
01:31:51,28757.9021
01:31:56,29477.2291
01:32:01,30215.2024
01:32:06,30971.2164
01:32:11,31746.4106
01:32:16,32540.1934
01:32:21,33354.4947
01:32:26,34188.6512
01:32:31,35043.9013
01:32:36,35920.5901
01:32:41,36818.9249
01:32:46,37740.0431
01:32:51,38683.9337
01:32:56,39652.0712
01:33:01,40643.9658
01:33:06,41660.6969
01:33:11,42702.59
01:33:16,43771.0524
01:33:21,44865.8253
01:33:26,45987.8405
01:33:31,47138.3592
01:33:36,48317.1465
01:33:41,49525.4767
01:33:46,50763.9561
01:33:51,52033.626
01:33:56,53334.6965
01:34:01,54668.6591
01:34:06,56035.7858
01:34:11,57436.8275
01:34:16,58873.6681
01:34:21,60346.0059
01:34:26,61855.1175
01:34:31,63402.5473
01:34:36,64988.4044
01:34:41,66613.4039
01:34:46,68279.6551
01:34:51,69987.1984
01:34:56,71737.6687
01:35:01,73531.9441
01:35:06,75371.2391
01:35:11,77256.5285
01:35:16,79188.422
01:35:21,81169.1061
01:35:26,83199.2023
01:35:31,85279.6703
01:35:36,87412.2116
01:35:41,89598.283
01:35:46,91838.7205
01:35:51,94135.6592
01:35:56,96489.985
01:36:01,98902.9729
01:36:06,101376.5272
01:36:11,103911.5346
01:36:16,106510.3155
01:36:21,109173.365
01:36:26,111903.7468
01:36:31,114702.2692
01:36:36,117570.3879
01:36:41,120510.2982
01:36:46,123523.8478
01:36:51,126612.1736
01:36:56,129777.6118
01:37:01,133022.9585
01:37:06,136348.7948
01:37:11,139758.0735
01:37:16,143252.6156
01:37:21,146834.0976
01:37:26,150505.8311
01:37:31,154269.4033
01:37:36,158126.4616
01:37:41,162080.679
01:37:46,166133.155
01:37:51,170286.9821
01:37:56,174545.0186
01:38:01,178909.2255
01:38:06,183382.0709
01:38:11,187966.8623
01:38:16,192666.7907
01:38:21,197483.6161
01:38:26,202421.587
01:38:31,207483.0053
01:38:36,212671.1269
01:38:41,217988.344
01:38:46,223438.3612
01:38:51,229025.1259
01:38:56,234751.6678
01:39:01,240621.0983
01:39:06,246637.0655
01:39:11,252803.145
01:39:16,259123.8891
01:39:21,265602.9005
01:39:26,272243.8289
01:39:31,279050.9901
01:39:36,286028.1409
01:39:41,293179.2242
01:39:46,300509.3696
01:39:51,308022.7239
01:39:56,315723.7219
01:40:01,323617.6771
01:40:06,331708.8532
01:40:11,340001.8197
01:40:16,348502.3551
01:40:21,357215.531
01:40:26,366146.6101
01:40:31,375301.2473
01:40:36,384684.5908
01:40:41,394302.141
01:40:46,404160.7304
01:40:51,414265.0409
01:40:56,424622.7011
01:41:01,435238.6965
01:41:06,446120.6997
01:41:11,457274.0791
01:41:16,468706.2442
01:41:21,480424.1991
01:41:26,492435.7459
01:41:31,504746.7427
01:41:36,517366.4994
01:41:41,530301.5882
01:41:46,543559.7393
01:41:51,557149.0163
01:41:56,571077.8958
01:42:01,585355.1596
01:42:06,599989.8708
01:42:11,614990.5991
01:42:16,630365.5545
01:42:21,646125.7406
01:42:26,662279.6571
01:42:31,678837.1783
01:42:36,695808.2519
01:42:41,713204.2729
01:42:46,731035.4406
01:42:51,749311.7133
01:42:56,768045.2601
01:43:01,787247.0471
01:43:06,806928.8945
01:43:11,827102.5162
01:43:16,847780.64
01:43:21,868975.4243
01:43:26,890700.1235
01:43:31,912967.9395
01:43:36,935793.214
01:43:41,959188.6507
01:43:46,983168.8235
01:43:51,1007748.9619
01:43:56,1032943.3411
01:44:01,1058767.1969
01:44:06,1085236.8833
01:44:11,1112368.5775
01:44:16,1140178.7811
01:44:21,1168683.6412
01:44:26,1197901.4515
01:44:31,1227849.3285
01:44:36,1258546.3593
01:44:41,1290010.92
01:44:46,1322261.3979
01:44:51,1355318.1746
01:44:56,1389201.9194
01:45:01,1423932.4347
01:45:06,1459531.7775
01:45:11,1496021.0658
01:45:16,1533421.7043
01:45:21,1571758.0625
01:45:26,1611052.6781
01:45:31,1651329.1199
01:45:36,1692612.7444
01:45:41,1734928.7058
01:45:46,1778302.685
01:45:51,1822760.8698
01:45:56,1868330.7837
01:46:01,1915040.0667
01:46:06,1962916.2982
01:46:11,2011990.0749
01:46:16,2062290.3693
01:46:21,2113847.98
01:46:26,2166694.3529
01:46:31,2220861.8369
01:46:36,2276384.3505
01:46:41,2333294.7651
01:46:46,2391627.9631
01:46:51,2451419.7217
01:46:56,2512705.8013
01:47:01,2575523.6557
01:47:06,2639912.6153
01:47:11,2705910.6049
01:47:16,2773559.1265
01:47:21,2842898.9487
01:47:26,2913972.1395
01:47:31,2986822.2004
01:47:36,3061493.6107
01:47:41,3138031.7229
01:47:46,3216482.8826
01:47:51,3296895.4849
01:47:56,3379318.5646
01:48:01,3463801.6593
01:48:06,3550397.5706
01:48:11,3639157.6432
01:48:16,3730137.5782
01:48:21,3823391.243
01:48:26,3918976.8537
01:48:31,4016951.7017
01:48:36,4117375.7807
01:48:41,4220310.8744
01:48:46,4325819.4059
01:48:51,4433965.3311
01:48:56,4544815.3628
01:49:01,4658436.8296
01:49:06,4774898.7748
01:49:11,4894271.4548
01:49:16,5016629.0595
01:49:21,5142045.76
01:49:26,5270597.1534
01:49:31,5402363.1649
01:49:36,5537422.3991
01:49:41,5675858.3695
01:49:46,5817755.6034
01:49:51,5963200.4573
01:49:56,6112280.7606
01:50:01,6265088.0952
01:50:06,6421716.2175
01:50:11,6582259.3762
01:50:16,6746816.8439
01:50:21,6915488.1952
01:50:26,7088375.6165
01:50:31,7265585.5949
01:50:36,7447225.7328
01:50:41,7633406.9435
01:50:46,7824242.7391
01:50:51,8019849.2218
01:50:56,8220346.0967
01:51:01,8425855.4975
01:51:06,8636502.8655
01:51:11,8852415.8285
01:51:16,9073726.424
01:51:21,9300570.5634
01:51:26,9533085.2277
01:51:31,9771413.013
01:51:36,1.00156988809E7
01:51:41,1.02660920372E7
01:51:46,1.05227454E7
01:51:51,1.07858142206E7
01:51:56,1.10554597189E7
01:52:01,1.13318466438E7
01:52:06,1.16151431708E7
01:52:11,1.19055226835E7
01:52:16,1.22031612307E7
01:52:21,1.25082403706E7
01:52:26,1.28209470666E7
01:52:31,1.31414717246E7
01:52:36,1.34700095026E7
01:52:41,1.38067604018E7
01:52:46,1.41519301757E7
01:52:51,1.45057295124E7
01:52:56,1.48683735324E7
01:53:01,1.52400830128E7
01:53:06,1.56210855274E7
01:53:11,1.6011613044E7
01:53:16,1.64119043378E7
01:53:21,1.6822202707E7
01:53:26,1.72427580238E7
01:53:31,1.76738278526E7
01:53:36,1.81156745189E7
01:53:41,1.85685673752E7
01:53:46,1.90327821281E7
01:53:51,1.95086020417E7
01:53:56,1.99963174467E7
01:54:01,2.04962257848E7
01:54:06,2.10086324873E7
01:54:11,2.15338490597E7
01:54:16,2.20721961772E7
01:54:21,2.26240011863E7
01:54:26,2.31896022003E7
01:54:31,2.37693424499E7
01:54:36,2.43635767303E7
01:54:41,2.49726670963E7
01:54:46,2.55969838748E7
01:54:51,2.62369095209E7
01:54:56,2.68928324349E7
01:55:01,2.75651539808E7
01:55:06,2.82542834382E7
01:55:11,2.89606409521E7
01:55:16,2.96846571547E7
01:55:21,3.04267740689E7
01:55:26,3.11874437976E7
01:55:31,3.19671305263E7
01:55:36,3.27663096219E7
01:55:41,3.35854684588E7
01:55:46,3.44251058085E7
01:55:51,3.52857340107E7
01:55:56,3.61678783548E7
01:56:01,3.70720762392E7
01:56:06,3.79988790955E7
01:56:11,3.89488514884E7
01:56:16,3.99225734302E7
01:56:21,4.09206382063E7
01:56:26,4.19436549066E7
01:56:31,4.29922466294E7
01:56:36,4.40670538906E7
01:56:41,4.51687306385E7
01:56:46,4.62979493264E7
01:56:51,4.74553984038E7
01:56:56,4.86417843453E7
01:57:01,4.9857829206E7
01:57:06,5.11042758261E7
01:57:11,5.23818836545E7
01:57:16,5.3691431467E7
01:57:21,5.50337177147E7
01:57:26,5.64095615042E7
01:57:31,5.78198013027E7
01:57:36,5.92652965507E7
01:57:41,6.07469299997E7
01:57:46,6.22656039178E7
01:57:51,6.38222448385E7
01:57:56,6.54178020431E7
01:58:01,6.70532475256E7
01:58:06,6.8729579463E7
01:58:11,7.0447819199E7
01:58:16,7.22090148987E7
01:58:21,7.40142405394E7
01:58:26,7.58645970808E7
01:58:31,7.77612125498E7
01:58:36,7.97052438818E7
01:58:41,8.16978756162E7
01:58:46,8.37403231678E7
01:58:51,8.58338322918E7
01:58:56,8.7979679166E7
01:59:01,9.01791716891E7
01:59:06,9.2433651261E7
01:59:11,9.47444936006E7
01:59:16,9.71131069185E7
01:59:21,9.95409354461E7
01:59:26,1.020294595079E8
01:59:31,1.045801966717E8
01:59:36,1.071947020309E8
01:59:41,1.098745698359E8
01:59:46,1.126214348948E8
01:59:51,1.15436971393E8
01:59:56,1.183228964189E8
02:00:01,1.212809695679E8
02:00:06,1.243129944114E8
02:00:11,1.27420820308E8
02:00:16,1.306063418721E8
02:00:21,1.338715013666E8
02:00:26,1.372182898828E8
02:00:31,1.406487480216E8
02:00:36,1.441649675375E8
02:00:41,1.477690923811E8
02:00:46,1.514633205513E8
02:00:51,1.55249903728E8
02:00:56,1.591311516046E8
02:01:01,1.631094310933E8
02:01:06,1.671871674635E8
02:01:11,1.713668476998E8
02:01:16,1.756510192935E8
02:01:21,1.800422957551E8
02:01:26,1.845433536474E8
02:01:31,1.891569378852E8
02:01:36,1.938858617374E8
02:01:41,1.987330088383E8
02:01:46,2.037013343333E8
02:01:51,2.087938681399E8
02:01:56,2.14013715664E8
02:02:01,2.193640588635E8
02:02:06,2.248481613479E8
02:02:11,2.304693658638E8
02:02:16,2.362311009318E8
02:02:21,2.42136879505E8
02:02:26,2.481903017184E8
02:02:31,2.543950599392E8
02:02:36,2.607549371011E8
02:02:41,2.672738108619E8
02:02:46,2.739556571054E8
02:02:51,2.808045495845E8
02:02:56,2.878246635574E8
02:03:01,2.950202803544E8
02:03:06,3.023957878831E8
02:03:11,3.09955683024E8
02:03:16,3.177045753273E8
02:03:21,3.256471900412E8
02:03:26,3.337883703862E8
02:03:31,3.421330803816E8
02:03:36,3.50686408172E8
02:03:41,3.594535687814E8
02:03:46,3.68439908381E8
02:03:51,3.776509065453E8
02:03:56,3.870921794812E8
02:04:01,3.967694843997E8
02:04:06,4.06688721675E8
02:04:11,4.168559401119E8
02:04:16,4.272773388511E8
02:04:21,4.37959273296E8
02:04:26,4.489082561805E8
02:04:31,4.601309634263E8
02:04:36,4.716342377316E8
02:04:41,4.834250942271E8
02:04:46,4.955107220196E8
02:04:51,5.078984903733E8
02:04:56,5.205959533262E8
02:05:01,5.336108526029E8
02:05:06,5.469511240305E8
02:05:11,5.606249023852E8
02:05:16,5.746405253185E8
02:05:21,5.890065393496E8
02:05:26,6.03731703306E8
02:05:31,6.188249959897E8
02:05:36,6.342956215803E8
02:05:41,6.501530127265E8
02:05:46,6.664068382812E8
02:05:51,6.830670097218E8
02:05:56,7.001436855441E8
02:06:01,7.176472779918E8
02:06:06,7.355884605737E8
02:06:11,7.539781730879E8
02:06:16,7.728276280456E8
02:06:21,7.921483190843E8
02:06:26,8.119520277419E8
02:06:31,8.322508289619E8
02:06:36,8.530571003651E8
02:06:41,8.74383528393E8
02:06:46,8.962431168974E8
02:06:51,9.18649195586E8
02:06:56,9.41615426231E8
02:07:01,9.651558126313E8
02:07:06,9.892847083824E8
02:07:11,1.0140168271903E9
02:07:16,1.0393672485078E9
02:07:21,1.0653514304045E9
02:07:26,1.0919852164733E9
02:07:31,1.119284847895E9
02:07:36,1.147266969276E9
02:07:41,1.1759486445157E9
02:07:46,1.205347361435E9
02:07:51,1.2354810459898E9
02:07:56,1.2663680723314E9
02:08:01,1.2980272743817E9
02:08:06,1.330477956634E9
02:08:11,1.3637399064096E9
02:08:16,1.3978334048514E9
02:08:21,1.4327792403646E9
02:08:26,1.4685987216206E9
02:08:31,1.5053136901494E9
02:08:36,1.5429465326691E9
02:08:41,1.5815201968773E9
02:08:46,1.6210582020665E9
02:08:51,1.661584657934E9
02:08:56,1.7031242749001E9
02:09:01,1.7457023823535E9
02:09:06,1.7893449426619E9
02:09:11,1.8340785663932E9
02:09:16,1.8799305308399E9
02:09:21,1.9269287950258E9
02:09:26,1.9751020159912E9
02:09:31,2.024479566817E9
02:09:36,2.0750915561734E9
02:09:41,2.1269688451922E9
02:09:46,2.180143067258E9
02:09:51,2.2346466443272E9
02:09:56,2.2905128111888E9
02:10:01,2.3477756318939E9
02:10:06,2.406470023471E9
02:10:11,2.4666317747046E9
02:10:16,2.5282975701135E9
02:10:21,2.5915050096267E9
02:10:26,2.656292635637E9
02:10:31,2.722699951794E9
02:10:36,2.7907674509195E9
02:10:41,2.8605366376805E9
02:10:46,2.9320500539894E9
02:10:51,3.005351306147E9
02:10:56,3.0804850896189E9
02:11:01,3.1574972177912E9
02:11:06,3.2364346488511E9
02:11:11,3.3173455159104E9
02:11:16,3.4002791543696E9
02:11:21,3.4852861334785E9
02:11:26,3.572418287589E9
02:11:31,3.661728745246E9
02:11:36,3.7532719648817E9
02:11:41,3.847103764265E9
02:11:46,3.9432813592608E9
02:11:51,4.0418633936226E9
02:11:56,4.1429099795042E9
02:12:01,4.2464827294092E9
02:12:06,4.352644797833E9
02:12:11,4.4614609180112E9
02:12:16,4.5729974417786E9
02:12:21,4.6873223782012E9
02:12:26,4.8045054387191E9
02:12:31,4.9246180753202E9
02:12:36,5.0477335279033E9
02:12:41,5.1739268668839E9
02:12:46,5.3032750391952E9
02:12:51,5.4358569159184E9
02:12:56,5.5717533398278E9
02:13:01,5.7110471739698E9
02:13:06,5.8538233543596E9
02:13:11,6.000168938663E9
02:13:16,6.1501731629679E9
02:13:21,6.3039274923416E9
02:13:26,6.4615256800756E9
02:13:31,6.6230638229155E9
02:13:36,6.7886404188293E9
02:13:41,6.9583564300697E9
02:13:46,7.1323153412394E9
02:13:51,7.3106232254182E9
02:13:56,7.4933888069356E9
02:14:01,7.6807235275337E9
02:14:06,7.8727416165635E9
02:14:11,8.069560157532E9
02:14:16,8.2712991622215E9
02:14:21,8.4780816414618E9
02:14:26,8.6900336826928E9
02:14:31,8.907284525854E9
02:14:36,9.1299666399905E9
02:14:41,9.3582158064976E9
02:14:46,9.5921712021224E9
02:14:51,9.8319754832614E9
02:14:56,1.0077774870989E10
02:15:01,1.03297192436196E10
02:15:06,1.05879622254004E10
02:15:11,1.08526612817196E10
02:15:16,1.11239778145189E10
02:15:21,1.14020772600724E10
02:15:26,1.16871291917749E10
02:15:31,1.19793074220019E10
02:15:36,1.22787901078548E10
02:15:41,1.25857598616217E10
02:15:46,1.290040385901E10
02:15:51,1.32229139561263E10
02:15:56,1.35534868056341E10
02:16:01,1.38923239767117E10
02:16:06,1.42396320764616E10
02:16:11,1.45956228794063E10
02:16:16,1.49605134523176E10
02:16:21,1.53345262893963E10
02:16:26,1.57178894470676E10
02:16:31,1.61108366842438E10
02:16:36,1.6513607602251E10
02:16:41,1.69264477925999E10
02:16:46,1.7349608987765E10
02:16:51,1.77833492128769E10
02:16:56,1.82279329438732E10
02:17:01,1.86836312684537E10
02:17:06,1.9150722050278E10
02:17:11,1.96294901022969E10
02:17:16,2.01202273555874E10
02:17:21,2.06232330405406E10
02:17:26,2.11388138675729E10
02:17:31,2.16672842152169E10
02:17:36,2.22089663214472E10
02:17:41,2.27641904800536E10
02:17:46,2.33332952427494E10
02:17:51,2.39166276248072E10
02:17:56,2.45145433161577E10
02:18:01,2.5127406899633E10
02:18:06,2.57555920728056E10
02:18:11,2.63994818749744E10
02:18:16,2.70594689225659E10
02:18:21,2.77359556466581E10
02:18:26,2.84293545387752E10
02:18:31,2.91400884028061E10
02:18:36,2.98685906139201E10
02:18:41,3.06153053798138E10
02:18:46,3.13806880148801E10
02:18:51,3.21652052155197E10
02:18:56,3.296933534609E10
02:19:01,3.37935687300372E10
02:19:06,3.46384079486531E10
02:19:11,3.5504368147579E10
02:19:16,3.63919773516712E10
02:19:21,3.73017767862694E10
02:19:26,3.82343212064441E10
02:19:31,3.91901792371077E10
02:19:36,4.01699337186548E10
02:19:41,4.11741820625729E10
02:19:46,4.22035366143561E10
02:19:51,4.32586250306902E10
02:19:56,4.43400906575105E10
02:20:01,4.5448592924074E10
02:20:06,4.65848077473189E10
02:20:11,4.7749427941215E10
02:20:16,4.89431636402014E10
02:20:21,5.01667427316059E10
02:20:26,5.14209113000355E10
02:20:31,5.27064340832761E10
02:20:36,5.40240949360214E10
02:20:41,5.53746973102698E10
02:20:46,5.67590647432487E10
02:20:51,5.81780413629229E10
02:20:56,5.96324923976193E10
02:21:01,6.11233047084316E10
02:21:06,6.26513873263809E10
02:21:11,6.4217672010503E10
02:21:16,6.5823113811517E10
02:21:21,6.74686916578691E10
02:21:26,6.91554089498516E10
02:21:31,7.08842941745044E10
02:21:36,7.26564015292581E10
02:21:41,7.44728115677679E10
02:21:46,7.63346318575777E10
02:21:51,7.82429976545295E10
02:21:56,8.01990725968072E10
02:22:01,8.22040494122154E10
02:22:06,8.42591506480759E10
02:22:11,8.63656294146463E10
02:22:16,8.85247701504371E10
02:22:21,9.0737889404698E10
02:22:26,9.30063366405932E10
02:22:31,9.53314950570762E10
02:22:36,9.77147824339152E10
02:22:41,1.001576519955088E11
02:22:46,1.026615932960454E11
02:22:51,1.052281331294732E11
02:22:56,1.078588364586814E11
02:23:01,1.105553073709957E11
02:23:06,1.133191900562708E11
02:23:11,1.161521698083256E11
02:23:16,1.190559740537767E11
02:23:21,1.22032373406129E11
02:23:26,1.250831827414884E11
02:23:31,1.282102623109454E11
02:23:36,1.314155188695581E11
02:23:41,1.347009068421522E11
02:23:46,1.380684295133669E11
02:23:51,1.415201402514353E11
02:23:56,1.450581437581836E11
02:24:01,1.486845973522811E11
02:24:06,1.524017122865396E11
02:24:11,1.562117550941873E11
02:24:16,1.601170489717132E11
02:24:21,1.64119975196973E11
02:24:26,1.682229745770186E11
02:24:31,1.724285489421578E11
02:24:36,1.767392626661065E11
02:24:41,1.811577442333726E11
02:24:46,1.856866878401513E11
02:24:51,1.903288550363942E11
02:24:56,1.950870764126673E11
02:25:01,1.999642533236651E11
02:25:06,2.049633596573204E11
02:25:11,2.100874436492824E11
02:25:16,2.153396297415665E11
02:25:21,2.207231204858978E11
02:25:26,2.262411984986083E11
02:25:31,2.318972284612745E11
02:25:36,2.376946591733452E11
02:25:41,2.436370256533685E11
02:25:46,2.497279512950008E11
02:25:51,2.559711500778141E11
02:25:56,2.623704288299301E11
02:26:01,2.68929689551493E11
02:26:06,2.756529317913127E11
02:26:11,2.825442550865244E11
02:26:16,2.896078614645289E11
02:26:21,2.968480580017801E11
02:26:26,3.042692594524567E11
02:26:31,3.118759909394124E11
02:26:36,3.196728907133839E11
02:26:41,3.276647129814211E11
02:26:46,3.35856330806421E11
02:26:51,3.442527390776143E11
02:26:56,3.528590575549034E11
02:27:01,3.616805339941309E11
02:27:06,3.707225473444238E11
02:27:11,3.799906110283362E11
02:27:16,3.894903763050959E11
02:27:21,3.992276357133599E11
02:27:26,4.092083266069001E11
02:27:31,4.194385347730107E11
02:27:36,4.299244981430211E11
02:27:41,4.406726105968261E11
02:27:46,4.516894258628021E11
02:27:51,4.629816615099745E11
02:27:56,4.745562030482061E11
02:28:01,4.864201081245855E11
02:28:06,4.985806108280665E11
02:28:11,5.110451260991943E11
02:28:16,5.238212542525622E11
02:28:21,5.369167856094641E11
02:28:26,5.503397052501438E11
02:28:31,5.640981978821365E11
02:28:36,5.782006528295817E11
02:28:41,5.926556691507688E11
02:28:46,6.074720608804406E11
02:28:51,6.226588624029572E11
02:28:56,6.382253339638511E11
02:29:01,6.541809673138425E11
02:29:06,6.705354914969011E11
02:29:11,6.872988787844541E11
02:29:16,7.044813507544009E11
02:29:21,7.220933845236735E11
02:29:26,7.401457191376396E11
02:29:31,7.586493621163413E11
02:29:36,7.776155961703096E11
02:29:41,7.970559860755331E11
02:29:46,8.169823857276794E11
02:29:51,8.374069453712994E11
02:29:56,8.58342119005878E11
02:30:01,8.798006719815459E11
02:30:06,9.017956887815725E11
02:30:11,9.243405810019768E11
02:30:16,9.47449095527711E11
02:30:21,9.711353229162582E11
02:30:26,9.954137059895312E11
02:30:31,1.0202990486401093E12
02:30:36,1.0458065248569185E12
02:30:41,1.0719516879792645E12
02:30:46,1.098750480178906E12
02:30:51,1.1262192421838708E12
02:30:56,1.154374723239194E12
02:31:01,1.1832340913203767E12
02:31:06,1.2128149436039802E12
02:31:11,1.2431353171951248E12
02:31:16,1.2742137001258376E12
02:31:21,1.3060690426293042E12
02:31:26,1.3387207686956533E12
02:31:31,1.3721887879139326E12
02:31:36,1.4064935076125896E12
02:31:41,1.441655845303375E12
02:31:46,1.4776972414366458E12
02:31:51,1.5146396724729917E12
02:31:56,1.552505664284975E12
02:32:01,1.5913183058931782E12
02:32:06,1.6311012635409111E12
02:32:11,1.6718787951303477E12
02:32:16,1.713675765008881E12
02:32:21,1.756517659134455E12
02:32:26,1.800430600613665E12
02:32:31,1.8454413656292224E12
02:32:36,1.891577399770602E12
02:32:41,1.9388668347652427E12
02:32:46,1.987338505634497E12
02:32:51,2.0370219682760847E12
02:32:56,2.0879475174835762E12
02:33:01,2.1401462054214668E12
02:33:06,2.1936498605572812E12
02:33:11,2.2484911070716777E12
02:33:16,2.304703384749554E12
02:33:21,2.362320969369379E12
02:33:26,2.4213789936047026E12
02:33:31,2.481913468444993E12
02:33:36,2.5439613051565825E12
02:33:41,2.607560337785606E12
02:33:46,2.672749346231237E12
02:33:51,2.7395680798878696E12
02:33:56,2.8080572818855977E12
02:34:01,2.8782587139337593E12
02:34:06,2.950215181782804E12
02:34:11,3.023970561327484E12
02:34:16,3.099569825361466E12
02:34:21,3.177059070996263E12
02:34:26,3.2564855477716177E12
02:34:31,3.337897686466147E12
02:34:36,3.42134512862878E12
02:34:41,3.506878756845453E12
02:34:46,3.5945507257675728E12
02:34:51,3.684414493912378E12
02:34:56,3.7765248562606235E12
02:35:01,3.8709379776673994E12
02:35:06,3.967711427109956E12
02:35:11,4.0669042127881006E12
02:35:16,4.1685768181083584E12
02:35:21,4.2727912385613374E12
02:35:26,4.3796110195262583E12
02:35:31,4.489101295014578E12
02:35:36,4.601328827390539E12
02:35:41,4.716362048075961E12
02:35:46,4.834271099278939E12
02:35:51,4.955127876761112E12
02:35:56,5.079006073681191E12
02:36:01,5.20598122552385E12
02:36:06,5.336130756162657E12
02:36:11,5.469534025067082E12
02:36:16,5.606272375694104E12
02:36:21,5.746429185087132E12
02:36:26,5.89008991471509E12
02:36:31,6.03734216258309E12
02:36:36,6.188275716648665E12
02:36:41,6.342982609565596E12
02:36:46,6.501557174805321E12
02:36:51,6.664096104175574E12
02:36:56,6.830698506780387E12
02:37:01,7.001465969450069E12
02:37:06,7.176502618686686E12
02:37:11,7.355915184154552E12
02:37:16,7.539813063758926E12
02:37:21,7.728308390353978E12
02:37:26,7.921516100113604E12
02:37:31,8.119554002616795E12
02:37:36,8.32254285268262E12
02:37:41,8.530606423999792E12
02:37:46,8.743871584600517E12
02:37:51,8.962468374215846E12
02:37:56,9.186530083572135E12
02:38:01,9.416193335661605E12
02:38:06,9.651598169053621E12
02:38:11,9.892888123280537E12
02:38:16,1.0140210326362684E13
02:38:21,1.039371558452199E13
02:38:26,1.0653558474135887E13
02:38:31,1.091989743599011E13
02:38:36,1.1192894871890096E13
02:38:41,1.147271724368782E13
02:38:46,1.1759535174780775E13
02:38:51,1.2053523554150787E13
02:38:56,1.2354861643005193E13
02:39:01,1.2663733184080588E13
02:39:06,1.2980326513682838E13
02:39:11,1.3304834676525814E13
02:39:16,1.3637455543439098E13
02:39:21,1.3978391932025355E13
02:39:26,1.4327851730326377E13
02:39:31,1.4686048023585207E13
02:39:36,1.5053199224175857E13
02:39:41,1.5429529204781293E13
02:39:46,1.581526743490111E13
02:39:51,1.6210649120773816E13
02:39:56,1.6615915348794062E13
02:40:01,1.7031313232514752E13
02:40:06,1.7457096063328395E13
02:40:11,1.7893523464912156E13
02:40:16,1.8340861551535086E13
02:40:21,1.8799383090323816E13
02:40:26,1.926936766758236E13
02:40:31,1.975110185927297E13
02:40:36,2.024487940575529E13
02:40:41,2.0751001390899598E13
02:40:46,2.1269776425673062E13
02:40:51,2.1801520836315504E13
02:40:56,2.234655885722385E13
02:41:01,2.2905222828655094E13
02:41:06,2.3477853399372055E13
02:41:11,2.4064799734356785E13
02:41:16,2.4666419727716766E13
02:41:21,2.528308022091034E13
02:41:26,2.5915157226434098E13
02:41:31,2.6563036157095656E13
02:41:36,2.722711206102367E13
02:41:41,2.7907789862549547E13
02:41:46,2.86054846091143E13
02:41:51,2.932062172434227E13
02:41:56,3.0053637267451152E13
02:42:01,3.0804978199137844E13
02:42:06,3.157510265411726E13
02:42:11,3.236448022047038E13
02:42:16,3.317359222598235E13
02:42:21,3.400293203163223E13
02:42:26,3.485300533242361E13
02:42:31,3.572433046573453E13
02:42:36,3.661743872737883E13
02:42:41,3.7532874695564164E13
02:42:46,3.847119656295429E13
02:42:51,3.94329764770289E13
02:42:56,4.041880088895479E13
02:43:01,4.142927091117963E13
02:43:06,4.246500268395951E13
02:43:11,4.352662775105929E13
02:43:16,4.461479344483669E13
02:43:21,4.573016328095866E13
02:43:26,4.6873417362983336E13
02:43:31,4.804525279705802E13
02:43:36,4.924638411698518E13
02:43:41,5.047754371991041E13
02:43:46,5.17394823129091E13
02:43:51,5.3032969370732625E13
02:43:56,5.4358793605001336E13
02:44:01,5.571776344512707E13
02:44:06,5.71107075312563E13
02:44:11,5.8538475219537875E13
02:44:16,6.000193710002691E13
02:44:21,6.150198552752817E13
02:44:26,6.30395351657166E13
02:44:31,6.461552354486038E13
02:44:36,6.623091163348289E13
02:44:41,6.7886684424321016E13
02:44:46,6.95838515349298E13
02:44:51,7.13234478233032E13
02:44:56,7.310653401888623E13
02:45:01,7.493419736935869E13
02:45:06,7.68075523035933E13
02:45:11,7.87277411111838E13
02:45:16,8.069593463896422E13
02:45:21,8.271333300493922E13
02:45:26,8.478116633006352E13
02:45:31,8.690069548831553E13
02:45:36,8.907321287552402E13
02:45:41,9.13000431974127E13
02:45:46,9.358254427734817E13
02:45:51,9.59221078842822E13
02:45:56,9.83201605813897E13
02:46:01,1.0077816459592492E14
02:46:06,1.032976187108237E14
02:46:11,1.0588005917859527E14
02:46:16,1.085270606580612E14
02:46:21,1.1124023717451319E14
02:46:26,1.1402124310387634E14
02:46:31,1.1687177418147386E14
02:46:36,1.1979356853601092E14
02:46:41,1.2278840774941186E14
02:46:46,1.258581179431473E14
02:46:51,1.2900457089172658E14
02:46:56,1.322296851640202E14
02:47:01,1.3553542729312175E14
02:47:06,1.3892381297545064E14
02:47:11,1.423969082998378E14
02:47:16,1.4595683100733406E14
02:47:21,1.4960575178251806E14
02:47:26,1.5334589557708178E14
02:47:31,1.5717954296650944E14
02:47:36,1.611090315406726E14
02:47:41,1.6513675732918997E14
02:47:46,1.6926517626242075E14
02:47:51,1.734968056689819E14
02:47:56,1.7783422581070712E14
02:48:01,1.8228008145597578E14
02:48:06,1.8683708349237597E14
02:48:11,1.915080105796858E14
02:48:16,1.9629571084417816E14
02:48:21,2.012031036152828E14
02:48:26,2.062331812056654E14
02:48:31,2.1138901073580725E14
02:48:36,2.166737360042027E14
02:48:41,2.220905794043088E14
02:48:46,2.2764284388941747E14
02:48:51,2.3333391498665338E14
02:48:56,2.3916726286132038E14
02:49:01,2.451464444328542E14
02:49:06,2.5127510554367597E14
02:49:11,2.575569831822687E14
02:49:16,2.6399590776182638E14
02:49:21,2.7059580545587216E14
02:49:26,2.773607005922692E14
02:49:31,2.842947181070761E14
02:49:36,2.9140208605975375E14
02:49:41,2.9868713821124856E14
02:49:46,3.061543166665305E14
02:49:51,3.1380817458319394E14
02:49:56,3.2165337894777475E14
02:50:01,3.296947134214699E14
02:50:06,3.379370812570069E14
02:50:11,3.4638550828843294E14
02:50:16,3.550451459956446E14
02:50:21,3.6392127464553644E14
02:50:26,3.730193065116752E14
02:50:31,3.823447891744678E14
02:50:36,3.919034089038301E14
02:50:41,4.0170099412642675E14
02:50:46,4.117435189795876E14
02:50:51,4.2203710695407825E14
02:50:56,4.325880346279309E14
02:51:01,4.434027354936301E14
02:51:06,4.5448780388097125E14
02:51:11,4.658499989779958E14
02:51:16,4.7749624895244625E14
02:51:21,4.894336551762577E14
02:51:26,5.0166949655566475E14
02:51:31,5.142112339695572E14
02:51:36,5.270665148187965E14
02:51:41,5.402431776892675E14
02:51:46,5.5374925713150025E14
02:51:51,5.675929885597884E14
02:51:56,5.817828132737841E14
02:52:01,5.963273836056294E14
02:52:06,6.112355681957709E14
02:52:11,6.265164574006658E14
02:52:16,6.42179368835683E14
02:52:21,6.582338530565756E14
02:52:26,6.746896993829902E14
02:52:31,6.915569418675651E14
02:52:36,7.088458654142548E14
02:52:41,7.265670120496112E14
02:52:46,7.447311873508524E14
02:52:51,7.63349467034624E14
02:52:56,7.824332037104905E14
02:53:01,8.019940338032531E14
02:53:06,8.22043884648335E14
02:53:11,8.425949817645444E14
02:53:16,8.636598563086581E14
02:53:21,8.852513527163758E14
02:53:26,9.073826365342858E14
02:53:31,9.300672024476431E14
02:53:36,9.533188825088345E14
02:53:41,9.77151854571556E14
02:53:46,1.0015806509358454E15
02:53:51,1.0266201672092422E15
02:53:56,1.052285671389474E15
02:54:01,1.0785928131742118E15
02:54:06,1.1055576335035678E15
02:54:11,1.1331965743411572E15
02:54:16,1.161526488699687E15
02:54:21,1.19056465091718E15
02:54:26,1.2203287671901105E15
02:54:31,1.2508369863698635E15
02:54:36,1.282107911029111E15
02:54:41,1.314160608804839E15
02:54:46,1.3470146240249605E15
02:54:51,1.380689989625585E15
02:54:56,1.4152072393662248E15
02:55:01,1.450587420350381E15
02:55:06,1.4868521058591415E15
02:55:11,1.5240234085056208E15
02:55:16,1.5621239937182622E15
02:55:21,1.6011770935612195E15
02:55:26,1.6412065209002505E15
02:55:31,1.6822366839227578E15
02:55:36,1.724292601020827E15
02:55:41,1.7673999160463485E15
02:55:46,1.8115849139475078E15
02:55:51,1.8568745367961955E15
02:55:56,1.9032964002161008E15
02:56:01,1.9508788102215038E15
02:56:06,1.9996507804770415E15
02:56:11,2.0496420499889682E15
02:56:16,2.1008831012386928E15
02:56:21,2.1534051787696608E15
02:56:26,2.2072403082389022E15
02:56:31,2.262421315944876E15
02:56:36,2.318981848843499E15
02:56:41,2.3769563950645875E15
02:56:46,2.436380304941203E15
02:56:51,2.4972898125647335E15
02:56:56,2.5597220578788525E15
02:57:01,2.623715109325824E15
02:57:06,2.68930798705897E15
02:57:11,2.756540686735445E15
02:57:16,2.8254542039038315E15
02:57:21,2.8960905590014285E15
02:57:26,2.968492822976465E15
02:57:31,3.0427051435508775E15
02:57:36,3.11877277213965E15
02:57:41,3.1967420914431415E15
02:57:46,3.2766606437292205E15
02:57:51,3.3585771598224515E15
02:57:56,3.442541588818014E15
02:58:01,3.528605128538465E15
02:58:06,3.616820256751927E15
02:58:11,3.7072407631707255E15
02:58:16,3.7999217822499935E15
02:58:21,3.894919826806244E15
02:58:26,3.9922928224764005E15
02:58:31,4.0921001430383105E15
02:58:36,4.1944026466142685E15
02:58:41,4.299262712779625E15
02:58:46,4.4067442805991165E15
02:58:51,4.516912887614094E15
02:58:56,4.629835709804447E15
02:59:01,4.745581602549559E15
02:59:06,4.864221142613299E15
02:59:11,4.985826671178631E15
02:59:16,5.110472337958097E15
02:59:21,5.238234146407049E15
02:59:26,5.369190000067226E15
02:59:31,5.503419750068908E15
02:59:36,5.641005243820631E15
02:59:41,5.782030374916148E15
02:59:46,5.926581134289053E15
02:59:51,6.07474566264628E15
02:59:56,6.226614304212438E15
03:00:01,6.382279661817749E15
03:00:06,6.541836653363193E15
03:00:11,6.705382569697274E15
03:00:16,6.873017133939707E15
03:00:21,7.044842562288201E15
03:00:26,7.220963626345407E15
03:00:31,7.401487717004043E15
03:00:36,7.586524909929144E15
03:00:41,7.776188032677373E15
03:00:46,7.970592733494308E15
03:00:51,8.169857551831667E15
03:00:56,8.37410399062746E15
03:01:01,8.583456590393146E15
03:01:06,8.798043005152975E15
03:01:11,9.0179940802818E15
03:01:16,9.243443932288844E15
03:01:21,9.474530030596066E15
03:01:26,9.711393281360968E15
03:01:31,9.954178113394992E15
03:01:36,1.0203032566229868E16
03:01:41,1.0458108380385614E16
03:01:46,1.0719561089895256E16
03:01:51,1.0987550117142638E16
03:01:56,1.1262238870071204E16
03:02:01,1.1543794841822984E16
03:02:06,1.1832389712868558E16
03:02:11,1.2128199455690272E16
03:02:16,1.2431404442082528E16
03:02:21,1.2742189553134592E16
03:02:26,1.3060744291962956E16
03:02:31,1.338726289926203E16
03:02:36,1.372194447174358E16
03:02:41,1.406499308353717E16
03:02:46,1.44166179106256E16
03:02:51,1.477703335839124E16
03:02:56,1.514645919235102E16
03:03:01,1.5525120672159796E16
03:03:06,1.591324868896379E16
03:03:11,1.6311079906187884E16
03:03:16,1.6718856903842582E16
03:03:21,1.7136828326438646E16
03:03:26,1.7565249034599612E16
03:03:31,1.8004380260464602E16
03:03:36,1.8454489766976216E16
03:03:41,1.891585201115062E16
03:03:46,1.9388748311429384E16
03:03:51,1.987346701921512E16
03:03:56,2.0370303694695496E16
03:04:01,2.0879561287062884E16
03:04:06,2.1401550319239456E16
03:04:11,2.1936589077220444E16
03:04:16,2.2485003804150956E16
03:04:21,2.3047128899254728E16
03:04:26,2.3623307121736096E16
03:04:31,2.42138897997795E16
03:04:36,2.4819237044773988E16
03:04:41,2.5439717970893336E16
03:04:46,2.6075710920165668E16
03:04:51,2.6727603693169808E16
03:04:56,2.7395793785499052E16
03:05:01,2.8080688630136528E16
03:05:06,2.878270584588994E16
03:05:11,2.9502273492037188E16
03:05:16,3.0239830329338116E16
03:05:21,3.0995826087571568E16
03:05:26,3.1770721739760856E16
03:05:31,3.2564989783254876E16
03:05:36,3.3379114527836248E16
03:05:41,3.4213592391032156E16
03:05:46,3.506893220080796E16
03:05:51,3.594565550582816E16
03:05:56,3.6844296893473864E16
03:06:01,3.7765404315810712E16
03:06:06,3.8709539423705976E16
03:06:11,3.9677277909298624E16
03:06:16,4.0669209857031088E16
03:06:21,4.1685940103456864E16
03:06:26,4.2728088606043288E16
03:06:31,4.3796290821194368E16
03:06:36,4.4891198091724224E16
03:06:41,4.6013478044017328E16
03:06:46,4.716381499511776E16
03:06:51,4.8342910369995704E16
03:06:56,4.95514831292456E16
03:07:01,5.0790270207476736E16
03:07:06,5.2060026962663656E16
03:07:11,5.3361527636730248E16
03:07:16,5.4695565827648504E16
03:07:21,5.606295497333972E16
03:07:26,5.7464528847673216E16
03:07:31,5.8901142068865048E16
03:07:36,6.0373670620586672E16
03:07:41,6.1883012386101336E16
03:07:46,6.3430087695753872E16
03:07:51,6.501583988814772E16
03:07:56,6.6641235885351416E16
03:08:01,6.83072667824852E16
03:08:06,7.0014948452047328E16
03:08:11,7.1765322163348512E16
03:08:16,7.3559455217432224E16
03:08:21,7.5398441597868032E16
03:08:26,7.7283402637814736E16
03:08:31,7.9215487703760112E16
03:08:36,8.1195874896354112E16
03:08:41,8.322577176876296E16
03:08:46,8.5306416062982032E16
03:08:51,8.7439076464556576E16
03:08:56,8.9625053376170496E16
03:09:01,9.1865679710574752E16
03:09:06,9.416232170333912E16
03:09:11,9.6516379745922592E16
03:09:16,9.8929289239570656E16
03:09:21,1.0140252147055992E17
03:09:26,1.0393758450732392E17
03:09:31,1.06536024120007024E17
03:09:36,1.091994247230072E17
03:09:41,1.11929410341082384E17
03:09:46,1.1472764559960944E17
03:09:51,1.1759583673959968E17
03:09:56,1.20535732658089664E17
03:10:01,1.23549125974541904E17
03:10:06,1.26637854123905456E17
03:10:11,1.29803800477003088E17
03:10:16,1.3304889548892816E17
03:10:21,1.3637511787615136E17
03:10:26,1.39784495823055136E17
03:10:31,1.4327910821863152E17
03:10:36,1.46861085924097312E17
03:10:41,1.50532613072199744E17
03:10:46,1.54295928399004736E17
03:10:51,1.5815332660897984E17
03:10:56,1.62107159774204352E17
03:11:01,1.66159838768559456E17
03:11:06,1.7031383473777344E17
03:11:11,1.74571680606217792E17
03:11:16,1.78935972621373248E17
03:11:21,1.83409371936907584E17
03:11:26,1.87994606235330272E17
03:11:31,1.92694471391213536E17
03:11:36,1.97511833175993888E17
03:11:41,2.02449629005393728E17
03:11:46,2.07510869730528576E17
03:11:51,2.12698641473791776E17
03:11:56,2.18016107510636576E17
03:12:01,2.23466510198402496E17
03:12:06,2.2905317295336256E17
03:12:11,2.34779502277196608E17
03:12:16,2.40648989834126528E17
03:12:21,2.4666521457997968E17
03:12:26,2.52831844944479168E17
03:12:31,2.59152641068091136E17
03:12:36,2.65631457094793408E17
03:12:41,2.72272243522163232E17
03:12:46,2.79079049610217312E17
03:12:51,2.86056025850472736E17
03:12:56,2.9320742649673453E17
03:13:01,3.005376121591529E17
03:13:06,3.0805105246313171E17
03:13:11,3.1575232877471002E17
03:13:16,3.2364613699407776E17
03:13:21,3.3173729041892973E17
03:13:26,3.4003072267940294E17
03:13:31,3.4853149074638803E17
03:13:36,3.5724477801504774E17
03:13:42,3.6617589746542394E17
03:13:46,3.7533029490205952E17
03:13:51,3.8471355227461101E17
03:13:56,3.9433139108147629E17
03:14:01,4.0418967585851322E17
03:14:06,4.1429441775497606E17
03:14:11,4.246517781988505E17
03:14:16,4.3526807265382176E17
03:14:21,4.461497744701673E17
03:14:26,4.5730351883192147E17
03:14:31,4.6873610680271949E17
03:14:36,4.8045450947278746E17
03:14:41,4.9246587220960717E17
03:14:46,5.0477751901484736E17
03:14:51,5.1739695699021856E17
03:14:56,5.3033188091497402E17
03:15:01,5.4359017793784838E17
03:15:06,5.5717993238629459E17
03:15:11,5.7110943069595194E17
03:15:16,5.8538716646335078E17
03:15:21,6.0002184562493453E17
03:15:26,6.1502239176555789E17
03:15:31,6.303979515596969E17
03:15:36,6.4615790034868928E17
03:15:41,6.6231184785740646E17
03:15:46,6.7886964405384166E17
03:15:51,6.9584138515518771E17
03:15:56,7.1323741978406746E17
03:16:01,7.3106835527866918E17
03:16:06,7.493450641606359E17
03:16:11,7.6807869076465178E17
03:16:16,7.8728065803376806E17
03:16:21,8.0696267448461222E17
03:16:26,8.2713674134672755E17
03:16:31,8.4781515988039578E17
03:16:36,8.690105388774057E17
03:16:41,8.907358023493408E17
03:16:46,9.1300419740807437E17
03:16:51,9.3582930234327629E17
03:16:56,9.5922503490185818E17
03:17:01,9.8320566077440461E17
03:17:06,1.00778580229376474E18
03:17:11,1.03298044735110886E18
03:17:16,1.05880495853488653E18
03:17:21,1.08527508249825869E18
03:17:26,1.11240695956071514E18
03:17:31,1.14021713354973299E18
03:17:36,1.16872256188847642E18
03:17:41,1.19794062593568845E18
03:17:46,1.22788914158408064E18
03:17:51,1.25858637012368256E18
03:17:56,1.29005102937677466E18
03:18:01,1.32230230511119411E18
03:18:06,1.35535986273897395E18
03:18:11,1.38924385930744832E18
03:18:16,1.42397495579013453E18
03:18:21,1.45957432968488781E18
03:18:26,1.49606368792701005E18
03:18:31,1.53346528012518528E18
03:18:36,1.57180191212831488E18
03:18:41,1.61109695993152282E18
03:18:46,1.65137438392981094E18
03:18:51,1.69265874352805632E18
03:18:56,1.73497521211625779E18
03:19:01,1.77834959241916416E18
03:19:06,1.82280833222964326E18
03:19:11,1.86837854053538432E18
03:19:16,1.91508800404876902E18
03:19:21,1.96296520414998835E18
03:19:26,2.01203933425373798E18
03:19:31,2.06234031761008154E18
03:19:36,2.1138988255503337E18
03:19:41,2.1667462961890921E18
03:19:46,2.22091495359381939E18
03:19:51,2.27643782743366477E18
03:19:56,2.3333487731195064E18
03:20:01,2.3916824924474941E18
03:20:06,2.4514745547586816E18
03:20:11,2.5127614186276485E18
03:20:16,2.5755804540933396E18
03:20:21,2.639969965445673E18
03:20:26,2.7059692145818148E18
03:20:31,2.7736184449463603E18
03:20:36,2.8429589060700191E18
03:20:41,2.9140328787217695E18
03:20:46,2.9868837006898135E18
03:20:51,3.0615557932070589E18
03:20:56,3.1380946880372352E18
03:21:01,3.216547055238166E18
03:21:06,3.2969607316191201E18
03:21:11,3.3793847499095982E18
03:21:16,3.4638693686573384E18
03:21:21,3.550466102873772E18
03:21:26,3.6392277554456161E18
03:21:31,3.7302084493317565E18
03:21:36,3.8234636605650504E18
03:21:41,3.9190502520791767E18
03:21:46,4.0170265083811564E18
03:21:51,4.1174521710906854E18
03:21:56,4.2203884753679524E18
03:22:01,4.3258981872521513E18
03:22:06,4.4340456419334548E18
03:22:11,4.5448967829817912E18
03:22:16,4.6585192025563361E18
03:22:21,4.774982182620245E18
03:22:26,4.894356737185751E18
03:22:31,5.0167156556153948E18
03:22:36,5.14213354700578E18
03:22:41,5.2706868856809247E18
03:22:46,5.4024540578229473E18
03:22:51,5.537515409268521E18
03:22:56,5.6759532945002342E18
03:23:01,5.8178521268627405E18
03:23:06,5.9632984300343091E18
03:23:11,6.1123808907851674E18
03:23:16,6.2651904130547968E18
03:23:21,6.4218201733811671E18
03:23:26,6.5823656777156966E18
03:23:31,6.7469248196585892E18
03:23:36,6.9155979401500539E18
03:23:41,7.0884878886538056E18
03:23:46,7.2657000858701507E18
03:23:51,7.4473425880169042E18
03:23:56,7.6335261527173263E18
03:24:01,7.8243643065352591E18
03:24:06,8.0199734141986406E18
03:24:11,8.2204727495536067E18
03:24:16,8.4259845682924472E18
03:24:21,8.6366341824997581E18
03:24:26,8.8525500370622525E18
03:24:31,9.0738637879888087E18
03:24:36,9.300710382688528E18
03:24:41,9.53322814225574E18
03:24:46,9.771558845812134E18
03:24:51,1.0015847816957438E19
03:24:56,1.0266244012381374E19
03:25:01,1.052290011269091E19
03:25:06,1.078597261550818E19
03:25:11,1.1055621930895886E19
03:25:16,1.1332012479168283E19
03:25:21,1.161531279114749E19
03:25:26,1.1905695610926176E19
03:25:31,1.2203338001199331E19
03:25:36,1.2508421451229315E19
03:25:41,1.2821131987510049E19
03:25:46,1.31416602871978E19
03:25:51,1.3470201794377746E19
03:25:56,1.380695683923719E19
03:26:01,1.415213076021812E19
03:26:06,1.4505934029223574E19
03:26:11,1.4868582379954164E19
03:26:16,1.5240296939453018E19
03:26:21,1.5621304362939343E19
03:26:26,1.6011836972012827E19
03:26:31,1.6412132896313147E19
03:26:36,1.6822436218720977E19
03:26:41,1.7242997124189002E19
03:26:46,1.7674072052293726E19
03:26:51,1.811592385360107E19
03:26:56,1.8568821949941096E19
03:27:01,1.903304249868962E19
03:27:06,1.950886856115686E19
03:27:11,1.9996590275185783E19
03:27:16,2.0496505032065425E19
03:27:21,2.100891765786706E19
03:27:26,2.1534140599313736E19
03:27:31,2.207249411429658E19
03:27:36,2.2624306467153994E19
03:27:41,2.3189914128832844E19
03:27:46,2.3769661982053667E19
03:27:51,2.436390353160501E19
03:27:56,2.4973001119895134E19
03:28:01,2.559732614789251E19
03:28:06,2.6237259301589823E19
03:28:11,2.689319078412957E19
03:28:16,2.756552055373281E19
03:28:21,2.825465856757613E19
03:28:26,2.8961025031765533E19
03:28:31,2.968505065755967E19
03:28:36,3.0427176923998663E19
03:28:41,3.118785634709863E19
03:28:46,3.1967552755776094E19
03:28:51,3.2766741574670496E19
03:28:56,3.358591011403726E19
03:29:01,3.442555786688819E19
03:29:06,3.5286196813560398E19
03:29:11,3.6168351733899407E19
03:29:16,3.707256052724689E19
03:29:21,3.799937454042807E19
03:29:26,3.894935890393877E19
03:29:31,3.992309287653724E19
03:29:36,4.0921170198450676E19
03:29:41,4.194419945341194E19
03:29:46,4.299280443974724E19
03:29:51,4.406762455074092E19
03:29:56,4.516931516450944E19
03:30:01,4.629854804362217E19
03:30:06,4.745601174471273E19
03:30:11,4.864241203833055E19
03:30:16,4.985847233928881E19
03:30:21,5.110493414777103E19
03:30:26,5.2382557501465305E19
03:30:31,5.3692121439001936E19
03:30:36,5.5034424474976985E19
03:30:41,5.641028508685141E19
03:30:46,5.782054221402269E19
03:30:51,5.926605576937326E19
03:30:56,6.07477071636076E19
03:31:01,6.226639984269779E19
03:31:06,6.382305983876524E19
03:31:11,6.541863633473437E19
03:31:16,6.705410224310273E19
03:31:21,6.87304547991803E19
03:31:26,7.044871616915981E19
03:31:31,7.220993407338881E19
03:31:36,7.401518242522353E19
03:31:41,7.586556198585411E19
03:31:46,7.776220103550047E19
03:31:51,7.970625606138798E19
03:31:56,8.169891246292268E19
03:32:01,8.374138527449575E19
03:32:06,8.583491990635813E19
03:32:11,8.798079290401708E19
03:32:16,9.01803127266175E19
03:32:21,9.243482054478294E19
03:32:26,9.474569105840251E19
03:32:31,9.711433333486258E19
03:32:36,9.954219166823414E19
03:32:41,1.0203074645994E20
03:32:46,1.0458151512143849E20
03:32:51,1.0719605299947445E20
03:32:56,1.098759543244613E20
03:33:01,1.1262285318257284E20
03:33:06,1.1543842451213717E20
03:33:11,1.183243851249406E20
03:33:16,1.212824947530641E20
03:33:21,1.2431455712189071E20
03:33:26,1.2742242104993799E20
03:33:31,1.3060798157618643E20
03:33:36,1.338731811155911E20
03:33:41,1.3722001064348087E20
03:33:46,1.406505109095679E20
03:33:51,1.4416677368230709E20
03:33:56,1.4777094302436478E20
03:34:01,1.514652165999739E20
03:34:06,1.5525184701497324E20
03:34:11,1.5913314319034758E20
03:34:16,1.6311147177010627E20
03:34:21,1.6718925856435893E20
03:34:26,1.713689900284679E20
03:34:31,1.756532147791796E20
03:34:36,1.8004454514865907E20
03:34:42,1.8454565877737554E20
03:34:47,1.8915930024680994E20
03:34:52,1.938882827529802E20
03:34:57,1.987354898218047E20
03:35:02,2.0370387706734982E20
03:35:07,2.0879647399403356E20
03:35:12,2.140163858438844E20
03:35:17,2.193667954899815E20
03:35:22,2.2485096537723103E20
03:35:27,2.304722395116618E20
03:35:32,2.3623404549945334E20
03:35:37,2.4213989663693967E20
03:35:42,2.4819339405286316E20
03:35:47,2.5439822890418474E20
03:35:52,2.6075818462678935E20
03:35:57,2.6727713924245907E20
03:36:02,2.7395906772352054E20
03:36:07,2.8080804441660857E20
03:36:12,2.8782824552702378E20
03:36:17,2.9502395166519938E20
03:36:22,3.023995504568294E20
03:36:27,3.0995953921825014E20
03:36:32,3.1770852769870637E20
03:36:37,3.25651240891174E20
03:36:42,3.337925219134534E20
03:36:47,3.421373349612897E20
03:36:52,3.5069076833532196E20
03:36:57,3.59458037543705E20
03:37:02,3.684444884822976E20
03:37:07,3.7765560069435503E20
03:37:12,3.870969907117139E20
03:37:17,3.967744154795067E20
03:37:22,4.066937758664944E20
03:37:27,4.168611202631567E20
03:37:32,4.2728264826973566E20
03:37:37,4.3796471447647905E20
03:37:42,4.4891383233839104E20
03:37:47,4.601366781468508E20
03:37:52,4.716400951005221E20
03:37:57,4.8343109747803514E20
03:38:02,4.95516874914986E20
03:38:07,5.0790479678786064E20
03:38:12,5.206024167075571E20
03:38:17,5.33617477125246E20
03:38:22,5.469579140533772E20
03:38:27,5.606318619047116E20
03:38:32,5.746476584523294E20
03:38:37,5.8901384991363767E20
03:38:42,6.037391961614786E20
03:38:47,6.188326760655155E20
03:38:52,6.343034929671534E20
03:38:57,6.501610802913322E20
03:39:02,6.664151072986155E20
03:39:07,6.830754849810809E20
03:39:12,7.001523721056079E20
03:39:17,7.176561814082481E20
03:39:22,7.355975859434543E20
03:39:27,7.539875255920406E20
03:39:32,7.728372137318416E20
03:39:37,7.921581440751377E20
03:39:42,8.119620976770161E20
03:39:47,8.322611501189416E20
03:39:52,8.530676788719151E20
03:39:57,8.74394370843713E20
03:40:02,8.962542301148057E20
03:40:07,9.186605858676758E20
03:40:12,9.416271005143677E20
03:40:17,9.651677780272269E20
03:40:22,9.892969724779076E20
03:40:27,1.0140293967898553E21
03:40:32,1.0393801317096016E21
03:40:37,1.0653646350023417E21
03:40:42,1.0919987508774002E21
03:40:47,1.1192987196493352E21
03:40:52,1.1472811876405686E21
03:40:57,1.1759632173315828E21
03:41:02,1.2053622977648725E21
03:41:07,1.2354963552089942E21
03:41:12,1.266383764089219E21
03:41:17,1.2980433581914495E21
03:41:22,1.3304944421462357E21
03:41:27,1.3637568031998917E21
03:41:32,1.397850723279889E21
03:41:37,1.4327969913618862E21
03:41:42,1.4686169161459334E21
03:41:47,1.5053323390495818E21
03:41:52,1.5429656475258213E21
03:41:57,1.5815397887139667E21
03:42:02,1.621078283431816E21
03:42:07,1.6616052405176112E21
03:42:12,1.7031453715305516E21
03:42:17,1.7457240058188155E21
03:42:22,1.789367105964286E21
03:42:27,1.834101283613393E21
03:42:32,1.879953815703728E21
03:42:37,1.926952661096321E21
03:42:42,1.975126477623729E21
03:42:47,2.0245046395643222E21
03:42:52,2.0751172555534303E21
03:42:57,2.126995186942266E21
03:43:02,2.1801700666158227E21
03:43:07,2.2346743182812182E21
03:43:12,2.2905411762382486E21
03:43:17,2.3478047056442048E21
03:43:22,2.40649982328531E21
03:43:27,2.466662318867443E21
03:43:32,2.528328876839129E21
03:43:37,2.591537098760107E21
03:43:42,2.6563255262291097E21
03:43:47,2.7227336643848375E21
03:43:52,2.7908020059944586E21
03:43:57,2.86057205614432E21
03:44:02,2.932086357547928E21
03:44:07,3.0053885164866267E21
03:44:12,3.0805232293987924E21
03:44:17,3.157536310133762E21
03:44:22,3.236474717887106E21
03:44:27,3.3173865858342836E21
03:44:32,3.400321250480141E21
03:44:37,3.4853292817421445E21
03:44:42,3.572462513785698E21
03:44:47,3.66177407663034E21
03:44:52,3.7533184285460985E21
03:44:57,3.847151389259751E21
03:45:02,3.9433301739912445E21
03:45:07,4.0419134283410257E21
03:45:12,4.142961264049551E21
03:45:17,4.2465352956507896E21
03:45:22,4.3526986780420593E21
03:45:27,4.4615161449931106E21
03:45:32,4.5730540486179386E21
03:45:37,4.687380399833387E21
03:45:42,4.804564909829222E21
03:45:47,4.924679032574952E21
03:45:52,5.047796008389326E21
03:45:57,5.173990908599059E21
03:46:02,5.303340681314036E21
03:46:07,5.435924198346886E21
03:46:12,5.571822303305558E21
03:46:17,5.711117860888197E21
03:46:22,5.853895807410402E21
03:46:27,6.000243202595662E21
03:46:32,6.150249282660554E21
03:46:37,6.304005514727067E21
03:46:42,6.461605652595244E21
03:46:47,6.623145793910125E21
03:46:52,6.788724438757877E21
03:46:57,6.958442549726825E21
03:47:02,7.132403613469995E21
03:47:07,7.310713703806745E21
03:47:12,7.493481546401915E21
03:47:17,7.680818585061962E21
03:47:22,7.872839049688511E21
03:47:27,8.069660025930724E21
03:47:32,8.271401526578992E21
03:47:37,8.478186564743467E21
03:47:42,8.690141228862053E21
03:47:47,8.907394759583605E21
03:47:52,9.130079628573195E21
03:47:57,9.358331619287525E21
03:48:02,9.592289909769712E21
03:48:07,9.832097157513956E21
03:48:12,1.0077899586451804E22
03:48:17,1.03298470761131E22
03:48:22,1.0588093253015927E22
03:48:27,1.0852795584341325E22
03:48:32,1.112411547394986E22
03:48:37,1.1402218360798607E22
03:48:42,1.1687273819818573E22
03:48:47,1.1979455665314038E22
03:48:52,1.227894205694689E22
03:48:57,1.2585915608370562E22
03:49:02,1.2900563498579826E22
03:49:07,1.322307758604432E22
03:49:12,1.3553654525695428E22
03:49:17,1.3892495888837813E22
03:49:22,1.4239808286058757E22
03:49:27,1.4595803493210226E22
03:49:32,1.4960698580540481E22
03:49:37,1.5334716045053993E22
03:49:42,1.5718083946180342E22
03:49:47,1.611103604483485E22
03:49:52,1.6513811945955722E22
03:49:57,1.6926657244604616E22
03:50:02,1.734982367571973E22
03:50:07,1.7783569267612723E22
03:50:12,1.8228158499303042E22
03:50:17,1.8683862461785617E22
03:50:22,1.9150959023330257E22
03:50:27,1.9629732998913513E22
03:50:32,2.012047632388635E22
03:50:37,2.0623488231983507E22
03:50:42,2.1139075437783096E22
03:50:47,2.1667552323727675E22
03:50:52,2.2209241131820868E22
03:50:57,2.276447216011639E22
03:51:02,2.33335839641193E22
03:51:07,2.3916923563222283E22
03:51:12,2.451484665230284E22
03:51:17,2.5127717818610408E22
03:51:22,2.575591076407567E22
03:51:27,2.639980853317756E22
03:51:32,2.7059803746507E22
03:51:37,2.773629884016967E22
03:51:42,2.8429706311173912E22
03:51:47,2.914044896895326E22
03:51:52,2.986896019317709E22
03:51:57,3.0615684198006518E22
03:52:02,3.138107630295668E22
03:52:07,3.2165603210530598E22
03:52:12,3.2969743290793862E22
03:52:17,3.379398687306371E22
03:52:22,3.4638836544890305E22
03:52:27,3.5504807458512564E22
03:52:32,3.6392427644975378E22
03:52:37,3.730223833609976E22
03:52:42,3.823479429450225E22
03:52:47,3.919066415186481E22
03:52:52,4.017043075566143E22
03:52:57,4.1174691524552964E22
03:53:02,4.220405881266679E22
03:53:07,4.325916028298346E22
03:53:12,4.4340639290058045E22
03:53:17,4.54491552723095E22
03:53:22,4.658538415411723E22
03:53:27,4.775001875797016E22
03:53:32,4.894376922691942E22
03:53:37,5.01673634575924E22
03:53:42,5.142154754403221E22
03:53:47,5.270708623263301E22
03:53:52,5.402476338844884E22
03:53:57,5.537538247316006E22
03:54:02,5.6759767034989065E22
03:54:07,5.817876121086379E22
03:54:12,5.963323024113539E22
03:54:17,6.112406099716377E22
03:54:22,6.265216252209287E22
03:54:27,6.421846658514519E22
03:54:32,6.582392824977382E22
03:54:37,6.746952645601816E22
03:54:42,6.9156264617418615E22
03:54:47,7.088517123285408E22
03:54:52,7.265730051367543E22
03:54:57,7.447373302651732E22
03:55:02,7.633557635218026E22
03:55:07,7.824396576098476E22
03:55:12,8.020006490500937E22
03:55:17,8.220506652763461E22
03:55:22,8.426019319082547E22
03:55:27,8.636669802059611E22
03:55:32,8.852586547111102E22
03:55:37,9.07390121078888E22
03:55:42,9.300748741058603E22
03:55:47,9.533267459585068E22
03:55:52,9.771599146074696E22
03:55:57,1.0015889124726563E23
03:56:02,1.0266286352844726E23
03:56:07,1.0522943511665845E23
03:56:12,1.0786017099457491E23
03:56:17,1.1055667526943928E23
03:56:22,1.1332059215117527E23
03:56:27,1.1615360695495465E23
03:56:32,1.1905744712882851E23
03:56:37,1.2203388330704923E23
03:56:42,1.2508473038972547E23
03:56:47,1.282118486494686E23
03:56:52,1.3141714486570531E23
03:56:57,1.3470257348734794E23
03:57:02,1.3807013782453163E23
03:57:07,1.4152189127014493E23
03:57:12,1.4505993855189855E23
03:57:17,1.4868643701569602E23
03:57:22,1.5240359794108843E23
03:57:27,1.5621368788961563E23
03:57:32,1.60119030086856E23
03:57:37,1.641220058390274E23
03:57:42,1.682250559850031E23
03:57:47,1.7243068238462817E23
03:57:52,1.767414494442439E23
03:57:57,1.8115998568035E23
03:58:02,1.8568898532235873E23
03:58:07,1.903312099554177E23
03:58:12,1.9508949020430315E23
03:58:17,1.999667274594107E23
03:58:22,2.0496589564589598E23
03:58:27,2.100900430370434E23
03:58:32,2.153422941129695E23
03:58:37,2.207258514657937E23
03:58:42,2.2624399775243854E23
03:58:47,2.319000976962495E23
03:58:52,2.3769760013865576E23
03:58:57,2.4364004014212216E23
03:59:02,2.4973104114567522E23
03:59:07,2.559743171743171E23
03:59:12,2.62373675103675E23
03:59:17,2.689330169812669E23
03:59:22,2.7565634240579855E23
03:59:27,2.825477509659435E23
03:59:32,2.8961144474009208E23
03:59:37,2.968517308585944E23
03:59:42,3.042730241300592E23
03:59:47,3.118798497333107E23
03:59:52,3.196768459766435E23
03:59:57,3.2766876712605954E23
04:00:02,3.3586048630421105E23
04:00:07,3.4425699846181634E23
04:00:12,3.5286342342336174E23
04:00:17,3.616850090089458E23
04:00:22,3.7072713423416947E23
04:00:27,3.799953125900237E23
04:00:32,3.894951954047743E23
04:00:37,3.9923257528989365E23
04:00:42,4.09213389672141E23
04:00:47,4.194437244139445E23
04:00:52,4.2992981752429314E23
04:00:57,4.406780629624005E23
04:01:02,4.516950145364605E23
04:01:07,4.62987389899872E23
04:01:12,4.745620746473688E23
04:01:17,4.8642612651355303E23
04:01:22,4.985867796763919E23
04:01:27,5.110514491683017E23
04:01:32,5.2382773539750924E23
04:01:37,5.36923428782447E23
04:01:42,5.503465145020082E23
04:01:47,5.641051773645584E23
04:01:52,5.782078067986724E23
04:01:57,5.926630019686392E23
04:02:02,6.074795770178552E23
04:02:07,6.226665664433015E23
04:02:12,6.38233230604384E23
04:02:17,6.541890613694937E23
04:02:22,6.70543787903731E23
04:02:27,6.873073826013243E23
04:02:32,7.044900671663574E23
04:02:37,7.221023188455164E23
04:02:42,7.401548768166543E23
04:02:47,7.586587487370707E23
04:02:52,7.776252174554975E23
04:02:57,7.970658478918849E23
04:03:02,8.16992494089182E23
04:03:07,8.374173064414116E23
04:03:12,8.58352739102447E23
04:03:17,8.798115575800081E23
04:03:22,9.018068465195084E23
04:03:27,9.243520176824961E23
04:03:32,9.474608181245586E23
04:03:37,9.711473385776725E23
04:03:42,9.954260220421143E23
04:03:47,1.0203116725931672E24
04:03:52,1.0458194644079964E24
04:03:57,1.0719649510181963E24
04:04:02,1.0987640747936511E24
04:04:07,1.1262331766634923E24
04:04:12,1.1543890060800797E24
04:04:17,1.1832487312320818E24
04:04:22,1.2128299495128838E24
04:04:27,1.243150698250706E24
04:04:32,1.2742294657069736E24
04:04:37,1.3060852023496478E24
04:04:42,1.338737332408389E24
04:04:47,1.3722057657185987E24
04:04:52,1.4065109098615637E24
04:04:57,1.4416736826081028E24
04:05:02,1.4777155246733055E24
04:05:07,1.5146584127901382E24
04:05:12,1.5525248731098918E24
04:05:17,1.591337994937639E24
04:05:22,1.63112144481108E24
04:05:27,1.671899480931357E24
04:05:32,1.7136969679546408E24
04:05:37,1.756539392153507E24
04:05:42,1.8004528769573446E24
04:05:47,1.8454641988812782E24
04:05:52,1.89160080385331E24
04:05:57,1.9388908239496427E24
04:06:02,1.9873630945483838E24
04:06:07,2.0370471719120936E24
04:06:12,2.087973351209896E24
04:06:17,2.1401726849901433E24
04:06:22,2.1936770021148969E24
04:06:27,2.2485189271677693E24
04:06:32,2.3047319003469635E24
04:06:37,2.3623501978556376E24
04:06:42,2.4214089528020286E24
04:06:47,2.4819441766220795E24
04:06:52,2.543992781037631E24
04:06:57,2.607592600563572E24
04:07:02,2.6727824155776614E24
04:07:07,2.739601975967103E24
04:07:12,2.8080920253662805E24
04:07:17,2.8782943260004376E24
04:07:22,2.950251684150449E24
04:07:27,3.02400797625421E24
04:07:32,3.099608175660565E24
04:07:37,3.177098380052079E24
04:07:42,3.256525839553381E24
04:07:47,3.3379389855422153E24
04:07:52,3.421387460180771E24
04:07:57,3.50692214668529E24
04:08:02,3.594595200352422E24
04:08:07,3.6844600803612326E24
04:08:12,3.7765715823702635E24
04:08:17,3.87098587192952E24
04:08:22,3.967760518727758E24
04:08:27,4.066954531695952E24
04:08:32,4.1686283949883505E24
04:08:37,4.272844104863059E24
04:08:42,4.379665207484636E24
04:08:47,4.4891568376717516E24
04:08:52,4.6013857586135456E24
04:08:57,4.716420402578884E24
04:09:02,4.834330912643356E24
04:09:07,4.95518918545944E24
04:09:12,5.079068915095927E24
04:09:17,5.206045637973326E24
04:09:22,5.336196778922659E24
04:09:27,5.469601698395725E24
04:09:32,5.606341740855619E24
04:09:37,5.74650028437701E24
04:09:42,5.890162791486434E24
04:09:47,6.037416861273595E24
04:09:52,6.188352282805435E24
04:09:57,6.343061089875571E24
04:10:02,6.50163761712246E24
04:10:07,6.664178557550521E24
04:10:12,6.830783021489283E24
04:10:17,7.001552597026515E24
04:10:22,7.176591411952178E24
04:10:27,7.356006197250983E24
04:10:32,7.539906352182258E24
04:10:37,7.728404010986815E24
04:10:42,7.921614111261485E24
04:10:47,8.119654464043022E24
04:10:52,8.322645825644098E24
04:10:57,8.530711971285201E24
04:11:02,8.74397977056733E24
04:11:07,8.962579264831514E24
04:11:12,9.186643746452302E24
04:11:17,9.41630984011361E24
04:11:22,9.65171758611645E24
04:11:27,9.89301052576936E24
04:11:32,1.0140335788913594E25
04:11:37,1.0393844183636434E25
04:11:42,1.0653690288227345E25
04:11:47,1.092003254543303E25
04:11:52,1.1193033359068855E25
04:11:57,1.1472859193045577E25
04:12:02,1.1759680672871717E25
04:12:07,1.205367268969351E25
04:12:12,1.2355014506935847E25
04:12:17,1.2663889869609242E25
04:12:22,1.2980487116349473E25
04:12:27,1.330499929425821E25
04:12:32,1.3637624276614664E25
04:12:37,1.3978564883530032E25
04:12:42,1.4328029005618283E25
04:12:47,1.468622973075874E25
04:12:52,1.505338547402771E25
04:12:57,1.5429720110878402E25
04:13:02,1.5815463113650363E25
04:13:07,1.621084969149162E25
04:13:12,1.661612093377891E25
04:13:17,1.7031523957123383E25
04:13:22,1.7457312056051468E25
04:13:27,1.7893744857452755E25
04:13:32,1.8341088478889073E25
04:13:37,1.87996156908613E25
04:13:42,1.9269606083132832E25
04:13:47,1.975134623521115E25
04:13:52,2.024512989109143E25
04:13:57,2.0751258138368714E25
04:14:02,2.1270039591827933E25
04:14:07,2.1801790581623632E25
04:14:12,2.2346835346164225E25
04:14:17,2.2905506229818333E25
04:14:22,2.347814388556379E25
04:14:27,2.4065097482702887E25
04:14:32,2.466672491977046E25
04:14:37,2.5283393042764724E25
04:14:42,2.591547786883384E25
04:14:47,2.656336481555469E25
04:14:52,2.7227448935943556E25
04:14:57,2.7908135159342145E25
04:15:02,2.86058385383257E25
04:15:07,2.9320984501783843E25
04:15:12,3.005400911432844E25
04:15:17,3.080535934218665E25
04:15:22,3.157549332574132E25
04:15:27,3.236488065888485E25
04:15:32,3.3174002675356973E25
04:15:37,3.4003352742240897E25
04:15:42,3.485343656079692E25
04:15:47,3.572477247481684E25
04:15:52,3.661789178668726E25
04:15:57,3.7533339081354443E25
04:16:02,3.8471672558388303E25
04:16:07,3.943346437234801E25
04:16:12,4.041930098165672E25
04:16:17,4.142978350619814E25
04:16:22,4.246552809385309E25
04:16:27,4.352716629619941E25
04:16:32,4.46153454536044E25
04:16:37,4.573072908994451E25
04:16:42,4.687399731719312E25
04:16:47,4.804584725012295E25
04:16:52,4.924699343137602E25
04:16:57,5.047816826716042E25
04:17:02,5.174012247383943E25
04:17:07,5.303362553568542E25
04:17:12,5.435946617407755E25
04:17:17,5.571845282842949E25
04:17:22,5.711141414914023E25
04:17:27,5.853919950286873E25
04:17:32,6.000267949044045E25
04:17:37,6.150274647770146E25
04:17:42,6.3040315139644E25
04:17:47,6.4616323018135095E25
04:17:52,6.623173109358847E25
04:17:57,6.788752437092818E25
04:18:02,6.958471248020139E25
04:18:07,7.132433029220642E25
04:18:12,7.310743854951158E25
04:18:17,7.493512451324937E25
04:18:22,7.68085026260806E25
04:18:27,7.872871519173261E25
04:18:32,8.069693307152593E25
04:18:37,8.271435639831408E25
04:18:42,8.478221530827193E25
04:18:47,8.690177069097873E25
04:18:52,8.90743149582532E25
04:18:57,9.130117283220953E25
04:19:02,9.358370215301476E25
04:19:07,9.592329470684013E25
04:19:12,9.832137707451113E25
04:19:17,1.0077941150137391E26
04:19:22,1.0329889678890826E26
04:19:27,1.0588136920863096E26
04:19:32,1.0852840343884674E26
04:19:37,1.1124161352481791E26
04:19:42,1.1402265386293837E26
04:19:47,1.1687322020951183E26
04:19:52,1.1979505071474963E26
04:19:57,1.2278992698261837E26
04:20:02,1.2585967515718383E26
04:20:07,1.2900616703611343E26
04:20:12,1.3223132121201627E26
04:20:17,1.3553710424231668E26
04:20:22,1.3892553184837459E26
04:20:27,1.4239867014458396E26
04:20:32,1.4595863689819856E26
04:20:37,1.4960760282065352E26
04:20:42,1.5334779289116986E26
04:20:47,1.5718148771344912E26
04:20:52,1.6111102490628535E26
04:20:57,1.6513880052894248E26
04:21:02,1.6926727054216605E26
04:21:07,1.734989523057202E26
04:21:12,1.778364261133632E26
04:21:17,1.8228233676619727E26
04:21:22,1.868393951853522E26
04:21:27,1.91510380064986E26
04:21:32,1.9629813956661067E26
04:21:37,2.0120559305577593E26
04:21:42,2.062357328821703E26
04:21:47,2.113916262042246E26
04:21:52,2.166764168593302E26
04:21:57,2.2209332728081346E26
04:22:02,2.276456604628338E26
04:22:07,2.3333680197440465E26
04:22:12,2.3917022202376477E26
04:22:17,2.4514947757435888E26
04:22:22,2.5127821451371787E26
04:22:27,2.575601698765608E26
04:22:32,2.6399917412347483E26
04:22:37,2.705991534765617E26
04:22:42,2.7736413231347574E26
04:22:47,2.8429823562131262E26
04:22:52,2.9140569151184543E26
04:22:57,2.9869083379964157E26
04:23:02,3.061581046446326E26
04:23:07,3.1381205726074846E26
04:23:12,3.2165735869226714E26
04:23:17,3.2969879265957386E26
04:23:22,3.379412624760632E26
04:23:27,3.463897940379648E26
04:23:32,3.550495388889139E26
04:23:37,3.639257773611367E26
04:23:42,3.730239217951651E26
04:23:47,3.823495198400443E26
04:23:52,3.9190825783604536E26
04:23:57,4.017059642819465E26
04:24:02,4.1174861338899515E26
04:24:07,4.2204232872372E26
04:24:12,4.32593386941813E26
04:24:17,4.4340822161535835E26
04:24:22,4.544934271557423E26
04:24:27,4.6585576283463586E26
04:24:32,4.7750215690550176E26
04:24:37,4.894397108281393E26
04:24:42,5.016757035988428E26
04:24:47,5.142175961888139E26
04:24:52,5.270730360935342E26
04:24:57,5.4024986199587256E26
04:25:02,5.537561085457694E26
04:25:07,5.6760001125941365E26
04:25:12,5.8179001154089896E26
04:25:17,5.963347618294214E26
04:25:22,6.1124313087515695E26
04:25:27,6.265242091470359E26
04:25:32,6.421873143757118E26
04:25:37,6.582419972351046E26
04:25:42,6.746980471659823E26
04:25:47,6.915654983451318E26
04:25:52,7.0885463580376E26
04:25:57,7.26576001698854E26
04:26:02,7.447404017413254E26
04:26:08,7.633589117848586E26
04:26:12,7.8244288457948E26
04:26:17,8.02003956693967E26
04:26:22,8.220540556113163E26
04:26:27,8.426054070015992E26
04:26:32,8.636705421766391E26
04:26:37,8.85262305731055E26
04:26:42,9.073938633743314E26
04:26:47,9.300787099586898E26
04:26:52,9.53330677707657E26
04:26:57,9.771639446503485E26
04:27:02,1.0015930432666072E27
04:27:07,1.0266328693482723E27
04:27:12,1.052298691081979E27
04:27:17,1.0786061583590284E27
04:27:22,1.1055713123180042E27
04:27:27,1.1332105951259543E27
04:27:32,1.1615408600041033E27
04:27:37,1.1905793815042058E27
04:27:42,1.220343866041811E27
04:27:47,1.250852462692856E27
04:27:52,1.2821237742601774E27
04:27:57,1.3141768686166818E27
04:28:02,1.347031290332099E27
04:28:07,1.3807070725904015E27
04:28:12,1.4152247494051615E27
04:28:17,1.4506053681402905E27
04:28:22,1.4868705023437977E27
04:28:27,1.5240422649023927E27
04:28:32,1.5621433215249525E27
04:28:37,1.6011969045630764E27
04:28:42,1.6412268271771533E27
04:28:47,1.682257497856582E27
04:28:52,1.7243139353029964E27
04:28:57,1.7674217836855712E27
04:29:02,1.8116073282777106E27
04:29:07,1.8568975114846535E27
04:29:12,1.90331994927177E27
04:29:17,1.950902948003564E27
04:29:22,1.9996755217036532E27
04:29:27,2.0496674097462446E27
04:29:32,2.1009090949899006E27
04:29:37,2.153431822364648E27
04:29:42,2.2072676179237643E27
04:29:47,2.2624493083718586E27
04:29:52,2.319010541081155E27
04:29:57,2.3769858046081838E27
04:30:02,2.4364104497233883E27
04:30:07,2.497320710966473E27
04:30:12,2.5597537287406346E27
04:30:17,2.6237475719591503E27
04:30:22,2.6893412612581293E27
04:30:27,2.756574792789583E27
04:30:32,2.8254891626093225E27
04:30:37,2.8961263916745554E27
04:30:42,2.9685295514664194E27
04:30:47,3.04274279025308E27
04:30:52,3.118811360009407E27
04:30:57,3.1967816440096424E27
04:31:02,3.2767011851098835E27
04:31:07,3.358618714737631E27
04:31:12,3.4425841826060716E27
04:31:17,3.528648787171223E27
04:31:22,3.616865006850504E27
04:31:27,3.7072866320217664E27
04:31:32,3.7999687978223106E27
04:31:37,3.8949680177678685E27
04:31:42,3.992342218212065E27
04:31:47,4.092150773667367E27
04:31:53,4.194454543009051E27
04:31:58,4.2993159065842774E27
04:32:03,4.4067988042488845E27
04:32:08,4.516968774355107E27
04:32:13,4.629892993713984E27
04:32:18,4.745640318556834E27
04:32:23,4.864281326520755E27
04:32:28,4.985888359683774E27
04:32:33,5.110535568675868E27
04:32:38,5.238298957892765E27
04:32:43,5.369256431840084E27
04:32:48,5.503487842636086E27
04:32:53,5.641075038701988E27
04:32:58,5.782101914669537E27
04:33:03,5.926654462536275E27
04:33:08,6.074820824099683E27
04:33:13,6.226691344702175E27
04:33:18,6.382358628319729E27
04:33:23,6.541917594027722E27
04:33:28,6.705465533878415E27
04:33:33,6.873102172225375E27
04:33:38,7.04492972653101E27
04:33:43,7.221052969694286E27
04:33:48,7.401579293936643E27
04:33:53,7.58661877628506E27
04:33:58,7.776284245692186E27
04:34:03,7.97069135183449E27
04:34:08,8.169958635630352E27
04:34:13,8.374207601521112E27
04:34:18,8.58356279155914E27
04:34:23,8.798151861348118E27
04:34:28,9.018105657881821E27
04:34:33,9.243558299328867E27
04:34:38,9.47464725681209E27
04:34:43,9.711513438232392E27
04:34:48,9.954301274188202E27
04:34:53,1.0203158806042907E28
04:34:58,1.045823777619398E28
04:35:03,1.071969372059883E28
04:35:08,1.0987686063613801E28
04:35:13,1.1262378215204145E28
04:35:18,1.154393767058425E28
04:35:23,1.1832536112348855E28
04:35:28,1.2128349515157578E28
04:35:33,1.2431558253036517E28
04:35:38,1.274234720936243E28
04:35:43,1.306090588959649E28
04:35:48,1.3387428536836404E28
04:35:53,1.3722114250257313E28
04:35:58,1.4065167106513747E28
04:36:03,1.441679628417659E28
04:36:08,1.4777216191281005E28
04:36:13,1.514664659606303E28
04:36:18,1.5525312760964607E28
04:36:23,1.5913445579988722E28
04:36:28,1.6311281719488441E28
04:36:33,1.6719063762475651E28
04:36:38,1.7137040356537542E28
04:36:43,1.7565466365450981E28
04:36:48,1.8004603024587256E28
04:36:53,1.8454718100201938E28
04:36:58,1.8916086052706987E28
04:37:03,1.938898820402466E28
04:37:08,1.9873712909125277E28
04:37:13,2.037055573185341E28
04:37:18,2.0879819625149748E28
04:37:23,2.1401815115778493E28
04:37:28,2.1936860493672956E28
04:37:33,2.248528200601478E28
04:37:38,2.304741405616515E28
04:37:43,2.3623599407569277E28
04:37:48,2.421418939275851E28
04:37:53,2.4819544127577475E28
04:37:58,2.544003273076691E28
04:38:03,2.6076033549036083E28
04:38:08,2.6727934387761985E28
04:38:13,2.7396132747456035E28
04:38:18,2.8081036066142435E28
04:38:23,2.8783061967795996E28
04:38:28,2.9502638516990895E28
04:38:33,3.0240204479915667E28
04:38:38,3.099620959191356E28
04:38:43,3.17711148317114E28
04:38:48,3.2565392702504184E28
04:38:53,3.337952752006679E28
04:38:58,3.421401570806846E28
04:39:03,3.5069366100770173E28
04:39:08,3.5946100253289427E28
04:39:13,3.6844752759621664E28
04:39:18,3.7765871578612207E28
04:39:23,3.8710018368077513E28
04:39:28,3.967776882727945E28
04:39:33,4.066971304796144E28
04:39:38,4.168645587416047E28
04:39:43,4.272861727101449E28
04:39:48,4.379683270278985E28
04:39:53,4.48917535203596E28
04:39:58,4.601404735836859E28
04:40:03,4.716439854232781E28
04:40:08,4.8343508505886E28
04:40:13,4.955209621853315E28
04:40:18,5.079089862399648E28
04:40:23,5.206067108959639E28
04:40:28,5.33621878668363E28
04:40:33,5.46962425635072E28
04:40:38,5.606364862759489E28
04:40:43,5.746523984328476E28
04:40:48,5.890187083936687E28
04:40:53,6.037441761035104E28
04:40:58,6.1883778050609815E28
04:41:03,6.343087250187506E28
04:41:08,6.501664431442194E28
04:41:13,6.664206042228249E28
04:41:18,6.8308111932839555E28
04:41:23,7.0015814731160545E28
04:41:28,7.176621009943956E28
04:41:33,7.3560365351925555E28
04:41:38,7.53993744857237E28
04:41:43,7.728435884786679E28
04:41:48,7.921646781906346E28
04:41:53,8.119687951454005E28
04:41:58,8.322680150240355E28
04:42:03,8.530747153996364E28
04:42:08,8.744015832846272E28
04:42:13,8.962616228667428E28
04:42:18,9.186681634384115E28
04:42:23,9.416348675243718E28
04:42:28,9.65175739212481E28
04:42:33,9.89305132692793E28
04:42:38,1.0140377610101129E29
04:42:43,1.0393887050353656E29
04:42:48,1.0653734226612497E29
04:42:53,1.0920077582277809E29
04:42:58,1.1193079521834754E29
04:43:03,1.1472906509880622E29
04:43:08,1.1759729172627638E29
04:43:13,1.2053722401943329E29
04:43:18,1.2355065461991911E29
04:43:23,1.2663942098541709E29
04:43:28,1.2980540651005252E29
04:43:33,1.3305054167280383E29
04:43:38,1.3637680521462392E29
04:43:43,1.3978622534498951E29
04:43:48,1.4328088097861424E29
04:43:53,1.468629030030796E29
04:43:58,1.505344755781566E29
04:44:03,1.5429783746761051E29
04:44:08,1.5815528340430078E29
04:44:13,1.621091654894083E29
04:44:18,1.661618946266435E29
04:44:23,1.703159419923096E29
04:44:28,1.7457384054211735E29
04:44:33,1.789381865556703E29
04:44:38,1.8341164121956205E29
04:44:43,1.879969322500511E29
04:44:48,1.926968555563024E29
04:44:53,1.9751427694520997E29
04:44:58,2.0245213386884023E29
04:45:03,2.0751343721556125E29
04:45:08,2.127012731459503E29
04:45:13,2.1801880497459905E29
04:45:18,2.23469275098964E29
04:45:23,2.290560069764381E29
04:45:28,2.3478240715084906E29
04:45:33,2.406519673296203E29
04:45:38,2.466682665128608E29
04:45:43,2.5283497317568234E29
04:45:48,2.591558475050744E29
04:45:53,2.6563474369270127E29
04:45:58,2.722756122850188E29
04:46:03,2.7908250259214428E29
04:46:08,2.8605956515694787E29
04:46:13,2.9321105428587156E29
04:46:18,3.0054133064301833E29
04:46:23,3.080548639090938E29
04:46:28,3.1575623550682114E29
04:46:33,3.2365014139449166E29
04:46:38,3.31741394929354E29
04:46:43,3.4003492980258786E29
04:46:48,3.4853580304765254E29
04:46:53,3.5724919812384384E29
04:46:58,3.661804280769399E29
04:47:03,3.7533493877886345E29
04:47:08,3.8471831224833506E29
04:47:13,3.943362700545434E29
04:47:18,4.04194676805907E29
04:47:23,4.142995437260546E29
04:47:28,4.24657032319206E29
04:47:33,4.352734581271861E29
04:47:38,4.461552945803658E29
04:47:43,4.573091769448749E29
04:47:48,4.687419063684968E29
04:47:53,4.804604540277092E29
04:47:58,4.924719653784019E29
04:48:03,5.04783764512862E29
04:48:08,5.174033586256836E29
04:48:13,5.303384425913257E29
04:48:18,5.435969036561089E29
04:48:23,5.571868262475116E29
04:48:28,5.711164969036994E29
04:48:33,5.853944093262919E29
04:48:38,6.000292695594492E29
04:48:43,6.1503000129843546E29
04:48:48,6.304057513308963E29
04:48:53,6.461658951141687E29
04:48:58,6.62320042492023E29
04:49:03,6.788780435543235E29
04:49:08,6.958499946431816E29
04:49:13,7.132462445092611E29
04:49:18,7.310774006219926E29
04:49:23,7.493543356375424E29
04:49:28,7.68088194028481E29
04:49:33,7.87290398879193E29
04:49:38,8.069726588511729E29
04:49:43,8.271469753224523E29
04:49:48,8.478256497055136E29
04:49:53,8.690212909481514E29
04:49:58,8.907468232218552E29
04:50:03,9.130154938024016E29
04:50:08,9.358408811474616E29
04:50:13,9.592369031761481E29
04:50:18,9.832178257555518E29
04:50:23,1.0077982713994407E30
04:50:28,1.0329932281844267E30
04:50:33,1.0588180588890374E30
04:50:38,1.0852885103612634E30
04:50:43,1.112420723120295E30
04:50:48,1.1402312411983023E30
04:50:53,1.1687370222282599E30
04:50:58,1.1979554477839664E30
04:51:03,1.2279043339785655E30
04:51:08,1.2586019423280296E30
04:51:13,1.2900669908862304E30
04:51:18,1.3223186656583862E30
04:51:23,1.3553766322998458E30
04:51:28,1.3892610481073418E30
04:51:33,1.4239925743100254E30
04:51:38,1.459592388667776E30
04:51:43,1.4960821983844705E30
04:51:48,1.5334842533440823E30
04:51:53,1.5718213596776843E30
04:51:58,1.6111168936696264E30
04:52:03,1.651394816011367E30
04:52:08,1.6926796864116513E30
04:52:13,1.7349966785719425E30
04:52:18,1.778371595536241E30
04:52:23,1.822830885424647E30
04:52:28,1.868401657560263E30
04:52:33,1.9151116989992697E30
04:52:38,1.9629894914742513E30
04:52:43,2.0120642287611075E30
04:52:48,2.0623658344801352E30
04:52:53,2.1139249803421386E30
04:52:58,2.166773104850692E30
04:53:03,2.2209424324719594E30
04:53:08,2.2764659932837585E30
04:53:13,2.3333776431158523E30
04:53:18,2.3917120841937486E30
04:53:23,2.4515048862985924E30
04:53:28,2.5127925084560573E30
04:53:33,2.575612321167459E30
04:53:38,2.640002629196645E30
04:53:43,2.7060026949265615E30
04:53:48,2.773652762299726E30
04:53:53,2.842994081357219E30
04:53:58,2.9140689333911493E30
04:54:03,2.986920656725928E30
04:54:08,3.0615936731440764E30
04:54:13,3.138133514972678E30
04:54:18,3.216586852846995E30
04:54:23,3.29700152416817E30
04:54:28,3.379426562272374E30
04:54:33,3.463912226329183E30
04:54:38,3.550510031987413E30
04:54:43,3.639272782787098E30
04:54:48,3.7302546023567756E30
04:54:53,3.823510967415695E30
04:54:58,3.919098741601087E30
04:55:03,4.017076210141114E30
04:55:08,4.117503115394642E30
04:55:13,4.220440693279508E30
04:55:18,4.325951710611496E30
04:55:23,4.4341005033767836E30
04:55:28,4.544953015961203E30
04:55:33,4.6585768413602333E30
04:55:38,4.7750412623942393E30
04:55:43,4.894417293954095E30
04:55:48,5.016777726302948E30
04:55:53,5.142197169460521E30
04:55:58,5.270752098697035E30
04:56:03,5.40252090116446E30
04:56:08,5.537583923693572E30
04:56:13,5.676023521785911E30
04:56:18,5.817924109830559E30
04:56:23,5.963372212576323E30
04:56:28,6.112456517890731E30
04:56:33,6.265267930838E30
04:56:38,6.421899629108949E30
04:56:43,6.582447119836673E30
04:56:48,6.747008297832589E30
04:56:53,6.915683505278405E30
04:56:58,7.088575592910365E30
04:57:03,7.265789982733124E30
04:57:08,7.447434732301452E30
04:57:13,7.633620600608988E30
04:57:18,7.824461115624213E30
04:57:23,8.020072643514818E30
04:57:28,8.220574459602689E30
04:57:33,8.426088821092756E30
04:57:38,8.636741041620074E30
04:57:43,8.852659567660576E30
04:57:48,9.07397605685209E30
04:57:53,9.300825458273393E30
04:57:58,9.533346094730228E30
04:58:03,9.771679747098483E30
04:58:08,1.0015971740775945E31
04:58:13,1.0266371034295343E31
04:58:18,1.0523030310152727E31
04:58:23,1.0786106067906546E31
04:58:28,1.105575871960421E31
04:58:33,1.1332152687594315E31
04:58:38,1.1615456504784174E31
04:58:43,1.1905842917403778E31
04:58:48,1.2203488990338872E31
04:58:53,1.2508576215097343E31
04:58:58,1.2821290620474778E31
04:59:03,1.3141822885986648E31
04:59:08,1.3470368458136314E31
04:59:13,1.3807127669589722E31
04:59:18,1.4152305861329465E31
04:59:23,1.45061135078627E31
04:59:28,1.486876634555927E31
04:59:33,1.524048550419825E31
04:59:38,1.5621497641803205E31
04:59:43,1.6012035082848285E31
04:59:48,1.6412335959919492E31
04:59:53,1.6822644358917478E31
04:59:58,1.7243210467890415E31
05:00:03,1.7674290729587677E31
05:00:08,1.8116147997827369E31
05:00:13,1.8569051697773053E31
05:00:18,1.903327799021738E31
05:00:23,1.9509109939972815E31
05:00:28,1.9996837688472135E31
05:00:33,2.049675863068394E31
05:00:38,2.100917759645104E31
05:00:43,2.1534407036362317E31
05:00:48,2.2072767212271374E31
05:00:53,2.262458639257816E31
05:00:58,2.3190201052392613E31
05:01:03,2.376995607870243E31
05:01:08,2.436420498066999E31
05:01:13,2.497331010518674E31
05:01:18,2.559764285781641E31
05:01:23,2.623758392926182E31
05:01:28,2.6893523527493362E31
05:01:33,2.7565861615680694E31
05:01:38,2.8255008156072713E31
05:01:43,2.8961383359974533E31
05:01:48,2.9685417943973896E31
05:01:53,3.0427553392573244E31
05:01:58,3.1188242227387577E31
05:02:03,3.1967948283072265E31
05:02:08,3.276714699014907E31
05:02:13,3.3586325664902797E31
05:02:18,3.442598380652537E31
05:02:23,3.52866334016885E31
05:02:28,3.6168799236730713E31
05:02:33,3.707301921764898E31
05:02:38,3.7999844698090204E31
05:02:43,3.894984081554246E31
05:02:48,3.9923586835931024E31
05:02:53,4.09216765068293E31
05:02:58,4.194471841950004E31
05:03:03,4.299333637998754E31
05:03:08,4.406816978948723E31
05:03:13,4.516987403422441E31
05:03:18,4.6299120885080025E31
05:03:23,4.745659890720702E31
05:03:28,4.86430138798872E31
05:03:33,4.9859089226884385E31
05:03:38,5.11055664575565E31
05:03:43,5.238320561899541E31
05:03:48,5.369278575947029E31
05:03:53,5.503510540345705E31
05:03:58,5.6410983038543475E31
05:04:03,5.782125761450706E31
05:04:08,5.9266789054869735E31
05:04:13,6.074845878124147E31
05:04:18,6.226717025077251E31
05:04:23,6.382384950704182E31
05:04:28,6.541944574471787E31
05:04:33,6.705493188833582E31
05:04:38,6.873130518554421E31
05:04:43,7.044958781518282E31
05:04:48,7.221082751056239E31
05:04:53,7.401609819832645E31
05:04:59,7.5866500653284615E31
05:05:03,7.776316316961673E31
05:05:08,7.970724224885715E31
05:05:13,8.169992330507858E31
05:05:18,8.374242138770555E31
05:05:23,8.58359819223982E31
05:05:28,8.798188147045815E31
05:05:33,9.01814285072196E31
05:05:38,9.243596421990008E31
05:05:43,9.474686332539758E31
05:05:48,9.711553490853253E31
05:05:53,9.954342328124584E31
05:05:58,1.0203200886327699E32
05:06:03,1.0458280908485891E32
05:06:08,1.0719737931198038E32
05:06:13,1.0987731379477988E32
05:06:18,1.1262424663964938E32
05:06:23,1.154398528056406E32
05:06:28,1.1832584912578162E32
05:06:33,1.2128399535392615E32
05:06:38,1.243160952377743E32
05:06:43,1.2742399761871865E32
05:06:48,1.306095975591866E32
05:06:53,1.3387483749816627E32
05:06:58,1.3722170843562042E32
05:07:03,1.4065225114651092E32
05:07:08,1.441685574251737E32
05:07:13,1.4777277136080304E32
05:07:18,1.5146709064482312E32
05:07:23,1.552537679109437E32
05:07:28,1.5913511210871729E32
05:07:33,1.631134899114352E32
05:07:38,1.671913271592211E32
05:07:43,1.7137111033820162E32
05:07:48,1.7565538809665666E32
05:07:53,1.800467727990731E32
05:07:58,1.845479421190499E32
05:08:03,1.8916164067202617E32
05:08:08,1.938906816888268E32
05:08:13,1.987379487310475E32
05:08:18,2.0370639744932367E32
05:08:23,2.0879905738555678E32
05:08:28,2.140190338201957E32
05:08:33,2.193695096657006E32
05:08:38,2.2485374740734313E32
05:08:43,2.304750910925267E32
05:08:48,2.362369683698399E32
05:08:53,2.421428925790859E32
05:08:58,2.4819646489356304E32
05:09:03,2.5440137651590212E32
05:09:08,2.6076141092879967E32
05:09:13,2.6728044620201968E32
05:09:18,2.7396245735707018E32
05:09:23,2.8081151879099694E32
05:09:28,2.8783180676077186E32
05:09:33,2.9502760192979115E32
05:09:38,3.0240329197803594E32
05:09:43,3.0996337427748684E32
05:09:48,3.17712458634424E32
05:09:53,3.2565527010028464E32
05:09:58,3.337966518527917E32
05:10:03,3.421415681491115E32
05:10:08,3.506951073528393E32
05:10:13,3.594624850366602E32
05:10:18,3.684490471625767E32
05:10:23,3.776602733416412E32
05:10:28,3.871017801751822E32
05:10:33,3.9677932467956176E32
05:10:38,4.066988077965508E32
05:10:43,4.168662779914646E32
05:10:48,4.2728793494125115E32
05:10:53,4.3797013331478244E32
05:10:58,4.48919386647652E32
05:11:03,4.601423713138433E32
05:11:08,4.7164593059668936E32
05:11:13,4.834370788616066E32
05:11:18,4.9552300583314676E32
05:11:23,5.079110809789754E32
05:11:28,5.206088580034498E32
05:11:33,5.33624079453536E32
05:11:38,5.469646814398744E32
05:11:43,5.606387984758712E32
05:11:48,5.74654768437768E32
05:11:53,5.890211376487122E32
05:11:58,6.0374666608993E32
05:12:03,6.188403327421782E32
05:12:08,6.3431134106073264E32
05:12:13,6.50169124587251E32
05:12:18,6.664233527019322E32
05:12:23,6.830839365194804E32
05:12:28,7.001610349324674E32
05:12:33,7.176650608057791E32
05:12:38,7.356066873259236E32
05:12:43,7.539968545090717E32
05:12:48,7.728467758717986E32
05:12:53,7.921679452685934E32
05:12:58,8.119721439003083E32
05:13:03,8.32271447497816E32
05:13:08,8.530782336852614E32
05:13:13,8.744051895273929E32
05:13:18,8.962653192655777E32
05:13:23,9.186719522472172E32
05:13:28,9.416387510533976E32
05:13:33,9.651797198297326E32
05:13:38,9.893092128254758E32
05:13:43,1.0140419431461127E33
05:13:48,1.0393929917247656E33
05:13:53,1.0653778165178847E33
05:13:58,1.0920122619308319E33
05:14:03,1.1193125684791027E33
05:14:08,1.1472953826910803E33
05:14:13,1.1759777672583573E33
05:14:18,1.2053772114398162E33
05:14:23,1.2355116417258116E33
05:14:28,1.2663994327689569E33
05:14:33,1.2980594185881808E33
05:14:38,1.3305109040528854E33
05:14:43,1.3637736766542075E33
05:14:48,1.3978680185705627E33
05:14:53,1.4328147190348268E33
05:14:58,1.4686350870106974E33
05:15:03,1.5053509641859649E33
05:15:08,1.542984738290614E33
05:15:13,1.5815593567478794E33
05:15:18,1.6210983406665763E33
05:15:23,1.6616257991832408E33
05:15:28,1.703166444162822E33
05:15:33,1.7457456052668924E33
05:15:38,1.7893892453985647E33
05:15:43,1.834123976533529E33
05:15:48,1.879977075946867E33
05:15:53,1.9269765028455386E33
05:15:58,1.975150915416677E33
05:16:03,2.024529688302094E33
05:16:08,2.0751429305096466E33
05:16:13,2.127021503772388E33
05:16:18,2.1801970413666977E33
05:16:23,2.234701967400865E33
05:16:28,2.2905695165858867E33
05:16:33,2.3478337545005338E33
05:16:38,2.406529598363047E33
05:16:43,2.4666928383221233E33
05:16:48,2.5283601592801763E33
05:16:53,2.5915691632621807E33
05:16:58,2.656358392343735E33
05:17:03,2.722767352152328E33
05:17:08,2.790836535956136E33
05:17:13,2.8606074493550393E33
05:17:18,2.9321226355889153E33
05:17:23,3.005425701478638E33
05:17:28,3.080561344015604E33
05:17:33,3.157575377615994E33
05:17:38,3.2365147620563937E33
05:17:43,3.3174276311078036E33
05:17:48,3.400363321885499E33
05:17:53,3.485372404932636E33
05:17:58,3.572506715055952E33
05:18:03,3.661819382932351E33
05:18:08,3.7533648675056597E33
05:18:13,3.847198989193301E33
05:18:18,3.943378963923134E33
05:18:23,4.041963438021212E33
05:18:28,4.1430125239717425E33
05:18:33,4.246587837071036E33
05:18:38,4.352752532997812E33
05:18:43,4.461571346322757E33
05:18:48,4.5731106299808257E33
05:18:53,4.6874383957303465E33
05:18:58,4.804624355623605E33
05:19:03,4.924739964514195E33
05:19:08,5.04785846362705E33
05:19:13,5.1740549252177264E33
05:19:18,5.303406298348169E33
05:19:23,5.435991455806874E33
05:19:28,5.571891242202046E33
05:19:33,5.711188523257096E33
05:19:38,5.853968236338523E33
05:19:43,6.000317442246986E33
05:19:48,6.150325378303161E33
05:19:53,6.304083512760739E33
05:19:58,6.461685600579758E33
05:20:03,6.623227740594252E33
05:20:08,6.788808434109109E33
05:20:13,6.958528644961836E33
05:20:18,7.132491861085882E33
05:20:23,7.31080415761303E33
05:20:28,7.493574261553355E33
05:20:33,7.680913618092189E33
05:20:38,7.872936458544494E33
05:20:43,8.069759870008106E33
05:20:48,8.271503866758309E33
05:20:53,8.478291463427266E33
05:20:58,8.690248750012948E33
05:21:03,8.907504968763272E33
05:21:08,9.130192592982354E33
05:21:13,9.358447407806913E33
05:21:18,9.592408593002086E33
05:21:23,9.832218807827139E33
05:21:28,1.0078024278022817E34
05:21:33,1.0329974884973387E34
05:21:38,1.058822425709772E34
05:21:43,1.0852929863525165E34
05:21:48,1.1124253110113294E34
05:21:53,1.1402359437866127E34
05:21:58,1.168741842381278E34
05:22:03,1.1979603884408098E34
05:22:08,1.22790939815183E34
05:22:13,1.2586071331056256E34
05:22:18,1.2900723114332662E34
05:22:23,1.3223241192190978E34
05:22:28,1.3553822221995753E34
05:22:33,1.3892667777545647E34
05:22:38,1.423998447198429E34
05:22:43,1.4595984083783896E34
05:22:48,1.4960883685878492E34
05:22:53,1.5334905778025455E34
05:22:58,1.571827842247609E34
05:23:03,1.6111235383037993E34
05:23:08,1.6514016267613942E34
05:23:13,1.692686667430429E34
05:23:18,1.7350038341161898E34
05:23:23,1.7783789299690945E34
05:23:28,1.8228384032183219E34
05:23:33,1.8684093632987799E34
05:23:38,1.9151195973812495E34
05:23:43,1.9629975873157808E34
05:23:48,2.0120725269986753E34
05:23:53,2.062374340173642E34
05:23:58,2.113933698677983E34
05:24:03,2.1667820411449325E34
05:24:08,2.220951592173556E34
05:24:13,2.2764753819778947E34
05:24:18,2.333387266527342E34
05:24:23,2.3917219481905257E34
05:24:28,2.451514996895289E34
05:24:33,2.512802871817671E34
05:24:38,2.575622943613113E34
05:24:43,2.6400135172034407E34
05:24:48,2.7060138551335265E34
05:24:53,2.7736642015118646E34
05:24:58,2.8430058065496613E34
05:25:03,2.9140809517134027E34
05:25:08,2.986932975506238E34
05:25:13,3.061606299893894E34
05:25:18,3.138146457391241E34
05:25:23,3.216600118826022E34
05:25:28,3.2970151217966727E34
05:25:33,3.3794404998415896E34
05:25:39,3.4639265123376296E34
05:25:44,3.5505246751460705E34
05:25:49,3.6392877920247222E34
05:25:54,3.7302699868253403E34
05:25:59,3.8235267364959737E34
05:26:04,3.919114904908373E34
05:26:09,4.017092777531082E34
05:26:14,4.117520096969359E34
05:26:19,4.220458099393593E34
05:26:24,4.325969551878433E34
05:26:29,4.434118790675394E34
05:26:34,4.5449717604422785E34
05:26:39,4.658596054453336E34
05:26:44,4.7750609558146695E34
05:26:49,4.894437479710036E34
05:26:54,5.016798416702786E34
05:26:59,5.142218377120356E34
05:27:04,5.270773836548365E34
05:27:09,5.402543182462073E34
05:27:14,5.537606762023625E34
05:27:19,5.676046931074216E34
05:27:24,5.8179481043510715E34
05:27:29,5.963396806959848E34
05:27:34,6.112481727133845E34
05:27:39,6.265293770312191E34
05:27:44,6.421926114569996E34
05:27:49,6.582474267434246E34
05:27:54,6.747036124120102E34
05:27:59,6.915712027223105E34
05:28:04,7.088604827903683E34
05:28:09,7.2658199486012745E34
05:28:14,7.447465447316306E34
05:28:19,7.633652083499214E34
05:28:24,7.824493385586695E34
05:28:29,8.020105720226362E34
05:28:34,8.220608363232021E34
05:28:39,8.426123572312821E34
05:28:44,8.636776661620642E34
05:28:49,8.852696078161158E34
05:28:54,9.074013480115187E34
05:28:59,9.300863817118065E34
05:29:04,9.533385412546016E34
05:29:09,9.771720047859667E34
05:29:14,1.0016013049056158E35
05:29:19,1.0266413375282562E35
05:29:24,1.0523073709664626E35
05:29:29,1.0786150552406243E35
05:29:34,1.1055804316216398E35
05:29:39,1.1332199424121808E35
05:29:44,1.1615504409724853E35
05:29:49,1.1905892019967974E35
05:29:54,1.2203539320467173E35
05:29:59,1.2508627803478853E35
05:30:04,1.2821343498565824E35
05:30:09,1.314187708602997E35
05:30:14,1.347042401318072E35
05:30:19,1.3807184613510238E35
05:30:24,1.4152364228847994E35
05:30:29,1.4506173334569194E35
05:30:34,1.4868827667933423E35
05:30:39,1.5240548359631759E35
05:30:44,1.5621562068622552E35
05:30:49,1.6012101120338117E35
05:30:54,1.641240364834657E35
05:30:59,1.6822713739555233E35
05:31:04,1.7243281583044114E35
05:31:09,1.7674363622620216E35
05:31:14,1.8116222713185723E35
05:31:19,1.8569128281015366E35
05:31:24,1.903335648804075E35
05:31:29,1.9509190400241767E35
05:31:34,1.9996920160247813E35
05:31:39,2.0496843164254008E35
05:31:44,2.100926424336036E35
05:31:49,2.1534495849444366E35
05:31:54,2.2072858245680476E35
05:31:59,2.2624679701822488E35
05:32:04,2.319029669436805E35
05:32:09,2.3770054111727252E35
05:32:14,2.4364305464520432E35
05:32:19,2.497341310113344E35
05:32:24,2.559774842866178E35
05:32:29,2.6237692139378323E35
05:32:34,2.689363444286278E35
05:32:39,2.7565975303934352E35
05:32:44,2.825512468653271E35
05:32:49,2.8961502803696027E35
05:32:54,2.968554037378843E35
05:32:59,3.042767888313314E35
05:33:04,3.118837085521147E35
05:33:09,3.1968080126591755E35
05:33:14,3.2767282129756548E35
05:33:19,3.358646418300046E35
05:33:24,3.4426125787575474E35
05:33:29,3.528677893226486E35
05:33:34,3.616894840557148E35
05:33:39,3.707317211571077E35
05:33:44,3.800000141860354E35
05:33:49,3.8950001454068625E35
05:33:54,3.992375149042034E35
05:33:59,4.092184527768085E35
05:34:04,4.194489140962287E35
05:34:09,4.299351369486344E35
05:34:14,4.406835153723503E35
05:34:19,4.51700603256659E35
05:34:24,4.629931183380755E35
05:34:29,4.745679462965274E35
05:34:34,4.8643214495394056E35
05:34:39,4.985929485777891E35
05:34:44,5.1105777229223384E35
05:34:49,5.238342165995397E35
05:34:54,5.3693007201452814E35
05:34:59,5.5035332381489136E35
05:35:04,5.6411215691026364E35
05:35:09,5.782149608330202E35
05:35:14,5.926703348538457E35
05:35:19,6.074870932251918E35
05:35:24,6.226742705558216E35
05:35:29,6.382411273197172E35
05:35:34,6.541971555027101E35
05:35:39,6.705520843902779E35
05:35:44,6.873158865000348E35
05:35:49,7.044987836625356E35
05:35:54,7.221112532540989E35
05:35:59,7.401640345854514E35
05:36:04,7.586681354500877E35
05:36:09,7.776348388363398E35
05:36:14,7.970757098072484E35
05:36:19,8.170026025524295E35
05:36:24,8.374276676162403E35
05:36:29,8.583633593066463E35
05:36:34,8.798224432893125E35
05:36:39,9.018180043715453E35
05:36:44,9.243634544808339E35
05:36:49,9.474725408428546E35
05:36:54,9.71159354363926E35
05:36:59,9.954383382230242E35
05:37:04,1.0203242966785998E36
05:37:09,1.0458324040955648E36
05:37:14,1.0719782141979538E36
05:37:19,1.0987776695529027E36
05:37:24,1.1262471112917252E36
05:37:29,1.1544032890740183E36
05:37:34,1.1832633713008688E36
05:37:39,1.2128449555833905E36
05:37:44,1.2431660794729753E36
05:37:49,1.2742452314597997E36
05:37:54,1.3061013622462946E36
05:37:59,1.338753896302452E36
05:38:04,1.3722227437100133E36
05:38:09,1.4065283123027638E36
05:38:14,1.441691520110333E36
05:38:19,1.4777338081130914E36
05:38:24,1.5146771533159186E36
05:38:29,1.5525440821488167E36
