01:15:11,108.1216
01:15:16,135.5717
01:15:21,170.2669
01:15:26,213.1171
01:15:31,266.8614
01:15:36,334.4258
01:15:41,418.2913
01:15:46,522.9902
01:15:51,653.9922
01:15:56,818.1088
01:16:01,1023.5755
01:16:06,1279.8795
01:16:11,1600.5112
01:16:16,2001.0956
01:16:21,2502.2849
01:16:26,3128.6019
01:16:31,3911.1505
01:16:36,4889.7377
01:16:41,6112.5114
01:16:46,7640.9107
01:16:51,9551.509
01:16:56,11939.5442
01:17:01,14925.1712
01:17:06,18656.7638
01:17:11,23321.4376
01:17:16,29152.8785
01:17:21,36441.4978
01:17:26,45552.34
01:17:31,56941.3925
01:17:36,71177.246
01:17:41,88972.1486
01:17:46,111215.6627
01:17:51,139020.3885
01:17:56,173776.3262
01:18:01,217220.7478
01:18:06,271526.8977
01:18:11,339408.7821
01:18:16,424261.2715
01:18:21,530327.3034
01:18:26,662909.8688
01:18:31,828637.8744
01:18:36,1035797.8104
01:18:41,1294747.9894
01:18:46,1618435.454
01:18:51,2023045.1692
01:18:56,2528806.886
01:19:01,3161009.1674
01:19:06,3951262.1601
01:19:11,4939078.2405
01:19:16,6173848.7892
01:19:21,7717311.6558
01:19:26,9646640.082
01:19:31,1.2058300833E7
01:19:36,1.50728767085E7
01:19:41,1.88410963984E7
01:19:46,2.35513709866E7
01:19:51,2.94392147549E7
01:19:56,3.67990185931E7
01:20:01,4.59987735194E7
01:20:06,5.74984670138E7
01:20:11,7.1873084838E7
01:20:16,8.98413566819E7
01:20:21,1.12301696835E8
01:20:26,1.403771215225E8
01:20:31,1.754714029137E8
01:20:36,2.193392545157E8
01:20:41,2.741740687117E8
01:20:46,3.427175867047E8
01:20:51,4.283969842595E8
01:20:56,5.354962306014E8
01:21:01,6.693702888483E8
01:21:06,8.367128613018E8
01:21:11,1.0458910772255E9
01:21:16,1.3073638471829E9
01:21:21,1.6342048100198E9
01:21:26,2.0427560133068E9
01:21:31,2.5534450172083E9
01:21:36,3.1918062724036E9
01:21:41,3.9897578414911E9
01:21:46,4.9871973022864E9
01:21:51,6.2339966283737E9
01:21:56,7.7924957863996E9
01:22:01,9.7406197337417E9
01:22:06,1.21757746679642E10
01:22:11,1.52197183351777E10
01:22:16,1.90246479198282E10
01:22:21,2.3780809900078E10
01:22:26,2.97260123752511E10
01:22:31,3.71575154693904E10
01:22:36,4.6446894337228E10
01:22:41,5.80586179224844E10
01:22:46,7.25732724039694E10
01:22:51,9.07165905056252E10
01:22:56,1.133957381328366E11
01:23:01,1.417446726663202E11
01:23:06,1.771808408331012E11
01:23:11,2.214760510418786E11
01:23:16,2.768450638034069E11
01:23:21,3.460563297550198E11
01:23:26,4.325704121945364E11
01:23:31,5.407130152438728E11
01:23:36,6.758912690555659E11
01:23:41,8.44864086320267E11
01:23:46,1.0560801079013655E12
01:23:51,1.3201001348776812E12
01:23:56,1.6501251685978843E12
01:24:01,2.0626564607475508E12
01:24:06,2.5783205759348965E12
01:24:11,3.2229007199197104E12
01:24:16,4.028625899900535E12
01:24:21,5.035782374876355E12
01:24:26,6.294727968596413E12
01:24:31,7.868409960745818E12
01:24:36,9.83551245093283E12
01:24:41,1.2294390563666799E13
01:24:46,1.5367988204584305E13
01:24:51,1.9209985255731305E13
01:24:56,2.401248156966462E13
01:25:01,3.0015601962081773E13
01:25:06,3.7519502452603266E13
01:25:11,4.689937806575501E13
01:25:16,5.862422258219468E13
01:25:21,7.328027822774422E13
01:25:26,9.160034778468097E13
01:25:31,1.1450043473085142E14
01:25:36,1.431255434135649E14
01:25:41,1.789069292669563E14
01:25:46,2.236336615836956E14
01:25:51,2.7954207697962056E14
01:25:56,3.494275962245265E14
01:26:01,4.367844952806586E14
01:26:06,5.459806191008234E14
01:26:11,6.824757738760296E14
01:26:16,8.530947173450374E14
01:26:21,1.0663683966812974E15
01:26:26,1.332960495851622E15
01:26:31,1.6662006198145282E15
01:26:36,2.0827507747681612E15
01:26:41,2.6034384684602025E15
01:26:46,3.254298085575254E15
01:26:51,4.0678726069690685E15
01:26:56,5.084840758711337E15
01:27:01,6.356050948389171E15
01:27:06,7.945063685486464E15
01:27:11,9.93132960685808E15
01:27:16,1.2414162008572602E16
01:27:21,1.5517702510715752E16
01:27:26,1.9397128138394688E16
01:27:31,2.424641017299336E16
01:27:36,3.03080127162417E16
01:27:41,3.7885015895302128E16
01:27:46,4.7356269869127664E16
01:27:51,5.9195337336409584E16
01:27:56,7.3994171670511984E16
01:28:01,9.2492714588139984E16
01:28:06,1.15615893235174976E17
01:28:11,1.44519866543968704E17
01:28:16,1.80649833179960896E17
01:28:21,2.25812291474951104E17
01:28:26,2.82265364343688896E17
01:28:31,3.5283170542961114E17
01:28:36,4.4103963178701389E17
01:28:41,5.5129953973376736E17
01:28:46,6.8912442466720922E17
01:28:51,8.6140553083401152E17
01:28:56,1.07675691354251443E18
01:29:01,1.3459461419281431E18
01:29:06,1.68243267741017882E18
01:29:11,2.10304084676272358E18
01:29:16,2.6288010584534047E18
01:29:21,3.2860013230667561E18
01:29:26,4.1075016538334454E18
01:29:31,5.1343770672918067E18
01:29:36,6.4179713341147587E18
01:29:41,8.0224641676434483E18
01:29:46,1.0028080209554311E19
01:29:51,1.2535100261942888E19
01:29:56,1.566887532742861E19
01:30:01,1.9586094159285764E19
01:30:06,2.4482617699107205E19
01:30:11,3.0603272123884007E19
01:30:16,3.825409015485501E19
01:30:21,4.781761269356876E19
01:30:26,5.9772015866960945E19
01:30:31,7.471501983370119E19
01:30:36,9.339377479212648E19
01:30:41,1.167422184901581E20
01:30:46,1.4592777311269763E20
01:30:51,1.8240971639087206E20
01:30:56,2.2801214548859008E20
01:31:01,2.8501518186073758E20
01:31:06,3.56268977325922E20
01:31:11,4.453362216574025E20
01:31:16,5.566702770717531E20
01:31:21,6.958378463396913E20
01:31:26,8.697973079246142E20
01:31:31,1.0872466349057678E21
01:31:36,1.3590582936322098E21
01:31:41,1.6988228670402622E21
01:31:46,2.1235285838003278E21
01:31:51,2.6544107297504095E21
01:31:56,3.3180134121880116E21
01:32:01,4.147516765235015E21
01:32:06,5.184395956543768E21
01:32:11,6.48049494567971E21
01:32:16,8.100618682099638E21
01:32:21,1.0125773352624548E22
01:32:26,1.2657216690780685E22
01:32:31,1.5821520863475857E22
01:32:36,1.977690107934482E22
01:32:41,2.472112634918103E22
01:32:46,3.0901407936476283E22
01:32:51,3.862675992059536E22
01:32:56,4.8283449900744195E22
01:33:01,6.035431237593025E22
01:33:06,7.544289046991281E22
01:33:11,9.4303613087391E22
01:33:16,1.1787951635923876E23
01:33:21,1.4734939544904844E23
01:33:26,1.8418674431131053E23
01:33:31,2.3023343038913814E23
01:33:36,2.877917879864227E23
01:33:41,3.5973973498302834E23
01:33:46,4.4967466872878545E23
01:33:51,5.6209333591098185E23
01:33:56,7.026166698887273E23
01:34:01,8.78270837360909E23
01:34:06,1.0978385467011363E24
01:34:11,1.3722981833764205E24
01:34:16,1.7153727292205256E24
01:34:21,2.144215911525657E24
01:34:26,2.6802698894070713E24
01:34:31,3.350337361758839E24
01:34:36,4.187921702198549E24
01:34:41,5.234902127748187E24
01:34:46,6.543627659685234E24
01:34:51,8.179534574606543E24
01:34:56,1.0224418218258178E25
01:35:01,1.2780522772822722E25
01:35:06,1.5975653466028402E25
01:35:11,1.9969566832535504E25
01:35:16,2.496195854066938E25
01:35:21,3.1202448175836725E25
01:35:26,3.90030602197959E25
01:35:31,4.875382527474488E25
01:35:36,6.094228159343111E25
01:35:41,7.617785199178888E25
01:35:46,9.52223149897361E25
01:35:51,1.1902789373717013E26
01:35:56,1.4878486717146268E26
01:36:01,1.8598108396432836E26
01:36:06,2.3247635495541045E26
01:36:11,2.905954436942631E26
01:36:16,3.6324430461782884E26
01:36:21,4.5405538077228606E26
01:36:26,5.675692259653576E26
01:36:31,7.09461532456697E26
01:36:36,8.868269155708711E26
01:36:41,1.1085336444635888E27
01:36:46,1.385667055579486E27
01:36:51,1.7320838194743575E27
01:36:56,2.1651047743429468E27
01:37:01,2.7063809679286837E27
01:37:06,3.382976209910855E27
01:37:11,4.2287202623885685E27
01:37:16,5.285900327985711E27
01:37:21,6.607375409982139E27
01:37:26,8.259219262477674E27
01:37:31,1.032402407809709E28
01:37:36,1.2905030097621362E28
01:37:41,1.6131287622026702E28
01:37:46,2.016410952753338E28
01:37:51,2.5205136909416727E28
01:37:56,3.150642113677091E28
01:38:01,3.9383026420963637E28
01:38:06,4.922878302620455E28
01:38:11,6.153597878275568E28
01:38:16,7.69199734784446E28
01:38:21,9.614996684805576E28
01:38:26,1.201874585600697E29
01:38:31,1.5023432320008713E29
01:38:36,1.877929040001089E29
01:38:41,2.3474113000013613E29
01:38:46,2.9342641250017014E29
01:38:51,3.667830156252127E29
01:38:56,4.584787695315159E29
01:39:01,5.7309846191439485E29
01:39:06,7.163730773929935E29
01:39:11,8.954663467412419E29
01:39:16,1.1193329334265524E30
01:39:21,1.3991661667831905E30
01:39:26,1.748957708478988E30
01:39:31,2.1861971355987352E30
01:39:36,2.7327464194984187E30
01:39:41,3.415933024373023E30
01:39:46,4.2699162804662786E30
01:39:51,5.337395350582848E30
01:39:56,6.671744188228561E30
01:40:01,8.3396802352857E30
01:40:06,1.0424600294107126E31
01:40:11,1.3030750367633908E31
01:40:16,1.6288437959542385E31
01:40:21,2.036054744942798E31
01:40:26,2.545068431178498E31
01:40:31,3.1813355389731224E31
01:40:36,3.976669423716403E31
01:40:41,4.970836779645504E31
01:40:46,6.21354597455688E31
01:40:51,7.7669324681960995E31
01:40:56,9.708665585245125E31
01:41:01,1.2135831981556406E32
01:41:06,1.5169789976945507E32
01:41:11,1.8962237471181885E32
01:41:16,2.3702796838977356E32
01:41:21,2.9628496048721695E32
01:41:26,3.703562006090212E32
01:41:31,4.629452507612765E32
01:41:36,5.786815634515956E32
01:41:41,7.233519543144945E32
01:41:46,9.041899428931181E32
01:41:51,1.1302374286163975E33
01:41:56,1.412796785770497E33
01:42:01,1.765995982213121E33
01:42:06,2.2074949777664012E33
01:42:11,2.7593687222080015E33
01:42:16,3.449210902760002E33
01:42:21,4.3115136284500023E33
01:42:26,5.389392035562502E33
01:42:31,6.736740044453128E33
01:42:36,8.42092505556641E33
01:42:41,1.0526156319458012E34
01:42:46,1.3157695399322515E34
01:42:51,1.6447119249153144E34
01:42:56,2.055889906144143E34
01:43:01,2.5698623826801787E34
01:43:06,3.2123279783502232E34
01:43:11,4.015409972937779E34
01:43:16,5.019262466172224E34
01:43:21,6.27407808271528E34
01:43:26,7.8425976033941E34
01:43:31,9.803247004242626E34
01:43:36,1.2254058755303283E35
01:43:41,1.5317573444129103E35
01:43:46,1.9146966805161378E35
01:43:51,2.3933708506451723E35
01:43:56,2.9917135633064655E35
01:44:01,3.739641954133082E35
01:44:06,4.6745524426663525E35
01:44:11,5.843190553332941E35
01:44:16,7.303988191666176E35
01:44:21,9.12998523958272E35
01:44:26,1.14124815494784E36
01:44:31,1.4265601936848E36
01:44:36,1.7832002421060002E36
01:44:41,2.2290003026325002E36
01:44:46,2.786250378290625E36
01:44:51,3.4828129728632816E36
01:44:56,4.353516216079102E36
01:45:01,5.441895270098877E36
01:45:06,6.802369087623597E36
01:45:11,8.502961359529495E36
01:45:16,1.0628701699411869E37
01:45:21,1.3285877124264836E37
01:45:26,1.6607346405331043E37
01:45:31,2.0759183006663804E37
01:45:36,2.5948978758329756E37
01:45:41,3.2436223447912197E37
01:45:46,4.0545279309890246E37
01:45:51,5.068159913736281E37
01:45:56,6.33519989217035E37
01:46:01,7.9189998652129375E37
01:46:06,9.898749831516172E37
01:46:11,1.2373437289395214E38
01:46:16,1.5466796611744018E38
01:46:21,1.9333495764680023E38
01:46:26,2.416686970585003E38
01:46:31,3.0208587132312537E38
01:46:36,3.776073391539067E38
01:46:41,4.720091739423834E38
01:46:46,5.900114674279793E38
01:46:51,7.37514334284974E38
01:46:56,9.218929178562175E38
01:47:01,1.1523661473202719E39
01:47:06,1.4404576841503398E39
01:47:11,1.8005721051879248E39
01:47:16,2.250715131484906E39
01:47:21,2.8133939143561325E39
01:47:26,3.5167423929451657E39
01:47:31,4.395927991181457E39
01:47:36,5.494909988976822E39
01:47:41,6.868637486221028E39
01:47:46,8.585796857776285E39
01:47:51,1.0732246072220357E40
01:47:56,1.3415307590275445E40
01:48:01,1.6769134487844307E40
01:48:06,2.0961418109805383E40
01:48:11,2.620177263725673E40
01:48:16,3.275221579657091E40
01:48:21,4.094026974571364E40
01:48:26,5.117533718214205E40
01:48:31,6.396917147767756E40
01:48:36,7.996146434709695E40
01:48:41,9.995183043387118E40
01:48:46,1.2493978804233897E41
01:48:51,1.5617473505292371E41
01:48:56,1.9521841881615463E41
01:49:01,2.440230235201933E41
01:49:06,3.050287794002416E41
01:49:11,3.81285974250302E41
01:49:16,4.766074678128775E41
01:49:21,5.9575933476609695E41
01:49:26,7.446991684576212E41
01:49:31,9.308739605720266E41
01:49:36,1.1635924507150333E42
01:49:41,1.4544905633937915E42
01:49:46,1.8181132042422395E42
01:49:51,2.2726415053027995E42
01:49:56,2.8408018816284995E42
01:50:01,3.5510023520356243E42
01:50:06,4.438752940044531E42
01:50:11,5.548441175055664E42
01:50:16,6.93555146881958E42
01:50:21,8.669439336024474E42
01:50:26,1.0836799170030592E43
01:50:31,1.354599896253824E43
01:50:36,1.69324987031728E43
01:50:41,2.1165623378966E43
01:50:46,2.64570292237075E43
01:50:51,3.307128652963437E43
01:50:56,4.1339108162042965E43
01:51:01,5.167388520255371E43
01:51:06,6.459235650319213E43
01:51:11,8.074044562899016E43
01:51:16,1.009255570362377E44
01:51:21,1.2615694629529712E44
01:51:26,1.5769618286912139E44
01:51:31,1.971202285864017E44
01:51:36,2.4640028573300214E44
01:51:41,3.0800035716625267E44
01:51:46,3.850004464578159E44
01:51:51,4.812505580722698E44
01:51:56,6.015631975903373E44
01:52:01,7.519539969879217E44
01:52:06,9.399424962349021E44
01:52:11,1.1749281202936277E45
01:52:16,1.4686601503670346E45
01:52:21,1.8358251879587932E45
01:52:26,2.2947814849484916E45
01:52:31,2.8684768561856146E45
01:52:36,3.585596070232018E45
01:52:41,4.4819950877900226E45
01:52:46,5.6024938597375284E45
01:52:51,7.003117324671911E45
01:52:56,8.753896655839888E45
01:53:01,1.0942370819799859E46
01:53:06,1.3677963524749825E46
01:53:11,1.709745440593728E46
01:53:16,2.13718180074216E46
01:53:21,2.6714772509277E46
01:53:26,3.3393465636596254E46
01:53:31,4.1741832045745315E46
01:53:36,5.217729005718164E46
01:53:41,6.522161257147705E46
01:53:46,8.152701571434631E46
01:53:51,1.019087696429329E47
01:53:56,1.2738596205366612E47
01:54:01,1.5923245256708264E47
01:54:06,1.990405657088533E47
01:54:11,2.488007071360666E47
01:54:16,3.1100088392008324E47
01:54:21,3.887511049001041E47
01:54:26,4.8593888112513006E47
01:54:31,6.074236014064126E47
01:54:36,7.592795017580158E47
01:54:41,9.490993771975197E47
01:54:46,1.1863742214968998E48
01:54:51,1.4829677768711248E48
01:54:56,1.853709721088906E48
01:55:01,2.3171371513611324E48
01:55:06,2.8964214392014156E48
01:55:11,3.6205267990017695E48
01:55:16,4.525658498752212E48
01:55:21,5.657073123440265E48
01:55:26,7.071341404300331E48
01:55:31,8.839176755375415E48
01:55:36,1.1048970944219268E49
01:55:41,1.3811213680274085E49
01:55:46,1.7264017100342607E49
01:55:51,2.1580021375428258E49
01:55:56,2.697502671928532E49
01:56:01,3.371878339910665E49
01:56:06,4.214847924888331E49
01:56:11,5.268559906110414E49
01:56:16,6.585699882638017E49
01:56:21,8.232124853297522E49
01:56:26,1.0290156066621901E50
01:56:31,1.2862695083277376E50
01:56:36,1.607836885409672E50
01:56:41,2.00979610676209E50
01:56:46,2.5122451334526128E50
01:56:51,3.140306416815766E50
01:56:56,3.925383021019707E50
01:57:01,4.906728776274634E50
01:57:06,6.133410970343293E50
01:57:11,7.666763712929116E50
01:57:16,9.583454641161396E50
01:57:21,1.1979318301451745E51
01:57:26,1.497414787681468E51
01:57:31,1.871768484601835E51
01:57:36,2.3397106057522935E51
01:57:41,2.9246382571903667E51
01:57:46,3.655797821487958E51
01:57:51,4.5697472768599474E51
01:57:56,5.712184096074934E51
01:58:01,7.140230120093668E51
01:58:06,8.925287650117085E51
01:58:11,1.1156609562646356E52
01:58:16,1.3945761953307944E52
01:58:21,1.743220244163493E52
01:58:26,2.1790253052043663E52
01:58:31,2.723781631505458E52
01:58:36,3.4047270393818225E52
01:58:41,4.2559087992272783E52
01:58:46,5.319885999034098E52
01:58:51,6.649857498792623E52
01:58:56,8.312321873490779E52
01:59:01,1.0390402341863474E53
01:59:06,1.2988002927329342E53
01:59:11,1.6235003659161679E53
01:59:16,2.02937545739521E53
01:59:21,2.536719321744012E53
01:59:26,3.1708991521800154E53
01:59:31,3.963623940225019E53
01:59:36,4.954529925281274E53
01:59:41,6.193162406601593E53
01:59:46,7.74145300825199E53
01:59:51,9.676816260314987E53
01:59:56,1.2096020325393734E54
02:00:01,1.5120025406742168E54
02:00:06,1.8900031758427708E54
02:00:11,2.3625039698034636E54
02:00:16,2.9531299622543296E54
02:00:21,3.691412452817912E54
02:00:26,4.61426556602239E54
02:00:31,5.767831957527987E54
02:00:36,7.209789946909984E54
02:00:41,9.01223743363748E54
02:00:46,1.126529679204685E55
02:00:51,1.4081620990058562E55
02:00:56,1.7602026237573204E55
02:01:01,2.2002532796966504E55
02:01:06,2.7503165996208127E55
02:01:11,3.437895749526016E55
02:01:16,4.29736968690752E55
02:01:21,5.3717121086344E55
02:01:26,6.714640135793E55
02:01:31,8.39330016974125E55
02:01:36,1.0491625212176562E56
02:01:41,1.3114531515220704E56
02:01:46,1.639316439402588E56
02:01:51,2.049145549253235E56
02:01:56,2.5614319365665436E56
02:02:01,3.2017899207081795E56
02:02:06,4.002237400885224E56
02:02:11,5.002796751106531E56
02:02:16,6.253495938883163E56
02:02:21,7.816869923603954E56
02:02:26,9.771087404504942E56
02:02:31,1.2213859255631177E57
02:02:36,1.5267324069538971E57
02:02:41,1.9084155086923714E57
02:02:46,2.3855193858654644E57
02:02:51,2.9818992323318304E57
02:02:56,3.727374040414788E57
02:03:01,4.6592175505184845E57
02:03:06,5.824021938148106E57
02:03:11,7.280027422685133E57
02:03:16,9.100034278356416E57
02:03:21,1.137504284794552E58
02:03:26,1.42188035599319E58
02:03:31,1.7773504449914874E58
02:03:36,2.2216880562393593E58
02:03:41,2.777110070299199E58
02:03:46,3.471387587873999E58
02:03:51,4.3392344848424986E58
02:03:56,5.424043106053124E58
02:04:01,6.780053882566404E58
02:04:06,8.475067353208005E58
02:04:11,1.0593834191510007E59
02:04:16,1.3242292739387508E59
02:04:21,1.6552865924234385E59
02:04:26,2.0691082405292983E59
02:04:31,2.586385300661623E59
02:04:36,3.2329816258270287E59
02:04:41,4.041227032283786E59
02:04:46,5.051533790354733E59
02:04:51,6.3144172379434164E59
02:04:56,7.89302154742927E59
02:05:01,9.866276934286588E59
02:05:06,1.2332846167858235E60
02:05:11,1.5416057709822794E60
02:05:16,1.927007213727849E60
02:05:21,2.4087590171598115E60
02:05:26,3.0109487714497644E60
02:05:31,3.7636859643122056E60
02:05:36,4.704607455390257E60
02:05:41,5.880759319237821E60
02:05:46,7.350949149047276E60
02:05:51,9.188686436309094E60
02:05:56,1.1485858045386368E61
02:06:01,1.435732255673296E61
02:06:06,1.79466531959162E61
02:06:11,2.243331649489525E61
02:06:16,2.804164561861906E61
02:06:21,3.5052057023273824E61
02:06:26,4.381507127909228E61
02:06:31,5.476883909886535E61
02:06:36,6.846104887358168E61
02:06:41,8.55763110919771E61
02:06:46,1.0697038886497137E62
02:06:51,1.3371298608121423E62
02:06:56,1.671412326015178E62
02:07:01,2.0892654075189724E62
02:07:06,2.6115817593987157E62
02:07:11,3.264477199248395E62
02:07:16,4.0805964990604935E62
02:07:21,5.100745623825617E62
02:07:26,6.375932029782021E62
02:07:31,7.969915037227527E62
02:07:36,9.962393796534408E62
02:07:41,1.245299224566801E63
02:07:46,1.5566240307085012E63
02:07:51,1.9457800383856265E63
02:07:56,2.4322250479820333E63
02:08:01,3.0402813099775416E63
02:08:06,3.800351637471927E63
02:08:11,4.750439546839909E63
02:08:16,5.938049433549886E63
02:08:21,7.422561791937357E63
02:08:26,9.278202239921697E63
02:08:31,1.1597752799902121E64
02:08:36,1.4497190999877652E64
02:08:41,1.8121488749847065E64
02:08:46,2.265186093730883E64
02:08:51,2.831482617163604E64
02:08:56,3.5393532714545055E64
02:09:01,4.4241915893181316E64
02:09:06,5.530239486647664E64
02:09:11,6.912799358309579E64
02:09:16,8.640999197886975E64
02:09:21,1.0801248997358718E65
02:09:26,1.3501561246698399E65
02:09:31,1.6876951558372999E65
02:09:36,2.109618944796625E65
02:09:41,2.637023680995781E65
02:09:46,3.2962796012447266E65
02:09:51,4.1203495015559083E65
02:09:56,5.150436876944885E65
02:10:01,6.438046096181107E65
02:10:06,8.047557620226384E65
02:10:11,1.0059447025282979E66
02:10:16,1.2574308781603723E66
02:10:21,1.5717885977004653E66
02:10:26,1.9647357471255818E66
02:10:31,2.4559196839069773E66
02:10:36,3.0698996048837216E66
02:10:41,3.837374506104652E66
02:10:46,4.796718132630815E66
02:10:51,5.9958976657885184E66
02:10:56,7.494872082235648E66
02:11:01,9.36859010279456E66
02:11:06,1.17107376284932E67
02:11:11,1.46384220356165E67
02:11:16,1.8298027544520625E67
02:11:21,2.287253443065078E67
02:11:26,2.8590668038313475E67
02:11:31,3.5738335047891844E67
02:11:36,4.4672918809864804E67
02:11:41,5.5841148512331E67
02:11:46,6.980143564041375E67
02:11:51,8.725179455051718E67
02:11:56,1.0906474318814646E68
02:12:01,1.3633092898518308E68
02:12:06,1.7041366123147886E68
02:12:11,2.1301707653934859E68
02:12:16,2.6627134567418573E68
02:12:21,3.3283918209273216E68
02:12:26,4.160489776159152E68
02:12:31,5.20061222019894E68
02:12:36,6.500765275248675E68
02:12:41,8.125956594060844E68
02:12:46,1.0157445742576055E69
02:12:51,1.2696807178220068E69
02:12:56,1.5871008972775085E69
02:13:01,1.9838761215968857E69
02:13:06,2.479845151996107E69
02:13:11,3.099806439995134E69
02:13:16,3.8747580499939175E69
02:13:21,4.843447562492397E69
02:13:26,6.054309453115496E69
02:13:31,7.56788681639437E69
02:13:36,9.459858520492963E69
02:13:41,1.1824823150616203E70
02:13:46,1.4781028938270255E70
02:13:51,1.847628617283782E70
02:13:56,2.3095357716047275E70
02:14:01,2.8869197145059095E70
02:14:06,3.608649643132387E70
02:14:11,4.510812053915483E70
02:14:16,5.638515067394353E70
02:14:21,7.048143834242942E70
02:14:26,8.810179792803678E70
02:14:31,1.1012724741004597E71
02:14:36,1.3765905926255746E71
02:14:41,1.7207382407819681E71
02:14:46,2.15092280097746E71
02:14:51,2.6886535012218253E71
02:14:56,3.3608168765272817E71
02:15:01,4.2010210956591022E71
02:15:06,5.251276369573878E71
02:15:11,6.564095461967347E71
02:15:16,8.205119327459184E71
02:15:21,1.025639915932398E72
02:15:26,1.2820498949154974E72
02:15:31,1.6025623686443719E72
02:15:36,2.003202960805465E72
02:15:41,2.504003701006831E72
02:15:46,3.1300046262585387E72
02:15:51,3.912505782823173E72
02:15:56,4.890632228528966E72
02:16:01,6.113290285661208E72
02:16:06,7.64161285707651E72
02:16:11,9.552016071345637E72
02:16:16,1.1940020089182047E73
02:16:21,1.4925025111477558E73
02:16:26,1.8656281389346947E73
02:16:31,2.3320351736683682E73
02:16:36,2.91504396708546E73
02:16:41,3.643804958856825E73
02:16:46,4.5547561985710316E73
02:16:51,5.693445248213789E73
02:16:56,7.116806560267235E73
02:17:01,8.896008200334044E73
02:17:06,1.1120010250417555E74
02:17:11,1.3900012813021945E74
02:17:16,1.737501601627743E74
02:17:21,2.171877002034679E74
02:17:26,2.7148462525433485E74
02:17:31,3.3935578156791856E74
02:17:36,4.2419472695989817E74
02:17:41,5.302434086998727E74
02:17:46,6.628042608748409E74
02:17:51,8.285053260935512E74
02:17:56,1.035631657616939E75
02:18:01,1.2945395720211737E75
02:18:06,1.6181744650264672E75
02:18:11,2.0227180812830838E75
02:18:16,2.5283976016038545E75
02:18:21,3.1604970020048183E75
02:18:26,3.950621252506023E75
02:18:31,4.938276565632529E75
02:18:36,6.172845707040661E75
02:18:41,7.716057133800826E75
02:18:46,9.645071417251033E75
02:18:51,1.2056339271563791E76
02:18:56,1.5070424089454738E76
02:19:01,1.8838030111818423E76
02:19:06,2.3547537639773028E76
02:19:11,2.943442204971628E76
02:19:16,3.679302756214535E76
02:19:21,4.599128445268169E76
02:19:26,5.748910556585211E76
02:19:31,7.186138195731514E76
02:19:36,8.982672744664393E76
02:19:41,1.1228340930830492E77
02:19:46,1.4035426163538115E77
02:19:51,1.7544282704422644E77
02:19:56,2.1930353380528305E77
02:20:01,2.741294172566038E77
02:20:06,3.4266177157075476E77
02:20:11,4.283272144634435E77
02:20:16,5.354090180793044E77
02:20:21,6.692612725991304E77
02:20:26,8.365765907489131E77
02:20:31,1.0457207384361414E78
02:20:36,1.3071509230451768E78
02:20:41,1.633938653806471E78
02:20:46,2.042423317258089E78
02:20:51,2.553029146572611E78
02:20:56,3.1912864332157637E78
02:21:01,3.9891080415197046E78
02:21:06,4.986385051899631E78
02:21:11,6.232981314874539E78
02:21:16,7.791226643593174E78
02:21:21,9.739033304491468E78
02:21:26,1.2173791630614335E79
02:21:31,1.5217239538267917E79
02:21:36,1.9021549422834894E79
02:21:41,2.377693677854362E79
02:21:46,2.9721170973179526E79
02:21:51,3.715146371647441E79
02:21:56,4.6439329645593017E79
02:22:01,5.8049162056991274E79
02:22:06,7.25614525712391E79
02:22:11,9.070181571404887E79
02:22:16,1.133772696425611E80
02:22:21,1.4172158705320138E80
02:22:26,1.771519838165017E80
02:22:31,2.2143997977062715E80
02:22:36,2.7679997471328395E80
02:22:41,3.4599996839160497E80
02:22:46,4.324999604895062E80
02:22:51,5.406249506118827E80
02:22:56,6.757811882648534E80
02:23:01,8.447264853310667E80
02:23:06,1.0559081066638334E81
02:23:11,1.3198851333297917E81
02:23:16,1.6498564166622396E81
02:23:21,2.0623205208277997E81
02:23:26,2.5779006510347497E81
02:23:31,3.222375813793437E81
02:23:36,4.027969767241797E81
02:23:41,5.0349622090522456E81
02:23:46,6.293702761315307E81
02:23:51,7.867128451644134E81
02:23:56,9.833910564555167E81
02:24:01,1.229238820569396E82
02:24:06,1.536548525711745E82
02:24:11,1.9206856571396813E82
02:24:16,2.4008570714246017E82
02:24:21,3.001071339280752E82
02:24:26,3.75133917410094E82
02:24:31,4.689173967626175E82
02:24:36,5.861467459532719E82
02:24:41,7.326834324415899E82
02:24:46,9.158542905519873E82
02:24:51,1.1448178631899841E83
02:24:56,1.4310223289874802E83
02:25:01,1.7887779112343502E83
02:25:06,2.2359723890429376E83
02:25:11,2.794965486303672E83
02:25:16,3.49370685787959E83
02:25:21,4.3671335723494875E83
02:25:26,5.458916965436859E83
02:25:31,6.823646206796074E83
02:25:36,8.529557758495091E83
02:25:41,1.0661947198118864E84
02:25:46,1.332743399764858E84
02:25:51,1.6659292497060724E84
02:25:56,2.0824115621325906E84
02:26:01,2.6030144526657382E84
02:26:06,3.2537680658321727E84
02:26:11,4.067210082290216E84
02:26:16,5.084012602862769E84
02:26:21,6.355015753578462E84
02:26:26,7.943769691973077E84
02:26:31,9.929712114966347E84
02:26:36,1.2412140143707933E85
02:26:41,1.5515175179634916E85
02:26:46,1.9393968974543647E85
02:26:51,2.424246121817956E85
02:26:56,3.0303076522724446E85
02:27:01,3.787884565340556E85
02:27:06,4.734855706675695E85
02:27:11,5.918569633344619E85
02:27:16,7.398212041680773E85
02:27:21,9.247765052100967E85
02:27:26,1.1559706315126209E86
02:27:31,1.4449632893907762E86
02:27:36,1.8062041117384702E86
02:27:41,2.2577551396730877E86
02:27:46,2.82219392459136E86
02:27:51,3.5277424057392E86
02:27:56,4.409678007174E86
02:28:01,5.512097508967499E86
02:28:06,6.890121886209375E86
02:28:11,8.612652357761718E86
02:28:16,1.0765815447202148E87
02:28:21,1.3457269309002685E87
02:28:26,1.6821586636253355E87
02:28:31,2.1026983295316695E87
02:28:36,2.6283729119145867E87
02:28:41,3.2854661398932336E87
02:28:46,4.106832674866542E87
02:28:51,5.133540843583177E87
02:28:56,6.416926054478972E87
02:29:01,8.021157568098715E87
02:29:06,1.0026446960123394E88
02:29:11,1.2533058700154243E88
02:29:16,1.5666323375192804E88
02:29:21,1.9582904218991004E88
02:29:26,2.4478630273738755E88
02:29:31,3.0598287842173444E88
02:29:36,3.82478598027168E88
02:29:41,4.780982475339601E88
02:29:46,5.9762280941745006E88
02:29:51,7.470285117718126E88
02:29:56,9.337856397147658E88
02:30:01,1.1672320496434572E89
02:30:06,1.4590400620543213E89
02:30:11,1.8238000775679018E89
02:30:16,2.2797500969598773E89
02:30:21,2.8496876211998464E89
02:30:26,3.562109526499808E89
02:30:31,4.45263690812476E89
02:30:36,5.56579613515595E89
02:30:41,6.957245168944938E89
02:30:46,8.696556461181172E89
02:30:51,1.0870695576476466E90
02:30:56,1.3588369470595582E90
02:31:01,1.6985461838244477E90
02:31:06,2.1231827297805595E90
02:31:11,2.6539784122256994E90
02:31:16,3.317473015282124E90
02:31:21,4.146841269102655E90
02:31:26,5.1835515863783185E90
02:31:31,6.479439482972899E90
02:31:36,8.099299353716123E90
02:31:41,1.0124124192145154E91
02:31:46,1.2655155240181442E91
02:31:51,1.5818944050226802E91
02:31:56,1.97736800627835E91
02:32:01,2.4717100078479374E91
02:32:06,3.0896375098099218E91
02:32:11,3.862046887262402E91
02:32:16,4.827558609078003E91
02:32:21,6.034448261347504E91
02:32:26,7.54306032668438E91
02:32:31,9.428825408355476E91
02:32:36,1.1786031760444345E92
02:32:41,1.4732539700555432E92
02:32:46,1.8415674625694292E92
02:32:51,2.3019593282117865E92
02:32:56,2.8774491602647333E92
02:33:01,3.5968114503309165E92
02:33:06,4.4960143129136455E92
02:33:11,5.620017891142056E92
02:33:16,7.02502236392757E92
02:33:21,8.781277954909462E92
02:33:26,1.0976597443636828E93
02:33:31,1.3720746804546034E93
02:33:36,1.7150933505682542E93
02:33:41,2.1438666882103177E93
02:33:46,2.6798333602628973E93
02:33:51,3.3497917003286217E93
02:33:56,4.187239625410777E93
02:34:01,5.234049531763471E93
02:34:06,6.542561914704339E93
02:34:11,8.178202393380424E93
02:34:16,1.022275299172553E94
02:34:21,1.2778441239656913E94
02:34:26,1.5973051549571141E94
02:34:31,1.9966314436963926E94
02:34:36,2.4957893046204907E94
02:34:41,3.1197366307756134E94
02:34:46,3.899670788469517E94
02:34:51,4.874588485586896E94
02:34:56,6.09323560698362E94
02:35:01,7.616544508729526E94
02:35:06,9.520680635911907E94
02:35:11,1.1900850794889884E95
02:35:16,1.4876063493612355E95
02:35:21,1.8595079367015445E95
02:35:26,2.3243849208769305E95
02:35:31,2.905481151096163E95
02:35:36,3.631851438870204E95
02:35:41,4.539814298587755E95
02:35:46,5.674767873234694E95
02:35:51,7.093459841543367E95
02:35:56,8.866824801929209E95
02:36:01,1.1083531002411511E96
02:36:06,1.385441375301439E96
02:36:11,1.7318017191267988E96
02:36:16,2.1647521489084987E96
02:36:21,2.7059401861356236E96
02:36:26,3.3824252326695297E96
02:36:31,4.228031540836912E96
02:36:36,5.28503942604614E96
02:36:41,6.606299282557675E96
02:36:46,8.257874103197093E96
02:36:51,1.0322342628996366E97
02:36:56,1.2902928286245457E97
02:37:01,1.6128660357806823E97
02:37:06,2.0160825447258527E97
02:37:11,2.520103180907316E97
02:37:16,3.150128976134145E97
02:37:21,3.937661220167681E97
02:37:26,4.922076525209602E97
02:37:31,6.152595656512002E97
02:37:36,7.690744570640003E97
02:37:41,9.613430713300004E97
02:37:46,1.2016788391625006E98
02:37:51,1.502098548953126E98
02:37:56,1.8776231861914072E98
02:38:01,2.347028982739259E98
02:38:06,2.933786228424074E98
02:38:11,3.667232785530092E98
02:38:16,4.584040981912615E98
02:38:21,5.730051227390768E98
02:38:26,7.162564034238461E98
02:38:31,8.953205042798076E98
02:38:36,1.1191506303497594E99
02:38:41,1.398938287937199E99
02:38:46,1.748672859921499E99
02:38:51,2.1858410749018736E99
02:38:56,2.732301343627342E99
02:39:01,3.4153766795341777E99
02:39:06,4.269220849417722E99
02:39:11,5.336526061772153E99
02:39:16,6.670657577215191E99
02:39:21,8.338321971518989E99
02:39:26,1.0422902464398737E100
02:39:31,1.302862808049842E100
02:39:36,1.6285785100623025E100
02:39:41,2.0357231375778783E100
02:39:46,2.5446539219723477E100
02:39:51,3.1808174024654347E100
02:39:56,3.9760217530817936E100
02:40:01,4.970027191352242E100
02:40:06,6.212533989190303E100
02:40:11,7.765667486487879E100
02:40:16,9.707084358109848E100
02:40:21,1.213385544763731E101
02:40:26,1.5167319309546637E101
02:40:31,1.8959149136933296E101
02:40:36,2.3698936421166618E101
02:40:41,2.962367052645827E101
02:40:46,3.7029588158072834E101
02:40:51,4.628698519759104E101
02:40:56,5.78587314969888E101
02:41:01,7.2323414371236E101
02:41:06,9.040426796404499E101
02:41:11,1.1300533495505624E102
02:41:16,1.412566686938203E102
02:41:21,1.7657083586727537E102
02:41:26,2.2071354483409423E102
02:41:31,2.758919310426178E102
02:41:36,3.4486491380327223E102
02:41:41,4.310811422540903E102
02:41:46,5.388514278176129E102
02:41:51,6.735642847720161E102
02:41:56,8.419553559650202E102
02:42:01,1.0524441949562752E103
02:42:06,1.3155552436953439E103
02:42:11,1.6444440546191797E103
02:42:16,2.0555550682739746E103
02:42:21,2.569443835342468E103
02:42:26,3.211804794178085E103
02:42:31,4.014755992722606E103
02:42:36,5.018444990903258E103
02:42:41,6.273056238629073E103
02:42:46,7.841320298286341E103
02:42:51,9.801650372857927E103
02:42:56,1.2252062966072409E104
02:43:01,1.5315078707590513E104
02:43:06,1.914384838448814E104
02:43:11,2.3929810480610177E104
02:43:16,2.991226310076272E104
02:43:21,3.7390328875953405E104
02:43:26,4.6737911094941756E104
02:43:31,5.84223888686772E104
02:43:36,7.30279860858465E104
02:43:41,9.128498260730814E104
02:43:46,1.1410622825913517E105
02:43:51,1.4263278532391895E105
02:43:56,1.782909816548987E105
02:44:01,2.2286372706862336E105
02:44:06,2.785796588357792E105
02:44:11,3.48224573544724E105
02:44:16,4.35280716930905E105
02:44:21,5.441008961636312E105
02:44:26,6.801261202045391E105
02:44:31,8.501576502556739E105
02:44:36,1.0626970628195925E106
02:44:41,1.3283713285244905E106
02:44:46,1.6604641606556132E106
02:44:51,2.0755802008195166E106
02:44:56,2.5944752510243958E106
02:45:01,3.243094063780495E106
02:45:06,4.0538675797256184E106
02:45:11,5.067334474657023E106
02:45:16,6.334168093321278E106
02:45:21,7.917710116651599E106
02:45:26,9.897137645814499E106
02:45:31,1.2371422057268124E107
02:45:36,1.5464277571585155E107
02:45:41,1.9330346964481444E107
02:45:46,2.4162933705601805E107
02:45:51,3.0203667132002256E107
02:45:56,3.775458391500282E107
02:46:01,4.7193229893753525E107
02:46:06,5.89915373671919E107
02:46:11,7.373942170898988E107
02:46:16,9.217427713623735E107
02:46:21,1.1521784642029669E108
02:46:26,1.4402230802537086E108
02:46:31,1.8002788503171358E108
02:46:36,2.2503485628964196E108
02:46:41,2.8129357036205243E108
02:46:46,3.5161696295256553E108
02:46:51,4.395212036907069E108
02:46:56,5.494015046133836E108
02:47:01,6.867518807667296E108
02:47:06,8.58439850958412E108
02:47:11,1.073049813698015E109
02:47:16,1.3413122671225188E109
02:47:21,1.6766403339031485E109
02:47:26,2.095800417378936E109
02:47:31,2.6197505217236695E109
02:47:36,3.2746881521545867E109
02:47:41,4.093360190193233E109
02:47:46,5.116700237741541E109
02:47:51,6.395875297176927E109
02:47:56,7.994844121471159E109
02:48:01,9.993555151838948E109
02:48:06,1.2491943939798685E110
02:48:11,1.5614929924748358E110
02:48:16,1.9518662405935447E110
02:48:21,2.4398328007419308E110
02:48:26,3.049791000927414E110
02:48:31,3.812238751159267E110
02:48:36,4.7652984389490836E110
02:48:41,5.956623048686355E110
02:48:46,7.445778810857943E110
02:48:51,9.307223513572429E110
02:48:56,1.1634029391965535E111
02:49:01,1.454253673995692E111
02:49:06,1.817817092494615E111
02:49:11,2.2722713656182688E111
02:49:16,2.840339207022836E111
02:49:21,3.550424008778545E111
02:49:26,4.438030010973181E111
02:49:31,5.547537513716477E111
02:49:36,6.934421892145596E111
02:49:41,8.668027365181994E111
02:49:46,1.0835034206477492E112
02:49:51,1.3543792758096864E112
02:49:56,1.692974094762108E112
02:50:01,2.116217618452635E112
02:50:06,2.6452720230657937E112
02:50:11,3.306590028832242E112
02:50:16,4.133237536040303E112
02:50:21,5.166546920050378E112
02:50:26,6.458183650062973E112
02:50:31,8.072729562578717E112
02:50:36,1.0090911953223396E113
02:50:41,1.2613639941529246E113
02:50:46,1.5767049926911556E113
02:50:51,1.9708812408639446E113
02:50:56,2.4636015510799308E113
02:51:01,3.079501938849913E113
02:51:06,3.849377423562391E113
02:51:11,4.811721779452989E113
02:51:16,6.0146522243162364E113
02:51:21,7.518315280395295E113
02:51:26,9.39789410049412E113
02:51:31,1.174736762561765E114
02:51:36,1.4684209532022062E114
02:51:41,1.8355261915027577E114
02:51:46,2.294407739378447E114
02:51:51,2.868009674223059E114
02:51:56,3.585012092778823E114
02:52:01,4.4812651159735287E114
02:52:06,5.601581394966911E114
02:52:11,7.001976743708638E114
02:52:16,8.752470929635798E114
02:52:21,1.0940588662044747E115
02:52:26,1.3675735827555933E115
02:52:31,1.7094669784444916E115
02:52:36,2.1368337230556144E115
02:52:41,2.671042153819518E115
02:52:46,3.3388026922743976E115
02:52:51,4.173503365342997E115
02:52:56,5.216879206678747E115
02:53:01,6.521099008348433E115
02:53:06,8.151373760435542E115
02:53:11,1.0189217200544427E116
02:53:16,1.2736521500680534E116
02:53:21,1.5920651875850667E116
02:53:26,1.9900814844813333E116
02:53:31,2.4876018556016668E116
02:53:36,3.1095023195020835E116
02:53:41,3.886877899377604E116
02:53:46,4.858597374222005E116
02:53:51,6.0732467177775066E116
02:53:56,7.591558397221884E116
02:54:01,9.489447996527355E116
02:54:06,1.1861809995659194E117
02:54:11,1.482726249457399E117
02:54:16,1.8534078118217488E117
02:54:21,2.316759764777186E117
02:54:26,2.895949705971483E117
02:54:31,3.6199371324643534E117
02:54:36,4.5249214155804416E117
02:54:41,5.656151769475552E117
02:54:46,7.07018971184444E117
02:54:51,8.837737139805549E117
02:54:56,1.1047171424756937E118
02:55:01,1.380896428094617E118
02:55:06,1.7261205351182713E118
02:55:11,2.1576506688978394E118
02:55:16,2.697063336122299E118
02:55:21,3.371329170152874E118
02:55:26,4.214161462691092E118
02:55:31,5.267701828363865E118
02:55:36,6.584627285454831E118
02:55:41,8.230784106818539E118
02:55:46,1.0288480133523173E119
02:55:51,1.2860600166903966E119
02:55:56,1.6075750208629959E119
02:56:01,2.0094687760787447E119
02:56:06,2.511835970098431E119
02:56:11,3.139794962623039E119
02:56:16,3.9247437032787984E119
02:56:21,4.905929629098498E119
02:56:26,6.132412036373122E119
02:56:31,7.665515045466402E119
02:56:36,9.581893806833003E119
02:56:41,1.1977367258541254E120
02:56:46,1.4971709073176567E120
02:56:51,1.871463634147071E120
02:56:56,2.3393295426838387E120
02:57:01,2.9241619283547983E120
02:57:06,3.655202410443498E120
02:57:11,4.5690030130543727E120
02:57:16,5.711253766317965E120
02:57:21,7.139067207897457E120
02:57:26,8.92383400987182E120
02:57:31,1.1154792512339775E121
02:57:36,1.394349064042472E121
02:57:41,1.74293633005309E121
02:57:46,2.1786704125663625E121
02:57:51,2.723338015707953E121
02:57:56,3.4041725196349416E121
02:58:01,4.255215649543677E121
02:58:06,5.3190195619295965E121
02:58:11,6.648774452411996E121
02:58:16,8.310968065514995E121
02:58:21,1.0388710081893743E122
02:58:26,1.2985887602367179E122
02:58:31,1.6232359502958974E122
02:58:36,2.0290449378698717E122
02:58:41,2.5363061723373398E122
02:58:46,3.170382715421675E122
02:58:51,3.962978394277093E122
02:58:56,4.9537229928463666E122
02:59:01,6.192153741057958E122
02:59:06,7.740192176322448E122
02:59:11,9.67524022040306E122
02:59:16,1.2094050275503826E123
02:59:21,1.5117562844379782E123
02:59:26,1.8896953555474727E123
02:59:31,2.3621191944343408E123
02:59:36,2.952648993042926E123
02:59:41,3.6908112413036573E123
02:59:46,4.6135140516295714E123
02:59:51,5.766892564536964E123
02:59:56,7.208615705671205E123
03:00:01,9.010769632089006E123
03:00:06,1.1263462040111258E124
03:00:11,1.4079327550139072E124
03:00:16,1.759915943767384E124
03:00:21,2.1998949297092302E124
03:00:26,2.749868662136538E124
03:00:31,3.4373358276706723E124
03:00:36,4.29666978458834E124
03:00:41,5.370837230735426E124
03:00:46,6.713546538419282E124
03:00:51,8.3919331730241025E124
03:00:56,1.0489916466280128E125
03:01:01,1.311239558285016E125
03:01:06,1.63904944785627E125
03:01:11,2.0488118098203376E125
03:01:16,2.561014762275422E125
03:01:21,3.2012684528442775E125
03:01:26,4.0015855660553466E125
03:01:31,5.0019819575691836E125
03:01:36,6.2524774469614795E125
03:01:41,7.815596808701849E125
03:01:46,9.769496010877312E125
03:01:51,1.2211870013596639E126
03:01:56,1.5264837516995798E126
03:02:01,1.9081046896244747E126
03:02:06,2.3851308620305935E126
03:02:11,2.981413577538242E126
03:02:16,3.726766971922803E126
03:02:21,4.6584587149035036E126
03:02:26,5.82307339362938E126
03:02:31,7.278841742036725E126
03:02:36,9.098552177545906E126
03:02:41,1.1373190221932383E127
03:02:46,1.421648777741548E127
03:02:51,1.777060972176935E127
03:02:56,2.2213262152211687E127
03:03:01,2.776657769026461E127
03:03:06,3.470822211283076E127
03:03:11,4.338527764103845E127
03:03:16,5.423159705129806E127
03:03:21,6.778949631412258E127
03:03:26,8.473687039265323E127
03:03:31,1.0592108799081653E128
03:03:36,1.3240135998852067E128
03:03:41,1.6550169998565084E128
03:03:46,2.0687712498206353E128
03:03:51,2.585964062275794E128
03:03:56,3.2324550778447426E128
03:04:01,4.040568847305928E128
03:04:06,5.0507110591324105E128
03:04:11,6.313388823915513E128
03:04:16,7.89173602989439E128
03:04:21,9.864670037367989E128
03:04:26,1.2330837546709986E129
03:04:31,1.541354693338748E129
03:04:36,1.926693366673435E129
03:04:41,2.4083667083417936E129
03:04:46,3.010458385427242E129
03:04:51,3.7630729817840525E129
03:04:56,4.703841227230066E129
03:05:01,5.879801534037583E129
03:05:06,7.349751917546978E129
03:05:11,9.187189896933723E129
03:05:16,1.1483987371167155E130
03:05:21,1.4354984213958943E130
03:05:26,1.7943730267448679E130
03:05:31,2.2429662834310846E130
03:05:36,2.8037078542888557E130
03:05:41,3.5046348178610696E130
03:05:46,4.380793522326337E130
03:05:51,5.475991902907921E130
03:05:56,6.844989878634902E130
03:06:01,8.556237348293627E130
03:06:06,1.0695296685367033E131
03:06:11,1.336912085670879E131
03:06:16,1.671140107088599E131
03:06:21,2.0889251338607487E131
03:06:26,2.611156417325936E131
03:06:31,3.26394552165742E131
03:06:36,4.079931902071775E131
03:06:41,5.099914877589718E131
03:06:46,6.374893596987148E131
03:06:51,7.968616996233935E131
03:06:56,9.960771245292419E131
03:07:01,1.2450964056615524E132
03:07:06,1.5563705070769406E132
03:07:11,1.9454631338461757E132
03:07:16,2.4318289173077196E132
03:07:21,3.0397861466346496E132
03:07:26,3.799732683293312E132
03:07:31,4.7496658541166404E132
03:07:36,5.937082317645801E132
03:07:41,7.421352897057251E132
03:07:46,9.276691121321564E132
03:07:51,1.1595863901651955E133
03:07:56,1.4494829877064943E133
03:08:01,1.811853734633118E133
03:08:06,2.2648171682913974E133
03:08:11,2.831021460364247E133
03:08:16,3.5387768254553086E133
03:08:21,4.423471031819136E133
03:08:26,5.52933878977392E133
03:08:31,6.911673487217399E133
03:08:36,8.639591859021749E133
03:08:41,1.0799489823777187E134
03:08:46,1.3499362279721484E134
03:08:51,1.6874202849651855E134
03:08:56,2.109275356206482E134
03:09:01,2.6365941952581023E134
03:09:06,3.295742744072628E134
03:09:11,4.119678430090785E134
03:09:16,5.149598037613481E134
03:09:21,6.4369975470168506E134
03:09:26,8.046246933771063E134
03:09:31,1.005780866721383E135
03:09:36,1.2572260834017287E135
03:09:41,1.5715326042521608E135
03:09:46,1.964415755315201E135
03:09:51,2.4555196941440012E135
03:09:56,3.0693996176800015E135
03:10:01,3.836749522100002E135
03:10:06,4.795936902625002E135
03:10:11,5.994921128281252E135
03:10:16,7.493651410351565E135
03:10:21,9.367064262939456E135
03:10:26,1.170883032867432E136
03:10:31,1.46360379108429E136
03:10:36,1.8295047388553624E136
03:10:41,2.2868809235692032E136
03:10:46,2.858601154461504E136
03:10:51,3.57325144307688E136
03:10:56,4.4665643038461E136
03:11:01,5.583205379807625E136
03:11:06,6.979006724759531E136
03:11:11,8.723758405949414E136
03:11:16,1.0904698007436767E137
03:11:21,1.3630872509295959E137
03:11:26,1.7038590636619949E137
03:11:31,2.1298238295774937E137
03:11:36,2.662279786971867E137
03:11:41,3.3278497337148337E137
03:11:46,4.159812167143542E137
03:11:51,5.199765208929427E137
03:11:56,6.499706511161784E137
03:12:01,8.12463313895223E137
03:12:06,1.0155791423690287E138
03:12:11,1.2694739279612858E138
03:12:16,1.5868424099516074E138
03:12:21,1.9835530124395094E138
03:12:26,2.4794412655493868E138
03:12:31,3.099301581936733E138
03:12:36,3.8741269774209164E138
03:12:41,4.8426587217761456E138
03:12:46,6.053323402220182E138
03:12:51,7.566654252775227E138
03:12:56,9.458317815969033E138
03:13:01,1.1822897269961292E139
03:13:06,1.4778621587451615E139
03:13:11,1.847327698431452E139
03:13:16,2.3091596230393152E139
03:13:21,2.886449528799144E139
03:13:26,3.6080619109989303E139
03:13:31,4.510077388748663E139
03:13:36,5.637596735935828E139
03:13:42,7.046995919919785E139
03:13:46,8.808744899899731E139
03:13:51,1.1010931124874665E140
03:13:56,1.376366390609333E140
03:14:01,1.7204579882616665E140
03:14:06,2.150572485327083E140
03:14:11,2.6882156066588536E140
03:14:16,3.360269508323567E140
03:14:21,4.200336885404459E140
03:14:26,5.250421106755573E140
03:14:31,6.5630263834444665E140
03:14:36,8.203782979305582E140
03:14:41,1.0254728724131978E141
03:14:46,1.2818410905164972E141
03:14:51,1.6023013631456217E141
03:14:56,2.002876703932027E141
03:15:01,2.5035958799150338E141
03:15:06,3.129494849893792E141
03:15:11,3.91186856236724E141
03:15:16,4.8898357029590496E141
03:15:21,6.112294628698812E141
03:15:26,7.640368285873516E141
03:15:31,9.550460357341894E141
03:15:36,1.1938075446677367E142
03:15:41,1.4922594308346708E142
03:15:46,1.8653242885433386E142
03:15:51,2.3316553606791733E142
03:15:56,2.914569200848967E142
03:16:01,3.643211501061208E142
03:16:06,4.55401437632651E142
03:16:11,5.692517970408138E142
03:16:16,7.115647463010173E142
03:16:21,8.894559328762716E142
03:16:26,1.1118199160953395E143
03:16:31,1.3897748951191743E143
03:16:36,1.737218618898968E143
03:16:41,2.1715232736237098E143
03:16:46,2.714404092029637E143
03:16:51,3.3930051150370464E143
03:16:56,4.241256393796308E143
03:17:01,5.301570492245385E143
03:17:06,6.626963115306732E143
03:17:11,8.283703894133415E143
03:17:16,1.0354629867666768E144
03:17:21,1.294328733458346E144
03:17:26,1.6179109168229326E144
03:17:31,2.0223886460286657E144
03:17:36,2.527985807535832E144
03:17:41,3.15998225941979E144
03:17:46,3.9499778242747375E144
03:17:51,4.9374722803434215E144
03:17:56,6.171840350429277E144
03:18:01,7.714800438036596E144
03:18:06,9.643500547545745E144
03:18:11,1.205437568443218E145
03:18:16,1.5067969605540226E145
03:18:21,1.883496200692528E145
03:18:26,2.3543702508656602E145
03:18:31,2.9429628135820756E145
03:18:36,3.678703516977594E145
03:18:41,4.598379396221993E145
03:18:46,5.747974245277491E145
03:18:51,7.184967806596864E145
03:18:56,8.98120975824608E145
03:19:01,1.12265121978076E146
03:19:06,1.40331402472595E146
03:19:11,1.7541425309074374E146
03:19:16,2.1926781636342967E146
03:19:21,2.740847704542871E146
03:19:26,3.4260596306785887E146
03:19:31,4.282574538348236E146
03:19:36,5.353218172935294E146
03:19:41,6.691522716169118E146
03:19:46,8.364403395211397E146
03:19:51,1.0455504244014247E147
03:19:56,1.3069380305017808E147
03:20:01,1.633672538127226E147
03:20:06,2.042090672659032E147
03:20:11,2.55261334082379E147
03:20:16,3.190766676029738E147
03:20:21,3.988458345037173E147
03:20:26,4.985572931296466E147
03:20:31,6.2319661641205824E147
03:20:36,7.789957705150729E147
03:20:41,9.737447131438411E147
03:20:46,1.2171808914298014E148
03:20:51,1.5214761142872516E148
03:20:56,1.9018451428590646E148
03:21:01,2.3773064285738306E148
03:21:06,2.971633035717288E148
03:21:11,3.71454129464661E148
03:21:16,4.6431766183082626E148
03:21:21,5.803970772885328E148
03:21:26,7.25496346610666E148
03:21:31,9.068704332633325E148
03:21:36,1.1335880415791655E149
03:21:41,1.416985051973957E149
03:21:46,1.771231314967446E149
03:21:51,2.2140391437093077E149
03:21:56,2.7675489296366346E149
03:22:01,3.4594361620457934E149
03:22:06,4.324295202557242E149
03:22:11,5.405369003196552E149
03:22:16,6.756711253995691E149
03:22:21,8.445889067494613E149
03:22:26,1.0557361334368266E150
03:22:31,1.3196701667960333E150
03:22:36,1.6495877084950415E150
03:22:41,2.061984635618802E150
03:22:46,2.5774807945235027E150
03:22:51,3.2218509931543786E150
03:22:56,4.027313741442973E150
03:23:01,5.034142176803716E150
03:23:06,6.2926777210046454E150
03:23:11,7.865847151255807E150
03:23:16,9.832308939069758E150
03:23:21,1.2290386173837198E151
03:23:26,1.5362982717296497E151
03:23:31,1.9203728396620622E151
03:23:36,2.4004660495775777E151
03:23:41,3.000582561971972E151
03:23:46,3.750728202464965E151
03:23:51,4.688410253081206E151
03:23:56,5.860512816351507E151
03:24:01,7.325641020439384E151
03:24:06,9.15705127554923E151
03:24:11,1.1446314094436536E152
03:24:16,1.430789261804567E152
03:24:21,1.7884865772557087E152
03:24:26,2.2356082215696357E152
03:24:31,2.7945102769620444E152
03:24:36,3.4931378462025553E152
03:24:41,4.366422307753194E152
03:24:46,5.458027884691492E152
03:24:51,6.822534855864365E152
03:24:56,8.528168569830456E152
03:25:01,1.066021071228807E153
03:25:06,1.3325263390360087E153
03:25:11,1.6656579237950109E153
03:25:16,2.0820724047437636E153
03:25:21,2.6025905059297044E153
03:25:26,3.2532381324121303E153
03:25:31,4.066547665515163E153
03:25:36,5.083184581893954E153
03:25:41,6.353980727367443E153
03:25:46,7.942475909209304E153
03:25:51,9.928094886511629E153
03:25:56,1.2410118608139536E154
03:26:01,1.551264826017442E154
03:26:06,1.9390810325218025E154
03:26:11,2.423851290652253E154
03:26:16,3.0298141133153164E154
03:26:21,3.7872676416441455E154
03:26:26,4.734084552055182E154
03:26:31,5.917605690068978E154
03:26:36,7.397007112586222E154
03:26:41,9.246258890732778E154
03:26:46,1.1557823613415974E155
03:26:51,1.4447279516769966E155
03:26:56,1.8059099395962458E155
03:27:01,2.2573874244953073E155
03:27:06,2.821734280619134E155
03:27:11,3.5271678507739178E155
03:27:16,4.408959813467397E155
03:27:21,5.511199766834246E155
03:27:26,6.8889997085428085E155
03:27:31,8.611249635678511E155
03:27:36,1.076406204459814E156
03:27:41,1.3455077555747674E156
03:27:46,1.6818846944684592E156
03:27:51,2.102355868085574E156
03:27:56,2.6279448351069677E156
03:28:01,3.2849310438837094E156
03:28:06,4.106163804854637E156
03:28:11,5.132704756068296E156
03:28:16,6.41588094508537E156
03:28:21,8.019851181356712E156
03:28:26,1.002481397669589E157
03:28:31,1.2531017470869862E157
03:28:36,1.5663771838587327E157
03:28:41,1.957971479823416E157
03:28:46,2.4474643497792703E157
03:28:51,3.059330437224088E157
03:28:56,3.8241630465301095E157
03:29:01,4.7802038081626365E157
03:29:06,5.975254760203295E157
03:29:11,7.469068450254119E157
03:29:16,9.33633556281765E157
03:29:21,1.1670419453522063E158
03:29:26,1.4588024316902578E158
03:29:31,1.8235030396128223E158
03:29:36,2.279378799516028E158
03:29:41,2.849223499395035E158
03:29:46,3.5615293742437936E158
03:29:51,4.451911717804742E158
03:29:56,5.564889647255928E158
03:30:01,6.95611205906991E158
03:30:06,8.695140073837388E158
03:30:11,1.0868925092296735E159
03:30:16,1.358615636537092E159
03:30:21,1.698269545671365E159
03:30:26,2.1228369320892062E159
03:30:31,2.6535461651115078E159
03:30:36,3.3169327063893846E159
03:30:41,4.146165882986731E159
03:30:46,5.1827073537334136E159
03:30:51,6.478384192166767E159
03:30:56,8.09798024020846E159
03:31:01,1.0122475300260575E160
03:31:06,1.2653094125325718E160
03:31:11,1.5816367656657148E160
03:31:16,1.9770459570821434E160
03:31:21,2.4713074463526794E160
03:31:26,3.0891343079408496E160
03:31:31,3.8614178849260616E160
03:31:36,4.826772356157577E160
03:31:41,6.033465445196971E160
03:31:46,7.541831806496214E160
03:31:51,9.427289758120268E160
03:31:56,1.1784112197650334E161
03:32:01,1.4730140247062919E161
03:32:06,1.841267530882865E161
03:32:11,2.301584413603581E161
03:32:16,2.8769805170044764E161
03:32:21,3.5962256462555955E161
03:32:26,4.495282057819494E161
03:32:31,5.619102572274368E161
03:32:36,7.02387821534296E161
03:32:41,8.7798477691787E161
03:32:46,1.0974809711473374E162
03:32:51,1.3718512139341717E162
03:32:56,1.7148140174177146E162
03:33:01,2.1435175217721432E162
03:33:06,2.679396902215179E162
03:33:11,3.3492461277689733E162
03:33:16,4.186557659711217E162
03:33:21,5.233197074639021E162
03:33:26,6.541496343298776E162
03:33:31,8.17687042912347E162
03:33:36,1.0221088036404338E163
03:33:41,1.2776360045505422E163
03:33:46,1.5970450056881777E163
03:33:51,1.996306257110222E163
03:33:56,2.4953828213877776E163
03:34:01,3.119228526734722E163
03:34:06,3.899035658418403E163
03:34:11,4.873794573023003E163
03:34:16,6.092243216278755E163
03:34:21,7.615304020348443E163
03:34:26,9.519130025435553E163
03:34:31,1.189891253179444E164
03:34:36,1.4873640664743053E164
03:34:42,1.8592050830928817E164
03:34:47,2.3240063538661023E164
03:34:52,2.905007942332628E164
03:34:57,3.631259927915785E164
03:35:02,4.5390749098947313E164
03:35:07,5.673843637368414E164
03:35:12,7.092304546710517E164
03:35:17,8.865380683388146E164
03:35:22,1.1081725854235181E165
03:35:27,1.3852157317793977E165
03:35:32,1.7315196647242471E165
03:35:37,2.164399580905309E165
03:35:42,2.705499476131636E165
03:35:47,3.3818743451645448E165
03:35:52,4.227342931455681E165
03:35:57,5.284178664319602E165
03:36:02,6.605223330399502E165
03:36:07,8.256529162999378E165
03:36:12,1.0320661453749223E166
03:36:17,1.290082681718653E166
03:36:22,1.612603352148316E166
03:36:27,2.015754190185395E166
03:36:32,2.5196927377317436E166
03:36:37,3.1496159221646795E166
03:36:42,3.93701990270585E166
03:36:47,4.921274878382312E166
03:36:52,6.15159359797789E166
03:36:57,7.689491997472362E166
03:37:02,9.611864996840453E166
03:37:07,1.2014831246050565E167
03:37:12,1.5018539057563206E167
03:37:17,1.8773173821954008E167
03:37:22,2.346646727744251E167
03:37:27,2.9333084096803135E167
03:37:32,3.666635512100392E167
03:37:37,4.58329439012549E167
03:37:42,5.729117987656862E167
03:37:47,7.161397484571078E167
03:37:52,8.951746855713847E167
03:37:57,1.118968356964231E168
03:38:02,1.398710446205289E168
03:38:07,1.7483880577566112E168
03:38:12,2.185485072195764E168
03:38:17,2.731856340244705E168
03:38:22,3.414820425305881E168
03:38:27,4.268525531632351E168
03:38:32,5.335656914540439E168
03:38:37,6.6695711431755484E168
03:38:42,8.336963928969436E168
03:38:47,1.0421204911211795E169
03:38:52,1.3026506139014743E169
03:38:57,1.628313267376843E169
03:39:02,2.0353915842210536E169
03:39:07,2.544239480276317E169
03:39:12,3.180299350345396E169
03:39:17,3.975374187931745E169
03:39:22,4.9692177349146814E169
03:39:27,6.211522168643352E169
03:39:32,7.76440271080419E169
03:39:37,9.705503388505238E169
03:39:42,1.2131879235631547E170
03:39:47,1.5164849044539434E170
03:39:52,1.8956061305674294E170
03:39:57,2.3695076632092866E170
03:40:02,2.9618845790116084E170
03:40:07,3.702355723764511E170
03:40:12,4.6279446547056385E170
03:40:17,5.784930818382048E170
03:40:22,7.23116352297756E170
03:40:27,9.03895440372195E170
03:40:32,1.1298693004652436E171
03:40:37,1.4123366255815546E171
03:40:42,1.7654207819769432E171
03:40:47,2.206775977471179E171
03:40:52,2.7584699718389734E171
03:40:57,3.4480874647987165E171
03:41:02,4.310109330998396E171
03:41:07,5.387636663747995E171
03:41:12,6.734545829684994E171
03:41:17,8.418182287106243E171
03:41:22,1.0522727858882804E172
03:41:27,1.3153409823603505E172
03:41:32,1.644176227950438E172
03:41:37,2.0552202849380477E172
03:41:42,2.5690253561725596E172
03:41:47,3.2112816952157E172
03:41:52,4.014102119019624E172
03:41:57,5.0176276487745303E172
03:42:02,6.272034560968162E172
03:42:07,7.840043201210203E172
03:42:12,9.800054001512755E172
03:42:17,1.2250067501890944E173
03:42:22,1.5312584377363678E173
03:42:27,1.9140730471704598E173
03:42:32,2.3925913089630748E173
03:42:37,2.9907391362038436E173
03:42:42,3.7384239202548044E173
03:42:47,4.6730299003185054E173
03:42:52,5.841287375398132E173
03:42:57,7.301609219247665E173
03:43:02,9.127011524059581E173
03:43:07,1.1408764405074477E174
03:43:12,1.4260955506343095E174
03:43:17,1.7826194382928869E174
03:43:22,2.2282742978661085E174
03:43:27,2.7853428723326355E174
03:43:32,3.4816785904157943E174
03:43:37,4.352098238019743E174
03:43:42,5.440122797524678E174
03:43:47,6.800153496905848E174
03:43:52,8.50019187113231E174
03:43:57,1.0625239838915388E175
03:44:02,1.3281549798644235E175
03:44:07,1.6601937248305294E175
03:44:12,2.075242156038162E175
03:44:17,2.5940526950477023E175
03:44:22,3.242565868809628E175
03:44:27,4.053207336012035E175
03:44:32,5.0665091700150434E175
03:44:37,6.333136462518804E175
03:44:42,7.916420578148506E175
03:44:47,9.895525722685631E175
03:44:52,1.2369407153357038E176
03:44:57,1.5461758941696296E176
03:45:02,1.932719867712037E176
03:45:07,2.4158998346400464E176
03:45:12,3.019874793300058E176
03:45:17,3.7748434916250726E176
03:45:22,4.718554364531341E176
03:45:27,5.898192955664176E176
03:45:32,7.372741194580221E176
03:45:37,9.215926493225276E176
03:45:42,1.1519908116531594E177
03:45:47,1.4399885145664492E177
03:45:52,1.7999856432080617E177
03:45:57,2.249982054010077E177
03:46:02,2.8124775675125962E177
03:46:07,3.5155969593907454E177
03:46:12,4.3944961992384315E177
03:46:17,5.49312024904804E177
03:46:22,6.866400311310049E177
03:46:27,8.583000389137562E177
03:46:32,1.0728750486421953E178
03:46:37,1.341093810802744E178
03:46:42,1.67636726350343E178
03:46:47,2.0954590793792875E178
03:46:52,2.6193238492241093E178
03:46:57,3.274154811530137E178
03:47:02,4.0926935144126716E178
03:47:07,5.11586689301584E178
03:47:12,6.3948336162697994E178
03:47:17,7.99354202033725E178
03:47:22,9.991927525421562E178
03:47:27,1.2489909406776952E179
03:47:32,1.561238675847119E179
03:47:37,1.9515483448088988E179
03:47:42,2.4394354310111235E179
03:47:47,3.0492942887639044E179
03:47:52,3.811617860954881E179
03:47:57,4.764522326193601E179
03:48:02,5.955652907742001E179
03:48:07,7.444566134677501E179
03:48:12,9.305707668346876E179
03:48:17,1.1632134585433597E180
03:48:22,1.4540168231791996E180
03:48:27,1.8175210289739996E180
03:48:32,2.2719012862174994E180
03:48:37,2.839876607771874E180
03:48:42,3.5498457597148423E180
03:48:47,4.437307199643553E180
03:48:52,5.546633999554441E180
03:48:57,6.933292499443051E180
03:49:02,8.666615624303814E180
03:49:07,1.0833269530379766E181
03:49:12,1.3541586912974707E181
03:49:17,1.6926983641218385E181
03:49:22,2.115872955152298E181
03:49:27,2.6448411939403726E181
03:49:32,3.3060514924254658E181
03:49:37,4.1325643655318324E181
03:49:42,5.1657054569147905E181
03:49:47,6.457131821143488E181
03:49:52,8.07141477642936E181
03:49:57,1.00892684705367E182
03:50:02,1.2611585588170877E182
03:50:07,1.5764481985213596E182
03:50:12,1.9705602481516996E182
03:50:17,2.4632003101896245E182
03:50:22,3.0790003877370304E182
03:50:27,3.848750484671288E182
03:50:32,4.8109381058391104E182
03:50:37,6.013672632298888E182
03:50:42,7.51709079037361E182
03:50:47,9.396363487967012E182
03:50:52,1.1745454359958766E183
03:50:57,1.4681817949948459E183
03:51:02,1.8352272437435573E183
03:51:07,2.294034054679447E183
03:51:12,2.8675425683493086E183
03:51:17,3.5844282104366356E183
03:51:22,4.480535263045795E183
03:51:27,5.600669078807244E183
03:51:32,7.000836348509055E183
03:51:37,8.751045435636319E183
03:51:42,1.0938806794545399E184
03:51:47,1.367350849318175E184
03:51:52,1.709188561647719E184
03:51:57,2.1364857020596485E184
03:52:02,2.6706071275745606E184
03:52:07,3.3382589094682006E184
03:52:12,4.1728236368352506E184
03:52:17,5.216029546044063E184
03:52:22,6.520036932555079E184
03:52:27,8.150046165693848E184
03:52:32,1.018755770711731E185
03:52:37,1.2734447133896638E185
03:52:42,1.5918058917370798E185
03:52:47,1.9897573646713497E185
03:52:52,2.4871967058391872E185
03:52:57,3.108995882298984E185
03:53:02,3.88624485287373E185
03:53:07,4.857806066092162E185
03:53:12,6.072257582615202E185
03:53:17,7.590321978269002E185
03:53:22,9.487902472836254E185
03:53:27,1.1859878091045318E186
03:53:32,1.4824847613806648E186
03:53:37,1.853105951725831E186
03:53:42,2.3163824396572886E186
03:53:47,2.8954780495716106E186
03:53:52,3.6193475619645134E186
03:53:57,4.524184452455642E186
03:54:02,5.6552305655695525E186
03:54:07,7.069038206961941E186
03:54:12,8.836297758702427E186
03:54:17,1.1045372198378035E187
03:54:22,1.3806715247972544E187
03:54:27,1.725839405996568E187
03:54:32,2.15729925749571E187
03:54:37,2.6966240718696374E187
03:54:42,3.3707800898370467E187
03:54:47,4.213475112296308E187
03:54:52,5.266843890370385E187
03:54:57,6.583554862962981E187
03:55:02,8.229443578703727E187
03:55:07,1.0286804473379659E188
03:55:12,1.2858505591724574E188
03:55:17,1.6073131989655717E188
03:55:22,2.0091414987069645E188
03:55:27,2.5114268733837055E188
03:55:32,3.139283591729632E188
03:55:37,3.92410448966204E188
03:55:42,4.90513061207755E188
03:55:47,6.131413265096937E188
03:55:52,7.664266581371171E188
03:55:57,9.580333226713964E188
03:56:02,1.1975416533392455E189
03:56:07,1.496927066674057E189
03:56:12,1.8711588333425712E189
03:56:17,2.3389485416782137E189
03:56:22,2.9236856770977674E189
03:56:27,3.654607096372209E189
03:56:32,4.568258870465262E189
03:56:37,5.710323588081577E189
03:56:42,7.137904485101972E189
03:56:47,8.922380606377464E189
03:56:52,1.115297575797183E190
03:56:57,1.3941219697464787E190
03:57:02,1.7426524621830985E190
03:57:07,2.1783155777288733E190
03:57:12,2.7228944721610915E190
03:57:17,3.4036180902013645E190
03:57:22,4.254522612751705E190
03:57:27,5.318153265939631E190
03:57:32,6.647691582424539E190
03:57:37,8.309614478030673E190
03:57:42,1.0387018097538341E191
03:57:47,1.2983772621922926E191
03:57:52,1.6229715777403658E191
03:57:57,2.0287144721754574E191
03:58:02,2.5358930902193216E191
03:58:07,3.169866362774152E191
03:58:12,3.96233295346769E191
03:58:17,4.9529161918346126E191
03:58:22,6.191145239793266E191
03:58:27,7.738931549741583E191
03:58:32,9.673664437176978E191
03:58:37,1.2092080546471222E192
03:58:42,1.5115100683089028E192
03:58:47,1.8893875853861284E192
03:58:52,2.3617344817326606E192
03:58:57,2.952168102165826E192
03:59:02,3.6902101277072825E192
03:59:07,4.612762659634103E192
03:59:12,5.765953324542629E192
03:59:17,7.207441655678286E192
03:59:22,9.009302069597858E192
03:59:27,1.1261627586997321E193
03:59:32,1.4077034483746652E193
03:59:37,1.7596293104683315E193
03:59:42,2.1995366380854145E193
03:59:47,2.749420797606768E193
03:59:52,3.43677599700846E193
03:59:57,4.295969996260575E193
04:00:02,5.3699624953257184E193
04:00:07,6.7124531191571484E193
04:00:12,8.390566398946435E193
04:00:17,1.0488207998683044E194
04:00:22,1.3110259998353805E194
04:00:27,1.6387824997942255E194
04:00:32,2.048478124742782E194
04:00:37,2.5605976559284776E194
04:00:42,3.200747069910597E194
04:00:47,4.000933837388246E194
04:00:52,5.001167296735308E194
04:00:57,6.251459120919135E194
04:01:02,7.814323901148919E194
04:01:07,9.76790487643615E194
04:01:12,1.2209881095545187E195
04:01:17,1.5262351369431483E195
04:01:22,1.9077939211789355E195
04:01:27,2.384742401473669E195
04:01:32,2.980928001842086E195
04:01:37,3.7261600023026076E195
04:01:42,4.657700002878259E195
04:01:47,5.822125003597824E195
04:01:52,7.277656254497281E195
04:01:57,9.097070318121601E195
04:02:02,1.1371337897652001E196
04:02:07,1.4214172372065001E196
04:02:12,1.7767715465081253E196
04:02:17,2.2209644331351566E196
04:02:22,2.7762055414189457E196
04:02:27,3.470256926773682E196
04:02:32,4.3378211584671024E196
04:02:37,5.422276448083878E196
04:02:42,6.7778455601048474E196
04:02:47,8.47230695013106E196
04:02:52,1.0590383687663826E197
04:02:57,1.3237979609579782E197
04:03:02,1.654747451197473E197
04:03:07,2.068434313996841E197
04:03:12,2.5855428924960513E197
04:03:17,3.231928615620064E197
04:03:22,4.03991076952508E197
04:03:27,5.04988846190635E197
04:03:32,6.312360577382938E197
04:03:37,7.890450721728672E197
04:03:42,9.863063402160839E197
04:03:47,1.232882925270105E198
04:03:52,1.5411036565876312E198
04:03:57,1.926379570734539E198
04:04:02,2.407974463418174E198
04:04:07,3.0099680792727176E198
04:04:12,3.7624600990908967E198
04:04:17,4.7030751238636206E198
04:04:22,5.878843904829525E198
04:04:27,7.348554881036907E198
04:04:32,9.185693601296133E198
04:04:37,1.1482117001620166E199
04:04:42,1.4352646252025207E199
04:04:47,1.7940807815031508E199
04:04:52,2.2426009768789385E199
04:04:57,2.803251221098673E199
04:05:02,3.5040640263733415E199
04:05:07,4.380080032966677E199
04:05:12,5.475100041208347E199
04:05:17,6.843875051510433E199
04:05:22,8.55484381438804E199
04:05:27,1.069355476798505E200
04:05:32,1.3366943459981312E200
04:05:37,1.670867932497664E200
04:05:42,2.0885849156220797E200
04:05:47,2.6107311445275996E200
04:05:52,3.2634139306594995E200
04:05:57,4.079267413324374E200
04:06:02,5.099084266655468E200
04:06:07,6.373855333319334E200
04:06:12,7.967319166649167E200
04:06:17,9.959148958311459E200
04:06:22,1.2448936197889324E201
04:06:27,1.5561170247361655E201
04:06:32,1.9451462809202068E201
04:06:37,2.4314328511502587E201
04:06:42,3.0392910639378234E201
04:06:47,3.7991138299222793E201
04:06:52,4.748892287402849E201
04:06:57,5.936115359253561E201
04:07:02,7.420144199066951E201
04:07:07,9.275180248833689E201
04:07:12,1.1593975311042112E202
04:07:17,1.4492469138802641E202
04:07:22,1.81155864235033E202
04:07:27,2.2644483029379124E202
04:07:32,2.8305603786723904E202
04:07:37,3.538200473340488E202
04:07:42,4.42275059167561E202
04:07:47,5.528438239594512E202
04:07:52,6.91054779949314E202
04:07:57,8.638184749366425E202
04:08:02,1.079773093670803E203
04:08:07,1.349716367088504E203
04:08:12,1.68714545886063E203
04:08:17,2.1089318235757875E203
04:08:22,2.6361647794697343E203
04:08:27,3.295205974337168E203
04:08:32,4.11900746792146E203
04:08:37,5.1487593349018244E203
04:08:42,6.435949168627281E203
04:08:47,8.044936460784102E203
04:08:52,1.0056170575980127E204
04:08:57,1.257021321997516E204
04:09:02,1.571276652496895E204
04:09:07,1.9640958156211188E204
04:09:12,2.4551197695263985E204
04:09:17,3.0688997119079984E204
04:09:22,3.836124639884998E204
04:09:27,4.7951557998562473E204
04:09:32,5.993944749820309E204
04:09:37,7.492430937275386E204
04:09:42,9.365538671594232E204
04:09:47,1.170692333949279E205
04:09:52,1.4633654174365986E205
04:09:57,1.8292067717957482E205
04:10:02,2.2865084647446854E205
04:10:07,2.8581355809308565E205
04:10:12,3.5726694761635704E205
04:10:17,4.465836845204463E205
04:10:22,5.582296056505579E205
04:10:27,6.977870070631974E205
04:10:32,8.722337588289968E205
04:10:37,1.090292198536246E206
04:10:42,1.3628652481703076E206
04:10:47,1.7035815602128845E206
04:10:52,2.1294769502661056E206
04:10:57,2.661846187832632E206
04:11:02,3.32730773479079E206
04:11:07,4.159134668488487E206
04:11:12,5.198918335610609E206
04:11:17,6.498647919513262E206
04:11:22,8.123309899391577E206
04:11:27,1.0154137374239472E207
04:11:32,1.269267171779934E207
04:11:37,1.5865839647249175E207
04:11:42,1.983229955906147E207
04:11:47,2.4790374448826835E207
04:11:52,3.098796806103354E207
04:11:57,3.8734960076291926E207
04:12:02,4.841870009536491E207
04:12:07,6.052337511920613E207
04:12:12,7.565421889900767E207
04:12:17,9.456777362375959E207
04:12:22,1.1820971702969948E208
04:12:27,1.4776214628712435E208
04:12:32,1.8470268285890544E208
04:12:37,2.308783535736318E208
04:12:42,2.885979419670397E208
04:12:47,3.6074742745879967E208
04:12:52,4.509342843234996E208
04:12:57,5.636678554043745E208
04:13:02,7.045848192554682E208
04:13:07,8.807310240693351E208
04:13:12,1.100913780086669E209
04:13:17,1.3761422251083362E209
04:13:22,1.72017778138542E209
04:13:27,2.1502222267317753E209
04:13:32,2.687777783414719E209
04:13:37,3.359722229268399E209
04:13:42,4.199652786585499E209
04:13:47,5.249565983231874E209
04:13:52,6.561957479039842E209
04:13:57,8.202446848799803E209
04:14:02,1.0253058560999754E210
04:14:07,1.2816323201249693E210
04:14:12,1.6020404001562115E210
04:14:17,2.0025505001952644E210
04:14:22,2.5031881252440805E210
04:14:27,3.128985156555101E210
04:14:32,3.911231445693876E210
04:14:37,4.889039307117345E210
04:14:42,6.111299133896682E210
04:14:47,7.639123917370852E210
04:14:52,9.548904896713565E210
04:14:57,1.1936131120891955E211
04:15:02,1.4920163901114945E211
04:15:07,1.8650204876393682E211
04:15:12,2.3312756095492104E211
04:15:17,2.9140945119365133E211
04:15:22,3.6426181399206416E211
04:15:27,4.553272674900802E211
04:15:32,5.691590843626002E211
04:15:37,7.114488554532503E211
04:15:42,8.893110693165629E211
04:15:47,1.1116388366457036E212
04:15:52,1.3895485458071295E212
04:15:57,1.7369356822589118E212
04:16:02,2.17116960282364E212
04:16:07,2.7139620035295497E212
04:16:12,3.392452504411937E212
04:16:17,4.240565630514922E212
04:16:22,5.300707038143652E212
04:16:27,6.625883797679565E212
04:16:32,8.282354747099457E212
04:16:37,1.0352943433874322E213
04:16:42,1.2941179292342902E213
04:16:47,1.6176474115428627E213
04:16:52,2.0220592644285782E213
04:16:57,2.5275740805357228E213
04:17:02,3.1594676006696534E213
04:17:07,3.949334500837067E213
04:17:12,4.936668126046334E213
04:17:17,6.170835157557917E213
04:17:22,7.713543946947397E213
04:17:27,9.641929933684246E213
04:17:32,1.2052412417105308E214
04:17:37,1.5065515521381635E214
04:17:42,1.8831894401727044E214
04:17:47,2.3539868002158804E214
04:17:52,2.9424835002698506E214
04:17:57,3.678104375337313E214
04:18:02,4.597630469171641E214
04:18:07,5.747038086464551E214
04:18:12,7.183797608080688E214
04:18:17,8.979747010100862E214
04:18:22,1.1224683762626077E215
04:18:27,1.4030854703282597E215
04:18:32,1.7538568379103244E215
04:18:37,2.1923210473879056E215
04:18:42,2.7404013092348818E215
04:18:47,3.4255016365436024E215
04:18:52,4.281877045679503E215
04:18:57,5.3523463070993786E215
04:19:02,6.690432883874223E215
04:19:07,8.36304110484278E215
04:19:12,1.0453801381053475E216
04:19:17,1.3067251726316842E216
04:19:22,1.6334064657896054E216
04:19:27,2.0417580822370067E216
04:19:32,2.5521976027962586E216
04:19:37,3.1902470034953233E216
04:19:42,3.987808754369154E216
04:19:47,4.9847609429614427E216
04:19:52,6.230951178701804E216
04:19:57,7.788688973377254E216
04:20:02,9.735861216721567E216
04:20:07,1.216982652090196E217
04:20:12,1.521228315112745E217
04:20:17,1.901535393890931E217
04:20:22,2.3769192423636637E217
04:20:27,2.97114905295458E217
04:20:32,3.7139363161932247E217
04:20:37,4.642420395241531E217
04:20:42,5.803025494051913E217
04:20:47,7.253781867564891E217
04:20:52,9.067227334456115E217
04:20:57,1.1334034168070144E218
04:21:02,1.416754271008768E218
04:21:07,1.77094283876096E218
04:21:12,2.2136785484511996E218
04:21:17,2.7670981855639994E218
04:21:22,3.458872731954999E218
04:21:27,4.323590914943749E218
04:21:32,5.4044886436796866E218
04:21:37,6.755610804599608E218
04:21:42,8.44451350574951E218
04:21:47,1.0555641882186888E219
04:21:52,1.319455235273361E219
04:21:57,1.6493190440917013E219
04:22:02,2.0616488051146267E219
04:22:07,2.5770610063932833E219
04:22:12,3.221326257991604E219
04:22:17,4.0266578224895055E219
04:22:22,5.033322278111882E219
04:22:27,6.291652847639853E219
04:22:32,7.864566059549817E219
04:22:37,9.83070757443727E219
04:22:42,1.2288384468046588E220
04:22:47,1.5360480585058235E220
04:22:52,1.9200600731322792E220
04:22:57,2.400075091415349E220
04:23:02,3.0000938642691863E220
04:23:07,3.750117330336483E220
04:23:12,4.687646662920603E220
04:23:17,5.859558328650754E220
04:23:22,7.324447910813443E220
04:23:27,9.155559888516804E220
04:23:32,1.1444449860646005E221
04:23:37,1.4305562325807507E221
04:23:42,1.7881952907259384E221
04:23:47,2.235244113407423E221
04:23:52,2.7940551417592786E221
04:23:57,3.4925689271990983E221
04:24:02,4.3657111589988725E221
04:24:07,5.457138948748591E221
04:24:12,6.821423685935738E221
04:24:17,8.526779607419672E221
04:24:22,1.065847450927459E222
04:24:27,1.3323093136593239E222
04:24:32,1.665386642074155E222
04:24:37,2.0817333025926937E222
04:24:42,2.6021666282408673E222
04:24:47,3.2527082853010845E222
04:24:52,4.0658853566263556E222
04:24:57,5.082356695782944E222
04:25:02,6.352945869728681E222
04:25:07,7.94118233716085E222
04:25:12,9.926477921451062E222
04:25:17,1.2408097401813828E223
04:25:22,1.5510121752267284E223
04:25:27,1.9387652190334106E223
04:25:32,2.4234565237917635E223
04:25:37,3.0293206547397044E223
04:25:42,3.7866508184246304E223
04:25:47,4.733313523030788E223
04:25:52,5.916641903788485E223
04:25:57,7.395802379735607E223
04:26:02,9.244752974669508E223
04:26:08,1.1555941218336886E224
04:26:12,1.4444926522921108E224
04:26:17,1.8056158153651386E224
04:26:22,2.2570197692064234E224
04:26:27,2.8212747115080295E224
04:26:32,3.526593389385037E224
04:26:37,4.408241736731296E224
04:26:42,5.51030217091412E224
04:26:47,6.88787771364265E224
04:26:52,8.609847142053313E224
04:26:57,1.076230892756664E225
04:27:02,1.3452886159458301E225
04:27:07,1.6816107699322877E225
04:27:12,2.1020134624153596E225
04:27:17,2.6275168280191995E225
04:27:22,3.2843960350239993E225
04:27:27,4.1054950437799995E225
04:27:32,5.1318688047249994E225
04:27:37,6.414836005906249E225
04:27:42,8.018545007382811E225
04:27:47,1.0023181259228514E226
04:27:52,1.2528976574035642E226
04:27:57,1.5661220717544552E226
04:28:02,1.957652589693069E226
04:28:07,2.4470657371163365E226
04:28:12,3.0588321713954206E226
04:28:17,3.8235402142442757E226
04:28:22,4.779425267805344E226
04:28:27,5.974281584756681E226
04:28:32,7.467851980945851E226
04:28:37,9.334814976182314E226
04:28:42,1.1668518720227891E227
04:28:47,1.4585648400284864E227
04:28:52,1.823206050035608E227
04:28:57,2.27900756254451E227
04:29:02,2.8487594531806373E227
04:29:07,3.5609493164757967E227
04:29:12,4.451186645594746E227
04:29:17,5.563983306993433E227
04:29:22,6.954979133741791E227
04:29:27,8.693723917177239E227
04:29:32,1.086715489647155E228
04:29:37,1.3583943620589437E228
04:29:42,1.6979929525736797E228
04:29:47,2.1224911907170997E228
04:29:52,2.653113988396375E228
04:29:57,3.3163924854954684E228
04:30:02,4.1454906068693355E228
04:30:07,5.181863258586669E228
04:30:12,6.477329073233337E228
04:30:17,8.09666134154167E228
04:30:22,1.0120826676927088E229
04:30:27,1.265103334615886E229
04:30:32,1.5813791682698575E229
04:30:37,1.976723960337322E229
04:30:42,2.470904950421653E229
04:30:47,3.088631188027066E229
04:30:52,3.8607889850338324E229
04:30:57,4.825986231292291E229
04:31:02,6.032482789115363E229
04:31:07,7.540603486394204E229
04:31:12,9.425754357992755E229
04:31:17,1.1782192947490943E230
04:31:22,1.4727741184363678E230
04:31:27,1.8409676480454598E230
04:31:32,2.301209560056825E230
04:31:37,2.876511950071031E230
04:31:42,3.595639937588789E230
04:31:47,4.494549921985986E230
04:31:53,5.618187402482482E230
04:31:58,7.022734253103103E230
04:32:03,8.778417816378879E230
04:32:08,1.09730222704736E231
04:32:13,1.3716277838092E231
04:32:18,1.7145347297615002E231
04:32:23,2.1431684122018753E231
04:32:28,2.678960515252344E231
04:32:33,3.34870064406543E231
04:32:38,4.1858758050817874E231
04:32:43,5.232344756352234E231
04:32:48,6.540430945440293E231
04:32:53,8.175538681800366E231
04:32:58,1.0219423352250457E232
04:33:03,1.2774279190313072E232
04:33:08,1.596784898789134E232
04:33:13,1.9959811234864173E232
04:33:18,2.4949764043580216E232
04:33:23,3.1187205054475273E232
04:33:28,3.8984006318094094E232
04:33:33,4.8730007897617615E232
04:33:38,6.091250987202202E232
04:33:43,7.614063734002752E232
04:33:48,9.517579667503441E232
04:33:53,1.18969745843793E233
04:33:58,1.4871218230474125E233
04:34:03,1.8589022788092656E233
04:34:08,2.323627848511582E233
04:34:13,2.9045348106394774E233
04:34:18,3.6306685132993467E233
04:34:23,4.538335641624183E233
04:34:28,5.672919552030229E233
04:34:33,7.091149440037786E233
04:34:38,8.863936800047233E233
04:34:43,1.1079921000059041E234
04:34:48,1.3849901250073801E234
04:34:53,1.7312376562592253E234
04:34:58,2.1640470703240318E234
04:35:03,2.7050588379050398E234
04:35:08,3.3813235473813E234
04:35:13,4.226654434226625E234
04:35:18,5.283318042783281E234
04:35:23,6.604147553479101E234
04:35:28,8.255184441848876E234
04:35:33,1.0318980552311096E235
04:35:38,1.289872569038887E235
04:35:43,1.6123407112986088E235
04:35:48,2.015425889123261E235
04:35:53,2.5192823614040763E235
04:35:58,3.1491029517550953E235
04:36:03,3.936378689693869E235
04:36:08,4.9204733621173365E235
04:36:13,6.150591702646671E235
04:36:18,7.688239628308339E235
04:36:23,9.610299535385424E235
04:36:28,1.201287441923178E236
04:36:33,1.5016093024039726E236
04:36:38,1.8770116280049657E236
04:36:43,2.346264535006207E236
04:36:48,2.9328306687577586E236
04:36:53,3.6660383359471984E236
04:36:58,4.582547919933998E236
04:37:03,5.7281848999174975E236
04:37:08,7.160231124896872E236
04:37:13,8.95028890612109E236
04:37:18,1.1187861132651362E237
04:37:23,1.3984826415814202E237
04:37:28,1.7481033019767752E237
04:37:33,2.185129127470969E237
04:37:38,2.7314114093387115E237
04:37:43,3.4142642616733895E237
04:37:48,4.267830327091737E237
04:37:53,5.334787908864671E237
04:37:58,6.66848488608084E237
04:38:03,8.33560610760105E237
04:38:08,1.0419507634501311E238
04:38:13,1.302438454312664E238
04:38:18,1.6280480678908302E238
04:38:23,2.035060084863538E238
04:38:28,2.5438251060794224E238
04:38:33,3.179781382599278E238
04:38:38,3.9747267282490974E238
04:38:43,4.968408410311372E238
04:38:48,6.210510512889215E238
04:38:53,7.763138141111519E238
04:38:58,9.703922676389399E238
04:39:03,1.2129903345486748E239
04:39:08,1.5162379181858436E239
04:39:13,1.8952973977323045E239
04:39:18,2.3691217471653805E239
04:39:23,2.961402183956726E239
04:39:28,3.701752729945907E239
04:39:33,4.627190912432384E239
04:39:38,5.78398864054048E239
04:39:43,7.2299858006756E239
04:39:48,9.037482250844499E239
04:39:53,1.1296852813555623E240
04:39:58,1.412106601694453E240
04:40:03,1.765133252118066E240
04:40:08,2.2064165651475825E240
04:40:13,2.758020706434478E240
04:40:18,3.447525883043098E240
04:40:23,4.309407353803873E240
04:40:28,5.386759192254841E240
04:40:33,6.733448990318552E240
04:40:38,8.41681123789819E240
04:40:43,1.0521014047372737E241
04:40:48,1.3151267559215922E241
04:40:53,1.64390844490199E241
04:40:58,2.0548855561274878E241
04:41:03,2.5686069451593597E241
04:41:08,3.2107586814491996E241
04:41:13,4.0134483518114994E241
04:41:18,5.016810439764374E241
04:41:23,6.271013049705467E241
04:41:28,7.838766312131835E241
04:41:33,9.798457890164793E241
04:41:38,1.224807236270599E242
04:41:43,1.5310090453382489E242
04:41:48,1.9137613066728112E242
04:41:53,2.3922016333410138E242
04:41:58,2.9902520416762674E242
04:42:03,3.7378150520953343E242
04:42:08,4.672268815119168E242
04:42:13,5.84033601889896E242
04:42:18,7.3004200236236995E242
04:42:23,9.125525029529624E242
04:42:28,1.140690628691203E243
04:42:33,1.4258632858640037E243
04:42:38,1.7823291073300045E243
04:42:43,2.227911384162506E243
04:42:48,2.784889230203132E243
04:42:53,3.481111537753915E243
04:42:58,4.351389422192394E243
04:43:03,5.4392367777404925E243
04:43:08,6.7990459721756155E243
04:43:13,8.49880746521952E243
04:43:18,1.06235093315244E244
04:43:23,1.3279386664405499E244
04:43:28,1.6599233330506874E244
04:43:33,2.0749041663133593E244
04:43:38,2.593630207891699E244
04:43:43,3.242037759864624E244
04:43:48,4.05254719983078E244
04:43:53,5.065683999788475E244
04:43:58,6.332104999735595E244
04:44:03,7.915131249669493E244
04:44:08,9.893914062086866E244
04:44:13,1.2367392577608584E245
04:44:18,1.545924072201073E245
04:44:23,1.9324050902513413E245
04:44:28,2.4155063628141767E245
04:44:33,3.0193829535177207E245
04:44:38,3.774228691897151E245
04:44:43,4.717785864871438E245
04:44:48,5.897232331089297E245
04:44:53,7.371540413861621E245
04:44:58,9.214425517327026E245
04:45:03,1.1518031896658782E246
04:45:08,1.4397539870823478E246
04:45:13,1.799692483852935E246
04:45:18,2.2496156048161686E246
04:45:23,2.812019506020211E246
04:45:28,3.515024382525264E246
04:45:33,4.393780478156579E246
04:45:38,5.492225597695724E246
04:45:43,6.865281997119656E246
04:45:48,8.58160249639957E246
04:45:53,1.0727003120499462E247
04:45:58,1.3408753900624328E247
04:46:03,1.676094237578041E247
04:46:08,2.095117796972551E247
04:46:13,2.6188972462156887E247
04:46:18,3.273621557769611E247
04:46:23,4.092026947212014E247
04:46:28,5.115033684015017E247
04:46:33,6.393792105018772E247
04:46:38,7.992240131273465E247
04:46:43,9.990300164091832E247
04:46:48,1.248787520511479E248
04:46:53,1.560984400639349E248
04:46:58,1.951230500799186E248
04:47:03,2.4390381259989826E248
04:47:08,3.0487976574987284E248
04:47:13,3.8109970718734105E248
04:47:18,4.763746339841763E248
04:47:23,5.954682924802204E248
04:47:28,7.443353656002755E248
04:47:33,9.304192070003445E248
04:47:38,1.1630240087504305E249
04:47:43,1.4537800109380381E249
04:47:48,1.8172250136725475E249
04:47:53,2.2715312670906842E249
04:47:58,2.8394140838633553E249
04:48:03,3.549267604829194E249
04:48:08,4.4365845060364924E249
04:48:13,5.545730632545616E249
04:48:18,6.93216329068202E249
04:48:23,8.665204113352526E249
04:48:28,1.0831505141690657E250
04:48:33,1.353938142711332E250
04:48:38,1.692422678389165E250
04:48:43,2.1155283479864563E250
04:48:48,2.6444104349830702E250
04:48:53,3.305513043728838E250
04:48:58,4.1318913046610476E250
04:49:03,5.1648641308263094E250
04:49:08,6.456080163532887E250
04:49:13,8.070100204416108E250
04:49:18,1.0087625255520135E251
04:49:23,1.260953156940017E251
04:49:28,1.5761914461750212E251
04:49:33,1.9702393077187766E251
04:49:38,2.462799134648471E251
04:49:43,3.078498918310589E251
04:49:48,3.848123647888236E251
04:49:53,4.810154559860295E251
04:49:58,6.012693199825368E251
04:50:03,7.515866499781711E251
04:50:08,9.394833124727138E251
04:50:13,1.1743541405908923E252
04:50:18,1.4679426757386153E252
04:50:23,1.8349283446732693E252
04:50:28,2.2936604308415866E252
04:50:33,2.867075538551983E252
04:50:38,3.583844423189979E252
04:50:43,4.479805528987474E252
04:50:48,5.599756911234342E252
04:50:53,6.999696139042928E252
04:50:58,8.74962017380366E252
04:51:03,1.0937025217254575E253
04:51:08,1.3671281521568217E253
04:51:13,1.7089101901960273E253
04:51:18,2.136137737745034E253
04:51:23,2.6701721721812925E253
04:51:28,3.337715215226616E253
04:51:33,4.1721440190332703E253
04:51:38,5.2151800237915876E253
04:51:43,6.518975029739484E253
04:51:48,8.148718787174356E253
04:51:53,1.0185898483967945E254
04:51:58,1.2732373104959932E254
04:52:03,1.5915466381199914E254
04:52:08,1.9894332976499892E254
04:52:13,2.4867916220624867E254
04:52:18,3.1084895275781084E254
04:52:23,3.8856119094726356E254
04:52:28,4.857014886840794E254
04:52:33,6.071268608550993E254
04:52:38,7.589085760688741E254
04:52:43,9.486357200860926E254
04:52:48,1.1857946501076156E255
04:52:53,1.4822433126345194E255
04:52:58,1.8528041407931494E255
04:53:03,2.3160051759914366E255
04:53:08,2.8950064699892957E255
04:53:13,3.6187580874866198E255
04:53:18,4.523447609358275E255
04:53:23,5.654309511697844E255
04:53:28,7.0678868896223054E255
04:53:33,8.834858612027881E255
04:53:38,1.1043573265034852E256
04:53:43,1.3804466581293565E256
04:53:48,1.7255583226616956E256
04:53:53,2.1569479033271195E256
04:53:58,2.6961848791588993E256
04:54:03,3.370231098948624E256
04:54:08,4.21278887368578E256
04:54:13,5.265986092107225E256
04:54:18,6.582482615134032E256
04:54:23,8.22810326891754E256
04:54:28,1.0285129086146924E257
04:54:33,1.2856411357683655E257
04:54:38,1.6070514197104568E257
04:54:43,2.008814274638071E257
04:54:48,2.511017843297589E257
04:54:53,3.138772304121986E257
04:54:58,3.9234653801524827E257
04:55:03,4.904331725190604E257
04:55:08,6.130414656488254E257
04:55:13,7.663018320610318E257
04:55:18,9.578772900762897E257
04:55:23,1.1973466125953622E258
04:55:28,1.4966832657442026E258
04:55:33,1.8708540821802532E258
04:55:38,2.3385676027253165E258
04:55:43,2.923209503406646E258
04:55:48,3.6540118792583073E258
04:55:53,4.567514849072884E258
04:55:58,5.709393561341105E258
04:56:03,7.13674195167638E258
04:56:08,8.920927439595475E258
04:56:13,1.1151159299494343E259
04:56:18,1.393894912436793E259
04:56:23,1.742368640545991E259
04:56:28,2.1779608006824887E259
04:56:33,2.722451000853111E259
04:56:38,3.4030637510663886E259
04:56:43,4.2538296888329856E259
04:56:48,5.317287111041232E259
04:56:53,6.64660888880154E259
04:56:58,8.308261111001925E259
04:57:03,1.0385326388752407E260
04:57:08,1.2981657985940508E260
04:57:13,1.6227072482425634E260
04:57:18,2.0283840603032044E260
04:57:23,2.5354800753790056E260
04:57:28,3.169350094223757E260
04:57:33,3.961687617779696E260
04:57:38,4.95210952222462E260
04:57:43,6.190136902780775E260
04:57:48,7.737671128475969E260
04:57:53,9.672088910594961E260
04:57:58,1.2090111138243702E261
04:58:03,1.5112638922804627E261
04:58:08,1.8890798653505785E261
04:58:13,2.361349831688223E261
04:58:18,2.951687289610279E261
04:58:23,3.6896091120128486E261
04:58:28,4.612011390016061E261
04:58:33,5.765014237520076E261
04:58:38,7.206267796900095E261
04:58:43,9.007834746125119E261
04:58:48,1.1259793432656399E262
04:58:53,1.4074741790820498E262
04:58:58,1.7593427238525622E262
04:59:03,2.199178404815703E262
04:59:08,2.7489730060196285E262
04:59:13,3.436216257524535E262
04:59:18,4.295270321905669E262
04:59:23,5.3690879023820866E262
04:59:28,6.711359877977608E262
04:59:33,8.38919984747201E262
04:59:38,1.0486499809340013E263
04:59:43,1.3108124761675015E263
04:59:48,1.638515595209377E263
04:59:53,2.0481444940117213E263
04:59:58,2.5601806175146516E263
05:00:03,3.2002257718933147E263
05:00:08,4.000282214866643E263
05:00:13,5.0003527685833035E263
05:00:18,6.250440960729129E263
05:00:23,7.813051200911412E263
05:00:28,9.766314001139265E263
05:00:33,1.2207892501424082E264
05:00:38,1.5259865626780104E264
05:00:43,1.907483203347513E264
05:00:48,2.384354004184391E264
05:00:53,2.9804425052304887E264
05:00:58,3.725553131538111E264
05:01:03,4.656941414422639E264
05:01:08,5.821176768028299E264
05:01:13,7.276470960035374E264
05:01:18,9.095588700044217E264
05:01:23,1.1369485875055271E265
05:01:28,1.421185734381909E265
05:01:33,1.776482167977386E265
05:01:38,2.2206027099717327E265
05:01:43,2.7757533874646658E265
05:01:48,3.469691734330832E265
05:01:53,4.33711466791354E265
05:01:58,5.421393334891925E265
05:02:03,6.776741668614906E265
05:02:08,8.470927085768632E265
05:02:13,1.058865885721079E266
05:02:18,1.3235823571513487E266
05:02:23,1.654477946439186E266
05:02:28,2.0680974330489826E266
05:02:33,2.585121791311228E266
05:02:38,3.2314022391390355E266
05:02:43,4.0392527989237946E266
05:02:48,5.049065998654743E266
05:02:53,6.311332498318429E266
05:02:58,7.889165622898036E266
05:03:03,9.861457028622546E266
05:03:08,1.2326821285778182E267
05:03:13,1.5408526607222727E267
05:03:18,1.9260658259028407E267
05:03:23,2.407582282378551E267
05:03:28,3.0094778529731885E267
05:03:33,3.761847316216486E267
05:03:38,4.702309145270608E267
05:03:43,5.87788643158826E267
05:03:48,7.347358039485324E267
05:03:53,9.184197549356656E267
05:03:58,1.148024693669582E268
05:04:03,1.4350308670869774E268
05:04:08,1.7937885838587217E268
05:04:13,2.242235729823402E268
05:04:18,2.8027946622792527E268
05:04:23,3.503493327849066E268
05:04:28,4.379366659811333E268
05:04:33,5.474208324764166E268
05:04:38,6.842760405955208E268
05:04:43,8.55345050744401E268
05:04:48,1.0691813134305012E269
05:04:53,1.3364766417881264E269
05:04:59,1.670595802235158E269
05:05:03,2.0882447527939474E269
05:05:08,2.6103059409924342E269
05:05:13,3.262882426240543E269
05:05:18,4.078603032800678E269
05:05:23,5.098253791000848E269
05:05:28,6.372817238751059E269
05:05:33,7.966021548438823E269
05:05:38,9.957526935548529E269
05:05:43,1.2446908669435662E270
05:05:48,1.5558635836794576E270
05:05:53,1.944829479599322E270
05:05:58,2.4310368494991524E270
05:06:03,3.0387960618739404E270
05:06:08,3.7984950773424254E270
05:06:13,4.748118846678031E270
05:06:18,5.935148558347539E270
05:06:23,7.418935697934424E270
05:06:28,9.27366962241803E270
05:06:33,1.1592087028022538E271
05:06:38,1.4490108785028172E271
05:06:43,1.8112635981285215E271
05:06:48,2.264079497660652E271
05:06:53,2.8300993720758153E271
05:06:58,3.537624215094769E271
05:07:03,4.422030268868461E271
05:07:08,5.527537836085576E271
05:07:13,6.90942229510697E271
05:07:18,8.636777868883713E271
05:07:23,1.079597233610464E272
05:07:28,1.34949654201308E272
05:07:33,1.68687067751635E272
05:07:38,2.1085883468954377E272
05:07:43,2.6357354336192973E272
05:07:48,3.2946692920241216E272
05:07:53,4.1183366150301523E272
05:07:58,5.1479207687876904E272
05:08:03,6.434900960984613E272
05:08:08,8.043626201230767E272
05:08:13,1.0054532751538458E273
05:08:18,1.2568165939423072E273
05:08:23,1.571020742427884E273
05:08:28,1.963775928034855E273
05:08:33,2.454719910043569E273
05:08:38,3.068399887554461E273
05:08:43,3.8354998594430767E273
05:08:48,4.794374824303846E273
05:08:53,5.992968530379808E273
05:08:58,7.49121066297476E273
05:09:03,9.36401332871845E273
05:09:08,1.1705016660898062E274
05:09:13,1.4631270826122579E274
05:09:18,1.8289088532653224E274
05:09:23,2.286136066581653E274
05:09:28,2.857670083227066E274
05:09:33,3.572087604033832E274
05:09:38,4.46510950504229E274
05:09:43,5.5813868813028624E274
05:09:48,6.976733601628578E274
05:09:53,8.720917002035723E274
05:09:58,1.0901146252544654E275
05:10:03,1.3626432815680816E275
05:10:08,1.703304101960102E275
05:10:13,2.1291301274501276E275
05:10:18,2.6614126593126593E275
05:10:23,3.326765824140824E275
05:10:28,4.1584572801760305E275
05:10:33,5.198071600220038E275
05:10:38,6.497589500275047E275
05:10:43,8.121986875343809E275
05:10:48,1.0152483594179762E276
05:10:53,1.2690604492724702E276
05:10:58,1.5863255615905878E276
05:11:03,1.9829069519882348E276
05:11:08,2.4786336899852933E276
05:11:13,3.0982921124816164E276
05:11:18,3.8728651406020207E276
05:11:23,4.841081425752525E276
05:11:28,6.051351782190657E276
05:11:33,7.564189727738321E276
05:11:38,9.455237159672901E276
05:11:43,1.1819046449591127E277
05:11:48,1.4773808061988909E277
05:11:53,1.8467260077486135E277
05:11:58,2.3084075096857668E277
05:12:03,2.8855093871072084E277
05:12:08,3.6068867338840104E277
05:12:13,4.508608417355013E277
05:12:18,5.635760521693766E277
05:12:23,7.044700652117208E277
05:12:28,8.80587581514651E277
05:12:33,1.1007344768933138E278
05:12:38,1.3759180961166422E278
05:12:43,1.7198976201458027E278
05:12:48,2.1498720251822534E278
05:12:53,2.6873400314778165E278
05:12:58,3.3591750393472707E278
05:13:03,4.198968799184088E278
05:13:08,5.24871099898011E278
05:13:13,6.560888748725137E278
05:13:18,8.201110935906422E278
05:13:23,1.0251388669883028E279
05:13:28,1.2814235837353785E279
05:13:33,1.6017794796692231E279
05:13:38,2.002224349586529E279
05:13:43,2.502780436983161E279
05:13:48,3.128475546228951E279
05:13:53,3.910594432786189E279
05:13:58,4.888243040982736E279
05:14:03,6.11030380122842E279
05:14:08,7.637879751535525E279
05:14:13,9.547349689419405E279
05:14:18,1.1934187111774257E280
05:14:23,1.4917733889717822E280
05:14:28,1.8647167362147278E280
05:14:33,2.33089592026841E280
05:14:38,2.913619900335512E280
05:14:43,3.64202487541939E280
05:14:48,4.552531094274237E280
05:14:53,5.690663867842796E280
05:14:58,7.113329834803495E280
05:15:03,8.89166229350437E280
05:15:08,1.1114577866880462E281
05:15:13,1.3893222333600578E281
05:15:18,1.7366527917000723E281
05:15:23,2.1708159896250904E281
05:15:28,2.713519987031363E281
05:15:33,3.391899983789204E281
05:15:38,4.239874979736505E281
05:15:43,5.299843724670631E281
05:15:48,6.624804655838289E281
05:15:53,8.281005819797862E281
05:15:58,1.0351257274747327E282
05:16:03,1.2939071593434159E282
05:16:08,1.6173839491792697E282
05:16:13,2.0217299364740871E282
05:16:18,2.527162420592609E282
05:16:23,3.1589530257407615E282
05:16:28,3.948691282175952E282
05:16:33,4.935864102719941E282
05:16:38,6.169830128399926E282
05:16:43,7.712287660499907E282
05:16:48,9.640359575624883E282
05:16:53,1.2050449469531104E283
05:16:58,1.506306183691388E283
05:17:03,1.8828827296142352E283
05:17:08,2.353603412017794E283
05:17:13,2.9420042650222424E283
05:17:18,3.677505331277803E283
05:17:23,4.596881664097253E283
05:17:28,5.746102080121567E283
05:17:33,7.182627600151959E283
05:17:38,8.97828450018995E283
05:17:43,1.1222855625237436E284
05:17:48,1.4028569531546795E284
05:17:53,1.7535711914433495E284
05:17:58,2.191963989304187E284
05:18:03,2.7399549866302337E284
05:18:08,3.424943733287792E284
05:18:13,4.28117966660974E284
05:18:18,5.351474583262175E284
05:18:23,6.689343229077719E284
05:18:28,8.361679036347149E284
05:18:33,1.0452098795433937E285
05:18:38,1.306512349429242E285
05:18:43,1.6331404367865524E285
05:18:48,2.0414255459831906E285
05:18:53,2.5517819324789884E285
05:18:58,3.1897274155987357E285
05:19:03,3.9871592694984195E285
05:19:08,4.983949086873025E285
05:19:13,6.22993635859128E285
05:19:18,7.7874204482391E285
05:19:23,9.734275560298875E285
05:19:28,1.2167844450373594E286
05:19:33,1.5209805562966993E286
05:19:38,1.901225695370874E286
05:19:43,2.3765321192135928E286
05:19:48,2.970665149016991E286
05:19:53,3.713331436271239E286
05:19:58,4.641664295339049E286
05:20:03,5.8020803691738115E286
05:20:08,7.252600461467264E286
05:20:13,9.06575057683408E286
05:20:18,1.13321882210426E287
05:20:23,1.4165235276303251E287
05:20:28,1.7706544095379062E287
05:20:33,2.2133180119223827E287
05:20:38,2.7666475149029786E287
05:20:43,3.458309393628723E287
05:20:48,4.322886742035904E287
05:20:53,5.4036084275448796E287
05:20:58,6.7545105344311E287
05:21:03,8.443138168038875E287
05:21:08,1.0553922710048593E288
05:21:13,1.319240338756074E288
05:21:18,1.6490504234450925E288
05:21:23,2.0613130293063658E288
05:21:28,2.576641286632957E288
05:21:33,3.2208016082911966E288
05:21:38,4.0260020103639955E288
05:21:43,5.032502512954994E288
05:21:48,6.290628141193742E288
05:21:53,7.863285176492178E288
05:21:58,9.829106470615222E288
05:22:03,1.2286383088269027E289
05:22:08,1.5357978860336283E289
05:22:13,1.9197473575420354E289
05:22:18,2.3996841969275444E289
05:22:23,2.9996052461594304E289
05:22:28,3.749506557699288E289
05:22:33,4.68688319712411E289
05:22:38,5.858603996405137E289
05:22:43,7.323254995506421E289
05:22:48,9.154068744383027E289
05:22:53,1.1442585930478784E290
05:22:58,1.430323241309848E290
05:23:03,1.78790405163731E290
05:23:08,2.2348800645466376E290
05:23:13,2.793600080683297E290
05:23:18,3.492000100854121E290
05:23:23,4.365000126067652E290
05:23:28,5.4562501575845654E290
05:23:33,6.820312696980707E290
05:23:38,8.525390871225884E290
05:23:43,1.0656738589032354E291
05:23:48,1.3320923236290442E291
05:23:53,1.6651154045363054E291
05:23:58,2.0813942556703816E291
05:24:03,2.601742819587977E291
05:24:08,3.252178524484971E291
05:24:13,4.065223155606214E291
05:24:18,5.081528944507767E291
05:24:23,6.351911180634708E291
05:24:28,7.939888975793385E291
05:24:33,9.92486121974173E291
05:24:38,1.2406076524677162E292
05:24:43,1.5507595655846453E292
05:24:48,1.9384494569808065E292
05:24:53,2.423061821226008E292
05:24:58,3.02882727653251E292
05:25:03,3.7860340956656376E292
05:25:08,4.732542619582047E292
05:25:13,5.915678274477558E292
05:25:18,7.394597843096948E292
05:25:23,9.243247303871185E292
05:25:28,1.155405912983898E293
05:25:33,1.4442573912298725E293
05:25:39,1.8053217390373405E293
05:25:44,2.2566521737966758E293
05:25:49,2.8208152172458446E293
05:25:54,3.526019021557306E293
05:25:59,4.4075237769466326E293
05:26:04,5.5094047211832904E293
05:26:09,6.886755901479112E293
05:26:14,8.60844487684889E293
05:26:19,1.0760556096061111E294
05:26:24,1.345069512007639E294
05:26:29,1.681336890009549E294
05:26:34,2.1016711125119364E294
05:26:39,2.627088890639921E294
05:26:44,3.2838611132999006E294
05:26:49,4.104826391624876E294
05:26:54,5.131032989531096E294
05:26:59,6.41379123691387E294
05:27:04,8.017239046142337E294
05:27:09,1.0021548807677922E295
05:27:14,1.2526936009597402E295
05:27:19,1.5658670011996752E295
05:27:24,1.957333751499594E295
05:27:29,2.4466671893744927E295
05:27:34,3.0583339867181158E295
05:27:39,3.822917483397645E295
05:27:44,4.778646854247056E295
05:27:49,5.973308567808819E295
05:27:54,7.466635709761024E295
05:27:59,9.33329463720128E295
05:28:04,1.16666182965016E296
05:28:09,1.4583272870627E296
05:28:14,1.822909108828375E296
05:28:19,2.2786363860354687E296
05:28:24,2.8482954825443357E296
05:28:29,3.56036935318042E296
05:28:34,4.450461691475525E296
05:28:39,5.563077114344406E296
05:28:44,6.953846392930508E296
05:28:49,8.692307991163135E296
05:28:54,1.0865384988953918E297
05:28:59,1.35817312361924E297
05:29:04,1.6977164045240498E297
05:29:09,2.1221455056550622E297
05:29:14,2.6526818820688277E297
05:29:19,3.315852352586035E297
05:29:24,4.1448154407325436E297
05:29:29,5.181019300915679E297
05:29:34,6.476274126144599E297
05:29:39,8.09534265768075E297
05:29:44,1.0119178322100937E298
05:29:49,1.2648972902626171E298
05:29:54,1.5811216128282714E298
05:29:59,1.9764020160353394E298
05:30:04,2.4705025200441743E298
05:30:09,3.088128150055218E298
05:30:14,3.8601601875690225E298
05:30:19,4.825200234461278E298
05:30:24,6.031500293076598E298
05:30:29,7.539375366345747E298
05:30:34,9.424219207932185E298
05:30:39,1.1780274009915231E299
05:30:44,1.472534251239404E299
05:30:49,1.840667814049255E299
05:30:54,2.3008347675615686E299
05:30:59,2.876043459451961E299
05:31:04,3.595054324314951E299
05:31:09,4.493817905393688E299
05:31:14,5.61727238174211E299
05:31:19,7.021590477177637E299
05:31:24,8.776988096472046E299
05:31:29,1.0971235120590057E300
05:31:34,1.3714043900737572E300
05:31:39,1.7142554875921967E300
05:31:44,2.142819359490246E300
05:31:49,2.6785241993628073E300
05:31:54,3.3481552492035094E300
05:31:59,4.185194061504387E300
05:32:04,5.2314925768804836E300
05:32:09,6.539365721100604E300
05:32:14,8.174207151375755E300
05:32:19,1.0217758939219695E301
05:32:24,1.2772198674024618E301
05:32:29,1.5965248342530772E301
05:32:34,1.9956560428163466E301
05:32:39,2.4945700535204333E301
05:32:44,3.1182125669005415E301
05:32:49,3.8977657086256766E301
05:32:54,4.872207135782096E301
05:32:59,6.09025891972762E301
05:33:04,7.612823649659526E301
05:33:09,9.516029562074406E301
05:33:14,1.1895036952593009E302
05:33:19,1.4868796190741261E302
05:33:24,1.8585995238426575E302
05:33:29,2.3232494048033218E302
05:33:34,2.904061756004152E302
05:33:39,3.63007719500519E302
05:33:44,4.537596493756488E302
05:33:49,5.671995617195609E302
05:33:54,7.089994521494511E302
05:33:59,8.86249315186814E302
05:34:04,1.1078116439835175E303
05:34:09,1.3847645549793967E303
05:34:14,1.7309556937242458E303
05:34:19,2.1636946171553073E303
05:34:24,2.7046182714441342E303
05:34:29,3.380772839305168E303
05:34:34,4.2259660491314595E303
05:34:39,5.2824575614143245E303
05:34:44,6.603071951767906E303
05:34:49,8.253839939709882E303
05:34:54,1.0317299924637352E304
05:34:59,1.289662490579669E304
05:35:04,1.6120781132245863E304
05:35:09,2.0150976415307328E304
05:35:14,2.518872051913416E304
05:35:19,3.14859006489177E304
05:35:24,3.9357375811147123E304
05:35:29,4.919671976393391E304
05:35:34,6.149589970491738E304
05:35:39,7.686987463114673E304
05:35:44,9.608734328893342E304
05:35:49,1.2010917911116678E305
05:35:54,1.5013647388895847E305
05:35:59,1.876705923611981E305
05:36:04,2.3458824045149764E305
05:36:09,2.9323530056437207E305
05:36:14,3.665441257054651E305
05:36:19,4.581801571318314E305
05:36:24,5.7272519641478926E305
05:36:29,7.159064955184866E305
05:36:34,8.948831193981082E305
05:36:39,1.1186038992476352E306
05:36:44,1.398254874059544E306
05:36:49,1.74781859257443E306
05:36:54,2.1847732407180373E306
05:36:59,2.7309665508975466E306
05:37:04,3.4137081886219333E306
05:37:09,4.2671352357774165E306
05:37:14,5.3339190447217705E306
05:37:19,6.667398805902213E306
05:37:24,8.334248507377766E306
05:37:29,1.0417810634222208E307
05:37:34,1.302226329277776E307
05:37:39,1.62778291159722E307
05:37:44,2.034728639496525E307
05:37:49,2.5434107993706564E307
05:37:54,3.1792634992133207E307
05:37:59,3.9740793740166507E307
05:38:04,4.967599217520813E307
05:38:09,6.209499021901016E307
05:38:14,7.76187377737627E307
05:38:19,9.702342221720338E307
05:38:24,1.2127927777150424E308
05:38:29,1.515990972143803E308
