01:15:11,25123.4709
01:15:16,25186.8984
01:15:21,25250.1784
01:15:26,25313.4132
01:15:31,25376.9581
01:15:36,25440.9851
01:15:41,25505.1022
01:15:46,25569.8863
01:15:51,25634.6651
01:15:56,25699.1145
01:16:01,25763.6495
01:16:06,25829.0529
01:16:11,25894.2506
01:16:16,25959.4953
01:16:21,26024.621
01:16:26,26090.2668
01:16:31,26156.2503
01:16:36,26221.8306
01:16:41,26287.7395
01:16:46,26354.5083
01:16:51,26421.1516
01:16:56,26488.1498
01:17:01,26555.1836
01:17:06,26622.2175
01:17:11,26688.9064
01:17:16,26756.4386
01:17:21,26824.0096
01:17:26,26891.9224
01:17:31,26959.6754
01:17:36,27027.9138
01:17:41,27095.6238
01:17:46,27163.8238
01:17:51,27232.0629
01:17:56,27301.0834
01:18:01,27370.2645
01:18:06,27439.5827
01:18:11,27508.853
01:18:16,27577.813
01:18:21,27647.2371
01:18:26,27716.7765
01:18:31,27786.2918
01:18:36,27856.447
01:18:41,27926.9334
01:18:46,27997.631
01:18:51,28068.4593
01:18:56,28139.3081
01:19:01,28209.8213
01:19:06,28281.1283
01:19:11,28352.6628
01:19:16,28424.4019
01:19:21,28495.5713
01:19:26,28566.9724
01:19:31,28638.9924
01:19:36,28710.8438
01:19:41,28783.5782
01:19:46,28855.7939
01:19:51,28928.8788
01:19:56,29002.3008
01:20:01,29075.6609
01:20:06,29149.4368
01:20:11,29222.8469
01:20:16,29296.4032
01:20:21,29370.1579
01:20:26,29443.9504
01:20:31,29517.6936
01:20:36,29591.9615
01:20:41,29666.5981
01:20:46,29741.3211
01:20:51,29816.0561
01:20:56,29890.8782
01:21:01,29965.7985
01:21:06,30041.4663
01:21:11,30116.8638
01:21:16,30192.6199
01:21:21,30269.1246
01:21:26,30345.2241
01:21:31,30422.12
01:21:36,30498.6017
01:21:41,30575.1402
01:21:46,30651.8131
01:21:51,30729.4046
01:21:56,30806.4333
01:22:01,30884.4233
01:22:06,30961.9349
01:22:11,31039.9566
01:22:16,31117.7591
01:22:21,31196.4649
01:22:26,31274.9295
01:22:31,31354.0782
01:22:36,31433.2784
01:22:41,31512.6775
01:22:46,31591.946
01:22:51,31671.8116
01:22:56,31751.4374
01:23:01,31831.6528
01:23:06,31911.8647
01:23:11,31991.8019
01:23:16,32072.3471
01:23:21,32152.7446
01:23:26,32233.8199
01:23:31,32315.0095
01:23:36,32395.9518
01:23:41,32477.424
01:23:46,32559.0468
01:23:51,32641.3953
01:23:56,32724.0703
01:24:01,32806.8062
01:24:06,32889.7389
01:24:11,32973.0631
01:24:16,33055.9893
01:24:21,33139.2202
01:24:26,33222.9421
01:24:31,33306.5155
01:24:36,33389.8865
01:24:41,33474.1857
01:24:46,33558.627
01:24:51,33643.4589
01:24:56,33728.5117
01:25:01,33813.0957
01:25:06,33898.4566
01:25:11,33983.9808
01:25:16,34069.5941
01:25:21,34155.6536
01:25:26,34241.4907
01:25:31,34327.4167
01:25:36,34414.2064
01:25:41,34500.7613
01:25:46,34587.8894
01:25:51,34675.4374
01:25:56,34763.0245
01:26:01,34850.0453
01:26:06,34937.7413
01:26:11,35025.6861
01:26:16,35113.5471
01:26:21,35202.285
01:26:26,35290.4906
01:26:31,35379.7863
01:26:36,35468.8235
01:26:41,35558.2703
01:26:46,35648.1709
01:26:51,35737.4961
01:26:56,35827.3729
01:27:01,35917.6862
01:27:06,36007.9505
01:27:11,36098.9562
01:27:16,36189.8396
01:27:21,36280.422
01:27:26,36371.5336
01:27:31,36463.4413
01:27:36,36554.8141
01:27:41,36646.5632
01:27:46,36738.7618
01:27:51,36831.6579
01:27:56,36924.0893
01:28:01,37017.2628
01:28:06,37110.1327
01:28:11,37203.0441
01:28:16,37296.8403
01:28:21,37390.9189
01:28:26,37485.2439
01:28:31,37579.6646
01:28:36,37673.8602
01:28:41,37769.0331
01:28:46,37864.4826
01:28:51,37959.8469
01:28:56,38055.1141
01:29:01,38150.4021
01:29:06,38246.7223
01:29:11,38343.0579
01:29:16,38439.3669
01:29:21,38536.4486
01:29:26,38633.2422
01:29:31,38730.4978
01:29:36,38827.7254
01:29:41,38925.474
01:29:46,39023.2477
01:29:51,39121.2361
01:29:56,39219.854
01:30:01,39318.3332
01:30:06,39417.6371
01:30:11,39516.8194
01:30:16,39616.4503
01:30:21,39716.1258
01:30:26,39816.0708
01:30:31,39915.8898
01:30:36,40016.0651
01:30:41,40116.8309
01:30:46,40218.1315
01:30:51,40319.1556
01:30:56,40420.773
01:31:01,40522.1505
01:31:06,40624.4615
01:31:11,40727.1126
01:31:16,40829.6434
01:31:21,40932.0218
01:31:26,41034.9584
01:31:31,41138.3932
01:31:36,41242.2944
01:31:41,41345.6456
01:31:46,41449.9272
01:31:51,41554.2312
01:31:56,41658.9214
01:32:01,41763.5753
01:32:06,41868.5242
01:32:11,41974.1213
01:32:16,42080.0942
01:32:21,42186.1661
01:32:26,42292.2263
01:32:31,42398.3685
01:32:36,42505.4024
01:32:41,42612.1374
01:32:46,42719.307
01:32:51,42826.7356
01:32:56,42934.0256
01:33:01,43041.6214
01:33:06,43149.7241
01:33:11,43257.9582
01:33:16,43366.9914
01:33:21,43475.9061
01:33:26,43585.0869
01:33:31,43695.0511
01:33:36,43804.9127
01:33:41,43915.1974
01:33:46,44025.7539
01:33:51,44136.0817
01:33:56,44247.4165
01:34:01,44358.8896
01:34:06,44470.7721
01:34:11,44582.2343
01:34:16,44694.2671
01:34:21,44807.0774
01:34:26,44919.6878
01:34:31,45032.5712
01:34:36,45146.1281
01:34:41,45259.4189
01:34:46,45373.298
01:34:51,45486.9995
01:34:56,45601.3374
01:35:01,45716.0931
01:35:06,45830.5509
01:35:11,45945.58
01:35:16,46060.9698
01:35:21,46176.5912
01:35:26,46292.2808
01:35:31,46408.3967
01:35:36,46525.1205
01:35:41,46641.9111
01:35:46,46759.388
01:35:51,46877.1515
01:35:56,46994.8043
01:36:01,47112.6274
01:36:06,47231.2758
01:36:11,47349.559
01:36:16,47468.6674
01:36:21,47588.2919
01:36:26,47707.785
01:36:31,47827.7582
01:36:36,47947.6623
01:36:41,48067.7396
01:36:46,48188.702
01:36:51,48309.5791
01:36:56,48430.5082
01:37:01,48552.4529
01:37:06,48674.7105
01:37:11,48797.3923
01:37:16,48920.0314
01:37:21,49042.8167
01:37:26,49165.904
01:37:31,49289.3646
01:37:36,49413.3519
01:37:41,49537.9747
01:37:46,49662.8235
01:37:51,49787.8949
01:37:56,49912.7172
01:38:01,50038.3655
01:38:06,50164.033
01:38:11,50290.2291
01:38:16,50416.5525
01:38:21,50542.7993
01:38:26,50670.027
01:38:31,50796.8812
01:38:36,50924.5401
01:38:41,51052.7701
01:38:46,51181.3138
01:38:51,51310.0851
01:38:56,51439.1397
01:39:01,51568.0301
01:39:06,51697.3106
01:39:11,51826.7927
01:39:16,51957.4589
01:39:21,52087.7046
01:39:26,52218.4742
01:39:31,52349.4891
01:39:36,52480.8219
01:39:41,52612.8967
01:39:46,52744.9659
01:39:51,52877.4516
01:39:56,53010.2351
01:40:01,53143.3478
01:40:06,53276.6672
01:40:11,53410.6519
01:40:16,53544.9986
01:40:21,53679.3034
01:40:26,53814.259
01:40:31,53949.5832
01:40:36,54085.3023
01:40:41,54221.5938
01:40:46,54357.5964
01:40:51,54494.2723
01:40:56,54631.1895
01:41:01,54768.256
01:41:06,54906.1426
01:41:11,55044.1369
01:41:16,55181.9017
01:41:21,55319.9954
01:41:26,55458.7858
01:41:31,55597.7014
01:41:36,55737.1009
01:41:41,55876.5935
01:41:46,56016.4638
01:41:51,56157.0851
01:41:56,56297.9656
01:42:01,56439.5733
01:42:06,56580.7846
01:42:11,56722.3758
01:42:16,56864.833
01:42:21,57007.2035
01:42:26,57150.56
01:42:31,57293.8064
01:42:36,57438.0151
01:42:41,57582.0036
01:42:46,57726.4439
01:42:51,57871.211
01:42:56,58016.4259
01:43:01,58161.69
01:43:06,58307.5307
01:43:11,58453.4571
01:43:16,58599.9343
01:43:21,58747.2099
01:43:26,58894.355
01:43:31,59042.2757
01:43:36,59190.231
01:43:41,59339.2826
01:43:46,59487.7905
01:43:51,59637.5652
01:43:56,59787.2724
01:44:01,59936.9492
01:44:06,60087.3391
01:44:11,60238.5884
01:44:16,60389.5249
01:44:21,60541.4888
01:44:26,60693.504
01:44:31,60846.2825
01:44:36,60998.8669
01:44:41,61152.0243
01:44:46,61305.8301
01:44:51,61459.7112
01:44:56,61614.2075
01:45:01,61768.5861
01:45:06,61923.8392
01:45:11,62079.7085
01:45:16,62235.3687
01:45:21,62391.7769
01:45:26,62548.0897
01:45:31,62704.6837
01:45:36,62862.0895
01:45:41,63020.1943
01:45:46,63178.0884
01:45:51,63336.2473
01:45:56,63495.3941
01:46:01,63654.3976
01:46:06,63814.4277
01:46:11,63974.9474
01:46:16,64135.9766
01:46:21,64296.487
01:46:26,64457.351
01:46:31,64619.2388
01:46:36,64781.6462
01:46:41,64944.0193
01:46:46,65106.8685
01:46:51,65270.0855
01:46:56,65434.2027
01:47:01,65598.1332
01:47:06,65762.8113
01:47:11,65928.117
01:47:16,66093.1151
01:47:21,66259.2586
01:47:26,66425.8183
01:47:31,66592.7372
01:47:36,66759.5912
01:47:41,66927.4222
01:47:46,67095.6396
01:47:51,67263.5971
01:47:56,67432.3434
01:48:01,67601.7048
01:48:06,67771.0315
01:48:11,67940.8408
01:48:16,68110.9758
01:48:21,68281.5539
01:48:26,68453.2608
01:48:31,68624.86
01:48:36,68796.5431
01:48:41,68969.0348
01:48:46,69141.6715
01:48:51,69315.22
01:48:56,69488.616
01:49:01,69663.0075
01:49:06,69837.3834
01:49:11,70012.8577
01:49:16,70188.1154
01:49:21,70363.9565
01:49:26,70540.0658
01:49:31,70717.4257
01:49:36,70895.0772
01:49:41,71073.0089
01:49:46,71251.3193
01:49:51,71430.0078
01:49:56,71608.9551
01:50:01,71788.6574
01:50:06,71969.0072
01:50:11,72149.4725
01:50:16,72330.1803
01:50:21,72511.9705
01:50:26,72693.5525
01:50:31,72875.5471
01:50:36,73058.307
01:50:41,73241.4928
01:50:46,73425.5761
01:50:51,73609.7342
01:50:56,73794.1441
01:51:01,73979.2533
01:51:06,74165.0479
01:51:11,74350.784
01:51:16,74537.6495
01:51:21,74724.5708
01:51:26,74912.2235
01:51:31,75099.7646
01:51:36,75288.1929
01:51:41,75477.3348
01:51:46,75666.5965
01:51:51,75856.1191
01:51:56,76046.477
01:52:01,76237.4285
01:52:06,76429.1128
01:52:11,76620.6446
01:52:16,76812.3152
01:52:21,77004.4952
01:52:26,77198.0303
01:52:31,77391.1329
01:52:36,77585.3895
01:52:41,77779.5648
01:52:46,77974.1773
01:52:51,78170.0276
01:52:56,78365.6301
01:53:01,78561.8097
01:53:06,78758.9319
01:53:11,78956.5224
01:53:16,79154.5924
01:53:21,79353.2436
01:53:26,79552.0975
01:53:31,79751.512
01:53:36,79951.0215
01:53:41,80151.7113
01:53:46,80352.4033
01:53:51,80553.7656
01:53:56,80755.8588
01:54:01,80958.5423
01:54:06,81161.9935
01:54:11,81365.1368
01:54:16,81568.8563
01:54:21,81773.1012
01:54:26,81977.7214
01:54:31,82183.5678
01:54:36,82390.0344
01:54:41,82596.289
01:54:46,82803.3317
01:54:51,83010.5175
01:54:56,83218.3301
01:55:01,83427.3714
01:55:06,83636.1075
01:55:11,83845.9611
01:55:16,84055.8884
01:55:21,84266.8638
01:55:26,84478.4559
01:55:31,84690.3279
01:55:36,84902.7831
01:55:41,85115.7911
01:55:46,85329.6471
01:55:51,85543.0735
01:55:56,85757.2001
01:56:01,85972.5677
01:56:06,86188.3425
01:56:11,86404.3289
01:56:16,86621.1171
01:56:21,86838.5868
01:56:26,87055.8799
01:56:31,87274.4658
01:56:36,87492.8577
01:56:41,87711.8757
01:56:46,87931.8519
01:56:51,88151.7963
01:56:56,88373.0549
01:57:01,88594.4862
01:57:06,88816.6748
01:57:11,89038.9171
01:57:16,89262.0711
01:57:21,89485.9153
01:57:26,89709.9406
01:57:31,89934.713
01:57:36,90160.3752
01:57:41,90386.3336
01:57:46,90613.0319
01:57:51,90840.2983
01:57:56,91067.925
01:58:01,91296.1805
01:58:06,91525.3994
01:58:11,91754.5658
01:58:16,91984.4011
01:58:21,92215.303
01:58:26,92446.9133
01:58:31,92678.6647
01:58:36,92911.2527
01:58:41,93144.0478
01:58:46,93377.3254
01:58:51,93611.6524
01:58:56,93846.7449
01:59:01,94081.6821
01:59:06,94317.1803
01:59:11,94553.2239
01:59:16,94789.9687
01:59:21,95027.8229
01:59:26,95265.5919
01:59:31,95504.4819
01:59:36,95744.2873
01:59:41,95984.1959
01:59:46,96224.2796
01:59:51,96465.6193
01:59:56,96707.1337
02:00:01,96949.0794
02:00:06,97191.8085
02:00:11,97435.6553
02:00:16,97679.8041
02:00:21,97924.6086
02:00:26,98170.2428
02:00:31,98416.406
02:00:36,98663.0009
02:00:41,98910.5912
02:00:46,99158.3076
02:00:51,99406.9786
02:00:56,99656.3317
02:01:01,99906.3957
02:01:06,100156.6058
02:01:11,100407.4562
02:01:16,100658.9675
02:01:21,100911.1286
02:01:26,101163.7382
02:01:31,101417.6887
02:01:36,101671.8473
02:01:41,101926.957
02:01:46,102182.8486
02:01:51,102439.2164
02:01:56,102696.016
02:02:01,102953.7307
02:02:06,103211.7086
02:02:11,103470.7351
02:02:16,103730.4028
02:02:21,103990.7416
02:02:26,104251.5366
02:02:31,104512.7564
02:02:36,104774.2175
02:02:41,105036.4147
02:02:46,105299.6785
02:02:51,105563.0954
02:02:56,105827.462
02:03:01,106093.0275
02:03:06,106359.0905
02:03:11,106625.1973
02:03:16,106892.0673
02:03:21,107159.8238
02:03:26,107428.3486
02:03:31,107698.018
02:03:36,107968.0275
02:03:41,108238.3996
02:03:46,108509.2664
02:03:51,108781.3148
02:03:56,109053.4954
02:04:01,109327.0213
02:04:06,109601.055
02:04:11,109875.2858
02:04:16,110151.0193
02:04:21,110426.8314
02:04:26,110703.749
02:04:31,110981.1046
02:04:36,111259.417
02:04:41,111538.5927
02:04:46,111817.5766
02:04:51,112097.5662
02:04:56,112378.0742
02:05:01,112659.6291
02:05:06,112941.9543
02:05:11,113225.2064
02:05:16,113508.8542
02:05:21,113792.9647
02:05:26,114078.1163
02:05:31,114363.6497
02:05:36,114649.9611
02:05:41,114936.6955
02:05:46,115224.1963
02:05:51,115512.6775
02:05:56,115802.1064
02:06:01,116092.1128
02:06:06,116382.7203
02:06:11,116674.4134
02:06:16,116966.3372
02:06:21,117259.2575
02:06:26,117552.89
02:06:31,117847.4218
02:06:36,118142.8265
02:06:41,118439.1261
02:06:46,118735.6605
02:06:51,119032.9661
02:06:56,119331.101
02:07:01,119629.6696
02:07:06,119929.5415
02:07:11,120229.8711
02:07:16,120531.542
02:07:21,120833.3791
02:07:26,121135.7611
02:07:31,121438.7958
02:07:36,121743.2954
02:07:41,122048.4596
02:07:46,122354.6514
02:07:51,122660.9885
02:07:56,122968.1753
02:08:01,123276.1778
02:08:06,123584.7165
02:08:11,123894.6195
02:08:16,124205.087
02:08:21,124515.7636
02:08:26,124827.5104
02:08:31,125139.9952
02:08:36,125453.4963
02:08:41,125767.6767
02:08:46,126083.159
02:08:51,126398.8249
02:08:56,126714.9436
02:09:01,127032.5824
02:09:06,127351.0407
02:09:11,127670.1161
02:09:16,127990.0296
02:09:21,128310.168
02:09:26,128631.6454
02:09:31,128953.8992
02:09:36,129276.5825
02:09:41,129600.5738
02:09:46,129925.5605
02:09:51,130251.3793
02:09:56,130577.7182
02:10:01,130905.0215
02:10:06,131233.3204
02:10:11,131562.224
02:10:16,131891.8761
02:10:21,132222.4621
02:10:26,132554.028
02:10:31,132885.644
02:10:36,133218.729
02:10:41,133552.3439
02:10:46,133886.9772
02:10:51,134222.4913
02:10:56,134558.456
02:11:01,134895.6206
02:11:06,135233.6989
02:11:11,135572.6765
02:11:16,135912.4457
02:11:21,136253.2903
02:11:26,136594.6769
02:11:31,136936.985
02:11:36,137279.6532
02:11:41,137623.9206
02:11:46,137968.4973
02:11:51,138313.956
02:11:56,138660.8208
02:12:01,139008.5527
02:12:06,139357.1429
02:12:11,139706.4683
02:12:16,140056.3644
02:12:21,140406.8719
02:12:26,140758.4079
02:12:31,141111.3416
02:12:36,141464.5353
02:12:41,141818.7858
02:12:46,142173.464
02:12:51,142529.3884
02:12:56,142886.5429
02:13:01,143244.6116
02:13:06,143602.9176
02:13:11,143962.6574
02:13:16,144323.2098
02:13:21,144684.4579
02:13:26,145046.6387
02:13:31,145410.1877
02:13:36,145774.2466
02:13:41,146139.4774
02:13:46,146505.5267
02:13:51,146872.7801
02:13:56,147240.7926
02:14:01,147609.9152
02:14:06,147980.0001
02:14:11,148350.5729
02:14:16,148722.0294
02:14:21,149094.8488
02:14:26,149468.4939
02:14:31,149842.5127
02:14:36,150218.0547
02:14:41,150593.8838
02:14:46,150970.6919
02:14:51,151349.0751
02:14:56,151728.2474
02:15:01,152107.9136
02:15:06,152488.5234
02:15:11,152870.124
02:15:16,153252.499
02:15:21,153636.4224
02:15:26,154020.9586
02:15:31,154406.1778
02:15:36,154792.4765
02:15:41,155180.1627
02:15:46,155568.4371
02:15:51,155958.4433
02:15:56,156348.561
02:16:01,156740.3185
02:16:06,157132.6938
02:16:11,157526.1426
02:16:16,157920.8296
02:16:21,158315.8185
02:16:26,158711.7996
02:16:31,159108.9187
02:16:36,159507.7515
02:16:41,159906.9479
02:16:46,160307.8109
02:16:51,160708.7905
02:16:56,161111.0833
02:17:01,161514.307
02:17:06,161918.8063
02:17:11,162324.0503
02:17:16,162730.7385
02:17:21,163138.2346
02:17:26,163546.7731
02:17:31,163956.5109
02:17:36,164366.5612
02:17:41,164778.2439
02:17:46,165190.7368
02:17:51,165604.3825
02:17:56,166019.3578
02:18:01,166434.7189
02:18:06,166851.3767
02:18:11,167269.1721
02:18:16,167688.0902
02:18:21,168108.252
02:18:26,168529.2564
02:18:31,168951.2288
02:18:36,169373.7086
02:18:41,169797.9129
02:18:46,170223.2725
02:18:51,170649.7462
02:18:56,171077.4278
02:19:01,171505.5457
02:19:06,171934.848
02:19:11,172365.2223
02:19:16,172796.4027
02:19:21,173228.6285
02:19:26,173662.5305
02:19:31,174097.3322
02:19:36,174533.3403
02:19:41,174969.9143
02:19:46,175408.2465
02:19:51,175847.7029
02:19:56,176287.6999
02:20:01,176729.0121
02:20:06,177171.4218
02:20:11,177615.1432
02:20:16,178059.7552
02:20:21,178505.8014
02:20:26,178952.2307
02:20:31,179400.1592
02:20:36,179849.2322
02:20:41,180299.2696
02:20:46,180750.3984
02:20:51,181202.5001
02:20:56,181656.4475
02:21:01,182111.3087
02:21:06,182567.5514
02:21:11,183024.8356
02:21:16,183483.3784
02:21:21,183942.6025
02:21:26,184403.3945
02:21:31,184865.1133
02:21:36,185328.3756
02:21:41,185792.6612
02:21:46,186257.7373
02:21:51,186724.0773
02:21:56,187191.1587
02:22:01,187659.5387
02:22:06,188129.4712
02:22:11,188600.1992
02:22:16,189072.2112
02:22:21,189545.1062
02:22:26,190019.3439
02:22:31,190495.3458
02:22:36,190971.7104
02:22:41,191449.5108
02:22:46,191928.8167
02:22:51,192409.0737
02:22:56,192890.3032
02:23:01,193373.083
02:23:06,193856.6645
02:23:11,194341.4205
02:23:16,194828.213
02:23:21,195315.7304
02:23:26,195804.6797
02:23:31,196294.4308
02:23:36,196785.9207
02:23:41,197278.1055
02:23:46,197772.3416
02:23:51,198267.0324
02:23:56,198762.8961
02:24:01,199260.0888
02:24:06,199758.4304
02:24:11,200258.7051
02:24:16,200760.3357
02:24:21,201262.5957
02:24:26,201766.6759
02:24:31,202271.7408
02:24:36,202778.511
02:24:41,203286.3542
02:24:46,203794.9688
02:24:51,204304.8393
02:24:56,204815.8305
02:25:01,205328.2724
02:25:06,205842.2995
02:25:11,206357.5721
02:25:16,206873.6921
02:25:21,207391.7594
02:25:26,207910.8507
02:25:31,208431.5293
02:25:36,208952.9013
02:25:41,209476.1783
02:25:46,210000.9531
02:25:51,210526.8764
02:25:56,211054.1766
02:26:01,211581.9606
02:26:06,212111.9035
02:26:11,212642.4804
02:26:16,213174.257
02:26:21,213707.3465
02:26:26,214242.5882
02:26:31,214778.438
02:26:36,215316.1814
02:26:41,215855.4177
02:26:46,216395.4687
02:26:51,216936.5836
02:26:56,217479.9204
02:27:01,218024.3809
02:27:06,218569.5686
02:27:11,219116.3707
02:27:16,219664.6203
02:27:21,220213.9467
02:27:26,220764.6135
02:27:31,221317.3082
02:27:36,221871.3498
02:27:41,222426.2403
02:27:46,222982.6377
02:27:51,223541.1616
02:27:56,224100.5768
02:28:01,224661.2221
02:28:06,225223.1166
02:28:11,225787.2174
02:28:16,226352.2496
02:28:21,226918.6991
02:28:26,227486.4152
02:28:31,228056.0106
02:28:36,228626.9256
02:28:41,229198.6562
02:28:46,229772.0132
02:28:51,230346.7481
02:28:56,230923.1146
02:29:01,231501.1235
02:29:06,232080.4937
02:29:11,232660.9171
02:29:16,233243.5177
02:29:21,233827.2293
02:29:26,234412.4572
02:29:31,234998.8851
02:29:36,235587.469
02:29:41,236177.0825
02:29:46,236768.3463
02:29:51,237361.1467
02:29:56,237954.8652
02:30:01,238550.3894
02:30:06,239147.8005
02:30:11,239746.0158
02:30:16,240346.0309
02:30:21,240947.5815
02:30:26,241550.3032
02:30:31,242154.4575
02:30:36,242760.2283
02:30:41,243367.651
02:30:46,243976.5758
02:30:51,244586.6901
02:30:56,245198.4097
02:31:01,245811.6818
02:31:06,246426.9955
02:31:11,247043.5097
02:31:16,247661.2636
02:31:21,248281.3723
02:31:26,248903.0544
02:31:31,249526.2014
02:31:36,250150.8587
02:31:41,250777.2935
02:31:46,251404.6609
02:31:51,252034.0056
02:31:56,252664.9338
02:32:01,253296.763
02:32:06,253930.2856
02:32:11,254565.8188
02:32:16,255202.7522
02:32:21,255841.7009
02:32:26,256482.0267
02:32:31,257124.0043
02:32:36,257767.4817
02:32:41,258412.1732
02:32:46,259058.4853
02:32:51,259706.684
02:32:56,260356.2725
02:33:01,261007.9999
02:33:06,261661.4858
02:33:11,262316.1513
02:33:16,262972.1236
02:33:21,263629.8023
02:33:26,264289.0855
02:33:31,264949.9893
02:33:36,265612.8142
02:33:41,266277.6316
02:33:46,266943.5353
02:33:51,267611.9491
02:33:56,268281.4395
02:34:01,268952.5548
02:34:06,269625.7108
02:34:11,270299.8938
02:34:16,270976.426
02:34:21,271654.0456
02:34:26,272334.0502
02:34:31,273015.8271
02:34:36,273699.2306
02:34:41,274384.4532
02:34:46,275070.6224
02:34:51,275758.7691
02:34:56,276448.7244
02:35:01,277140.6971
02:35:06,277834.3151
02:35:11,278529.8143
02:35:16,279226.4248
02:35:21,279925.2826
02:35:26,280625.5382
02:35:31,281328.1125
02:35:36,282031.582
02:35:41,282737.6153
02:35:46,283445.0179
02:35:51,284154.2001
02:35:56,284864.7927
02:36:01,285577.1602
02:36:06,286292.1266
02:36:11,287008.6196
02:36:16,287726.9717
02:36:21,288447.1446
02:36:26,289168.8344
02:36:31,289892.6326
02:36:36,290617.4884
02:36:41,291344.5543
02:36:46,292073.1661
02:36:51,292804.0872
02:36:56,293537.189
02:37:01,294271.5868
02:37:06,295008.2465
02:37:11,295746.1511
02:37:16,296486.6156
02:37:21,297228.6442
02:37:26,297971.8839
02:37:31,298717.8096
02:37:36,299464.794
02:37:41,300214.3759
02:37:46,300965.4373
02:37:51,301718.4436
02:37:56,302473.6868
02:38:01,303230.2218
02:38:06,303989.0554
02:38:11,304749.5238
02:38:16,305511.6977
02:38:21,306276.1597
02:38:26,307042.2959
02:38:31,307810.9342
02:38:36,308580.6497
02:38:41,309352.9768
02:38:46,310127.1263
02:38:51,310902.583
02:38:56,311680.5891
02:39:01,312460.8117
02:39:06,313242.2302
02:39:11,314026.0468
02:39:16,314811.9449
02:39:21,315599.3578
02:39:26,316388.7879
02:39:31,317180.4909
02:39:36,317973.7221
02:39:41,318769.5082
02:39:46,319566.7681
02:39:51,320366.5587
02:39:56,321168.5103
02:40:01,321971.535
02:40:06,322776.6715
02:40:11,323584.6543
02:40:16,324393.7772
02:40:21,325205.4772
02:40:26,326019.3512
02:40:31,326835.1319
02:40:36,327652.4373
02:40:41,328472.154
02:40:46,329294.4097
02:40:51,330117.9635
02:40:56,330944.3459
02:41:01,331772.3843
02:41:06,332602.2254
02:41:11,333434.4256
02:41:16,334269.0163
02:41:21,335105.5293
02:41:26,335944.1093
02:41:31,336784.8806
02:41:36,337627.5873
02:41:41,338472.7302
02:41:46,339319.3624
02:41:51,340168.6491
02:41:56,341019.2508
02:42:01,341872.701
02:42:06,342728.292
02:42:11,343585.3939
02:42:16,344444.8322
02:42:21,345306.9246
02:42:26,346171.0875
02:42:31,347037.2743
02:42:36,347905.4229
02:42:41,348775.9678
02:42:46,349648.5724
02:42:51,350523.1309
02:42:56,351400.2721
02:43:01,352279.0219
02:43:06,353159.9369
02:43:11,354043.6972
02:43:16,354929.5097
02:43:21,355817.9305
02:43:26,356708.3009
02:43:31,357600.5881
02:43:36,358495.2206
02:43:41,359391.8963
02:43:46,360291.4571
02:43:51,361192.8973
02:43:56,362096.8147
02:44:01,363002.5601
02:44:06,363910.8126
02:44:11,364820.6986
02:44:16,365733.7765
02:44:21,366648.5088
02:44:26,367565.3341
02:44:31,368484.6839
02:44:36,369406.2595
02:44:41,370330.4629
02:44:46,371257.1941
02:44:51,372186.1559
02:44:56,373116.7364
02:45:01,374050.209
02:45:06,374986.2696
02:45:11,375924.499
02:45:16,376865.1012
02:45:21,377808.3636
02:45:26,378753.1729
02:45:31,379700.2829
02:45:36,380649.7161
02:45:41,381602.3181
02:45:46,382557.4165
02:45:51,383514.2131
02:45:56,384473.2195
02:46:01,385434.7175
02:46:06,386398.6474
02:46:11,387365.4053
02:46:16,388333.9865
02:46:21,389305.527
02:46:26,390279.084
02:46:31,391255.4745
02:46:36,392234.2259
02:46:41,393214.9583
02:46:46,394198.9024
02:46:51,395185.2649
02:46:56,396173.9651
02:47:01,397164.7064
02:47:06,398157.9967
02:47:11,399154.4827
02:47:16,400152.9554
02:47:21,401154.2858
02:47:26,402157.8376
02:47:31,403163.8711
02:47:36,404172.6863
02:47:41,405183.6599
02:47:46,406196.7256
02:47:51,407212.8176
02:47:56,408231.7214
02:48:01,409252.9391
02:48:06,410276.4747
02:48:11,411302.4808
02:48:16,412331.799
02:48:21,413362.8861
02:48:26,414396.6934
02:48:31,415433.4898
02:48:36,416472.9807
02:48:41,417514.3212
02:48:46,418558.4871
02:48:51,419605.6244
02:48:56,420655.0846
02:49:01,421707.5875
02:49:06,422762.2218
02:49:11,423820.0232
02:49:16,424879.9846
02:49:21,425942.5072
02:49:26,427008.2031
02:49:31,428076.621
02:49:36,429147.1539
02:49:41,430220.2992
02:49:46,431296.3898
02:49:51,432374.8266
02:49:56,433456.5295
02:50:01,434540.9617
02:50:06,435627.4294
02:50:11,436717.1781
02:50:16,437809.8687
02:50:21,438904.7555
02:50:26,440002.4191
02:50:31,441103.3637
02:50:36,442206.3893
02:50:41,443312.4025
02:50:46,444421.6442
02:50:51,445532.985
02:50:56,446647.3294
02:51:01,447764.9086
02:51:06,448884.6139
02:51:11,450007.2213
02:51:16,451132.8774
02:51:21,452261.6066
02:51:26,453392.9465
02:51:31,454526.9733
02:51:36,455663.7894
02:51:41,456803.3258
02:51:46,457945.7172
02:51:51,459091.5475
02:51:56,460240.1337
02:52:01,461391.7791
02:52:06,462546.1197
02:52:11,463703.4611
02:52:16,464863.3237
02:52:21,466026.2186
02:52:26,467191.4267
02:52:31,468359.6901
02:52:36,469531.1655
02:52:41,470705.1608
02:52:46,471882.4618
02:52:51,473063.018
02:52:56,474246.6508
02:53:01,475433.017
02:53:06,476622.0025
02:53:11,477814.493
02:53:16,479009.2273
02:53:21,480207.1467
02:53:26,481408.1004
02:53:31,482611.9066
02:53:36,483818.5452
02:53:41,485029.0557
02:53:46,486241.9287
02:53:51,487457.6643
02:53:56,488676.5553
02:54:01,489898.448
02:54:06,491123.3936
02:54:11,492352.2162
02:54:16,493583.6712
02:54:21,494818.2538
02:54:26,496055.6279
02:54:31,497296.1689
02:54:36,498539.9046
02:54:41,499786.446
02:54:46,501036.4077
02:54:51,502289.6743
02:54:56,503545.8841
02:55:01,504805.1925
02:55:06,506067.5521
02:55:11,507333.8156
02:55:16,508602.9053
02:55:21,509874.6349
02:55:26,511150.4044
02:55:31,512428.3815
02:55:36,513709.8486
02:55:41,514995.2208
02:55:46,516283.4937
02:55:51,517574.6965
02:55:56,518868.8947
02:56:01,520166.1687
02:56:06,521466.7728
02:56:11,522771.1225
02:56:16,524079.0913
02:56:21,525389.7645
02:56:26,526703.8228
02:56:31,528020.9462
02:56:36,529341.5695
02:56:41,530666.0015
02:56:46,531993.3681
02:56:51,533323.7383
02:56:56,534657.8329
02:57:01,535995.1856
02:57:06,537336.1564
02:57:11,538679.597
02:57:16,540026.5266
02:57:21,541377.3671
02:57:26,542731.561
02:57:31,544088.5146
02:57:36,545449.7944
02:57:41,546814.1199
02:57:46,548181.4254
02:57:51,549552.7034
02:57:56,550927.572
02:58:01,552305.8627
02:58:06,553686.8318
02:58:11,555072.0266
02:58:16,556460.0192
02:58:21,557851.4287
02:58:26,559246.9754
02:58:31,560645.908
02:58:36,562047.7094
02:58:41,563453.4806
02:58:46,564862.5077
02:58:51,566274.7909
02:58:56,567691.1381
02:59:01,569110.6765
02:59:06,570534.2672
02:59:11,571961.6544
02:59:16,573392.3715
02:59:21,574826.1091
02:59:26,576264.0739
02:59:31,577704.8405
02:59:36,579150.0897
02:59:41,580598.3422
02:59:46,582049.9777
02:59:51,583505.7261
02:59:56,584965.4067
03:00:01,586428.8955
03:00:06,587895.4416
03:00:11,589366.1301
03:00:16,590840.4306
03:00:21,592317.9155
03:00:26,593799.7202
03:00:31,595284.8082
03:00:36,596773.5957
03:00:41,598265.9038
03:00:46,599762.5463
03:00:51,601262.5189
03:00:56,602765.8719
03:01:01,604273.8541
03:01:06,605785.2677
03:01:11,607300.3849
03:01:16,608819.7028
03:01:21,610342.455
03:01:26,611869.3918
03:01:31,613399.74
03:01:36,614934.0726
03:01:41,616472.4972
03:01:46,618014.0381
03:01:51,619559.2657
03:01:56,621109.0626
03:02:01,622662.8788
03:02:06,624219.7619
03:02:11,625780.8794
03:02:16,627345.6005
03:02:21,628914.922
03:02:26,630487.7569
03:02:31,632064.4314
03:02:36,633645.1706
03:02:41,635229.9666
03:02:46,636819.1043
03:02:51,638411.4047
03:02:56,640008.1428
03:03:01,641609.2463
03:03:06,643214.2528
03:03:11,644823.0828
03:03:16,646435.8957
03:03:21,648052.7429
03:03:26,649673.4875
03:03:31,651298.3745
03:03:36,652927.6458
03:03:41,654560.2645
03:03:46,656196.916
03:03:51,657838.1254
03:03:56,659483.4189
03:04:01,661133.0099
03:04:06,662785.9591
03:04:11,664443.7735
03:04:16,666105.1061
03:04:21,667770.9671
03:04:26,669441.2822
03:04:31,671115.2378
03:04:36,672793.4665
03:04:41,674475.8086
03:04:46,676162.8052
03:04:51,677854.1436
03:04:56,679549.3331
03:05:01,681248.6048
03:05:06,682952.4018
03:05:11,684659.9847
03:05:16,686372.0509
03:05:21,688088.832
03:05:26,689810.128
03:05:31,691535.3224
03:05:36,693265.062
03:05:41,694998.9975
03:05:46,696737.4752
03:05:51,698479.922
03:05:56,700226.228
03:06:01,701977.6328
03:06:06,703732.6837
03:06:11,705492.733
03:06:16,707256.627
03:06:21,709025.4796
03:06:26,710798.9681
03:06:31,712576.6173
03:06:36,714358.7824
03:06:41,716145.2442
03:06:46,717936.0557
03:06:51,719731.4995
03:06:56,721531.6628
03:07:01,723335.6731
03:07:06,725144.5587
03:07:11,726958.2745
03:07:16,728776.4792
03:07:21,730598.8118
03:07:26,732425.4569
03:07:31,734257.5227
03:07:36,736094.1228
03:07:41,737934.9696
03:07:46,739780.6577
03:07:51,741630.2582
03:07:56,743484.7175
03:08:01,745344.3052
03:08:06,747208.2083
03:08:11,749077.2929
03:08:16,750950.3283
03:08:21,752827.9891
03:08:26,754710.993
03:08:31,756597.9849
03:08:36,758490.3884
03:08:41,760387.5093
03:08:46,762288.8202
03:08:51,764195.2053
03:08:56,766106.6902
03:09:01,768022.1831
03:09:06,769942.3946
03:09:11,771868.2156
03:09:16,773798.7059
03:09:21,775733.5994
03:09:26,777673.6228
03:09:31,779618.1945
03:09:36,781567.7536
03:09:41,783522.677
03:09:46,785482.4627
03:09:51,787446.6844
03:09:56,789416.0675
03:10:01,791389.7088
03:10:06,793368.3674
03:10:11,795352.4606
03:10:16,797341.9357
03:10:21,799335.6237
03:10:26,801334.9876
03:10:31,803339.284
03:10:36,805347.7537
03:10:41,807361.7648
03:10:46,809380.6298
03:10:51,811404.2996
03:10:56,813433.8799
03:11:01,815468.2142
03:11:06,817507.7255
03:11:11,819552.3055
03:11:16,821601.3884
03:11:21,823656.4734
03:11:26,825715.9179
03:11:31,827780.6064
03:11:36,829850.3367
03:11:41,831925.6929
03:11:46,834006.0061
03:11:51,836091.2825
03:11:56,838182.3815
03:12:01,840278.409
03:12:06,842379.8746
03:12:11,844486.5379
03:12:16,846598.1363
03:12:21,848714.8704
03:12:26,850836.8965
03:12:31,852964.2771
03:12:36,855097.4328
03:12:41,857235.2929
03:12:46,859379.4741
03:12:51,861528.9254
03:12:56,863683.752
03:13:01,865843.1265
03:13:06,868008.5737
03:13:11,870178.992
03:13:16,872354.9353
03:13:21,874536.9098
03:13:26,876723.8311
03:13:31,878916.6182
03:13:36,881114.4212
03:13:42,883318.1983
03:13:46,885527.2916
03:13:51,887741.9973
03:13:56,889961.8296
03:14:01,892187.3937
03:14:06,894418.0466
03:14:11,896654.572
03:14:16,898896.7024
03:14:21,901144.4499
03:14:26,903397.6442
03:14:31,905657.043
03:14:36,907921.3532
03:14:41,910192.0483
03:14:46,912467.9147
03:14:51,914750.1509
03:14:56,917037.9689
03:15:01,919331.5658
03:15:06,921630.7249
03:15:11,923935.1133
03:15:16,926245.1289
03:15:21,928561.1567
03:15:26,930882.6928
03:15:31,933210.9174
03:15:36,935544.6014
03:15:41,937884.5324
03:15:46,940230.3352
03:15:51,942581.2699
03:15:56,944938.2508
03:16:01,947301.4954
03:16:06,949670.4338
03:16:11,952044.7895
03:16:16,954425.8582
03:16:21,956812.5663
03:16:26,959205.2922
03:16:31,961603.7182
03:16:36,964008.3915
03:16:41,966419.2845
03:16:46,968836.023
03:16:51,971258.5697
03:16:56,973687.5093
03:17:01,976122.6929
03:17:06,978563.3916
03:17:11,981010.2987
03:17:16,983462.9703
03:17:21,985922.5729
03:17:26,988388.4659
03:17:31,990860.0001
03:17:36,993337.8081
03:17:41,995821.3046
03:17:46,998311.8563
03:17:51,1000807.8394
03:17:56,1003310.9319
03:18:01,1005819.9367
03:18:06,1008334.8385
03:18:11,1010855.9612
03:18:16,1013384.0723
03:18:21,1015918.1387
03:18:26,1018458.3187
03:18:31,1021004.7902
03:18:36,1023557.9972
03:18:41,1026117.6313
03:18:46,1028683.8066
03:18:51,1031255.7546
03:18:56,1033834.2967
03:19:01,1036419.7565
03:19:06,1039011.711
03:19:11,1041609.4755
03:19:16,1044214.3827
03:19:21,1046825.3495
03:19:26,1049442.9587
03:19:31,1052066.7395
03:19:36,1054697.3411
03:19:41,1057334.5837
03:19:46,1059978.5201
03:19:51,1062628.6681
03:19:56,1065285.615
03:20:01,1067949.6608
03:20:06,1070620.0632
03:20:11,1073297.0858
03:20:16,1075980.5416
03:20:21,1078671.0949
03:20:26,1081367.9558
03:20:31,1084072.3303
03:20:36,1086782.7922
03:20:41,1089500.6119
03:20:46,1092224.538
03:20:51,1094955.2408
03:20:56,1097693.6972
03:21:01,1100438.4143
03:21:06,1103190.3174
03:21:11,1105949.259
03:21:16,1108714.327
03:21:21,1111486.8618
03:21:26,1114266.2879
03:21:31,1117052.8927
03:21:36,1119845.7907
03:21:41,1122646.3559
03:21:46,1125453.9733
03:21:51,1128268.6865
03:21:56,1131089.8578
03:22:01,1133918.0457
03:22:06,1136753.0981
03:22:11,1139595.347
03:22:16,1142444.8008
03:22:21,1145301.4587
03:22:26,1148165.68
03:22:31,1151036.4662
03:22:36,1153914.896
03:22:41,1156799.8413
03:22:46,1159692.5399
03:22:51,1162592.079
03:22:56,1165499.0448
03:23:01,1168413.6149
03:23:06,1171335.6559
03:23:11,1174264.8586
03:23:16,1177201.1356
03:23:21,1180144.9407
03:23:26,1183096.2298
03:23:31,1186054.9664
03:23:36,1189020.2121
03:23:41,1191993.5582
03:23:46,1194973.6445
03:23:51,1197961.498
03:23:56,1200956.9556
03:24:01,1203959.719
03:24:06,1206970.0015
03:24:11,1209987.8939
03:24:16,1213013.1791
03:24:21,1216046.5991
03:24:26,1219087.7337
03:24:31,1222136.0334
03:24:36,1225192.1879
03:24:41,1228255.4033
03:24:46,1231326.7919
03:24:51,1234405.8842
03:24:56,1237492.9319
03:25:01,1240586.8537
03:25:06,1243689.3438
03:25:11,1246798.9341
03:25:16,1249916.0547
03:25:21,1253041.3169
03:25:26,1256174.5505
03:25:31,1259316.0361
03:25:36,1262464.6285
03:25:41,1265621.7324
03:25:46,1268786.6665
03:25:51,1271959.1902
03:25:56,1275139.7746
03:26:01,1278328.4595
03:26:06,1281524.5315
03:26:11,1284728.9853
03:26:16,1287941.4791
03:26:21,1291161.6018
03:26:26,1294389.7315
03:26:31,1297626.7173
03:26:36,1300871.1717
03:26:41,1304123.5082
03:26:46,1307384.4177
03:26:51,1310653.2908
03:26:56,1313930.4276
03:27:01,1317216.1485
03:27:06,1320509.7278
03:27:11,1323811.1118
03:27:16,1327121.2356
03:27:21,1330439.7217
03:27:26,1333766.4791
03:27:31,1337101.6205
03:27:36,1340445.196
03:27:41,1343796.6665
03:27:46,1347156.6696
03:27:51,1350524.8947
03:27:56,1353901.334
03:28:01,1357286.5848
03:28:06,1360680.3141
03:28:11,1364082.3104
03:28:16,1367493.5452
03:28:21,1370912.7265
03:28:26,1374340.1346
03:28:31,1377776.4881
03:28:36,1381221.4334
03:28:41,1384675.1731
03:28:46,1388137.1407
03:28:51,1391608.4165
03:28:56,1395087.9623
03:29:01,1398576.3264
03:29:06,1402073.0079
03:29:11,1405578.2937
03:29:16,1409092.4666
03:29:21,1412615.9264
03:29:26,1416147.964
03:29:31,1419689.413
03:29:36,1423239.071
03:29:41,1426798.1301
03:29:46,1430366.1321
03:29:51,1433943.0506
03:29:56,1437528.0561
03:30:01,1441122.0296
03:30:06,1444725.7883
03:30:11,1448338.4478
03:30:16,1451960.0445
03:30:21,1455590.0526
03:30:26,1459229.4949
03:30:31,1462878.4354
03:30:36,1466536.4626
03:30:41,1470203.5475
03:30:46,1473879.8677
03:30:51,1477565.6564
03:30:56,1481260.458
03:31:01,1484964.6049
03:31:06,1488677.3485
03:31:11,1492399.2882
03:31:16,1496131.3625
03:31:21,1499872.0456
03:31:26,1503622.3214
03:31:31,1507382.1309
03:31:36,1511151.1081
03:31:41,1514930.023
03:31:46,1518718.0717
03:31:51,1522515.3445
03:31:56,1526322.3477
03:32:01,1530138.4896
03:32:06,1533964.7587
03:32:11,1537799.8237
03:32:16,1541644.9558
03:32:21,1545499.8437
03:32:26,1549364.1192
03:32:31,1553237.8716
03:32:36,1557121.4617
03:32:41,1561014.6347
03:32:46,1564917.2912
03:32:51,1568830.2097
03:32:56,1572752.5178
03:33:01,1576684.9316
03:33:06,1580627.1582
03:33:11,1584579.4321
03:33:16,1588541.4204
03:33:21,1592513.2712
03:33:26,1596495.3167
03:33:31,1600486.7296
03:33:36,1604488.5296
03:33:41,1608500.4764
03:33:46,1612522.5103
03:33:51,1616554.827
03:33:56,1620596.547
03:34:01,1624648.9074
03:34:06,1628710.9213
03:34:11,1632783.1425
03:34:16,1636865.4432
03:34:21,1640957.728
03:34:26,1645060.4456
03:34:31,1649174.0178
03:34:36,1653298.0277
03:34:42,1657432.3441
03:34:47,1661576.6089
03:34:52,1665730.9905
03:34:57,1669896.3762
03:35:02,1674071.9874
03:35:07,1678257.7305
03:35:12,1682453.4833
03:35:17,1686660.6083
03:35:22,1690878.3556
03:35:27,1695106.0172
03:35:32,1699344.7884
03:35:37,1703593.7753
03:35:42,1707853.5351
03:35:47,1712123.519
03:35:52,1716404.7253
03:35:57,1720696.1234
03:36:02,1724998.8287
03:36:07,1729312.2248
03:36:12,1733635.7648
03:36:17,1737970.081
03:36:22,1742315.1367
03:36:27,1746671.4681
03:36:32,1751039.0822
03:36:37,1755417.5361
03:36:42,1759807.0528
03:36:47,1764206.9768
03:36:52,1768618.0198
03:36:57,1773040.3055
03:37:02,1777473.5019
03:37:07,1781918.0981
03:37:12,1786373.5249
03:37:17,1790839.8623
03:37:22,1795317.7178
03:37:27,1799806.2602
03:37:32,1804306.4699
03:37:37,1808818.2105
03:37:42,1813341.3079
03:37:47,1817875.5231
03:37:52,1822420.6702
03:37:57,1826976.9103
03:38:02,1831545.3413
03:38:07,1836124.7067
03:38:12,1840716.1002
03:38:17,1845318.6188
03:38:22,1849932.1603
03:38:27,1854557.7367
03:38:32,1859194.799
03:38:37,1863843.5815
03:38:42,1868503.8999
03:38:47,1873175.5496
03:38:52,1877859.0514
03:38:57,1882554.1925
03:39:02,1887261.1116
03:39:07,1891979.554
03:39:12,1896709.6529
03:39:17,1901452.2727
03:39:22,1906206.65
03:39:27,1910972.9982
03:39:32,1915750.9251
03:39:37,1920541.1322
03:39:42,1925342.7884
03:39:47,1930157.2011
03:39:52,1934983.0083
03:39:57,1939820.6291
03:40:02,1944670.9961
03:40:07,1949532.7892
03:40:12,1954407.2395
03:40:17,1959293.7874
03:40:22,1964192.8096
03:40:27,1969103.8578
03:40:32,1974026.8277
03:40:37,1978962.8892
03:40:42,1983910.5279
03:40:47,1988871.1586
03:40:52,1993843.476
03:40:57,1998828.6326
03:41:02,2003826.146
03:41:07,2008836.159
03:41:12,2013858.9541
03:41:17,2018894.0218
03:41:22,2023941.6167
03:41:27,2029001.9588
03:41:32,2034075.339
03:41:37,2039161.5361
03:41:42,2044259.7741
03:41:47,2049370.7841
03:41:52,2054494.9879
03:41:57,2059631.3965
03:42:02,2064780.6267
03:42:07,2069943.2698
03:42:12,2075118.3006
03:42:17,2080306.239
03:42:22,2085508.079
03:42:27,2090722.3868
03:42:32,2095949.8321
03:42:37,2101189.9463
03:42:42,2106443.9781
03:42:47,2111710.9212
03:42:52,2116990.9225
03:42:57,2122283.8212
03:43:02,2127590.621
03:43:07,2132910.3599
03:43:12,2138243.1542
03:43:17,2143588.8979
03:43:22,2148948.8911
03:43:27,2154322.054
03:43:32,2159708.8953
03:43:37,2165108.7686
03:43:42,2170522.5934
03:43:47,2175949.2027
03:43:52,2181389.4006
03:43:57,2186843.1489
03:44:02,2192310.7768
03:44:07,2197791.9206
03:44:12,2203286.8802
03:44:17,2208795.8131
03:44:22,2214318.0554
03:44:27,2219854.5341
03:44:32,2225404.3821
03:44:37,2230968.7189
03:44:42,2236546.5442
03:44:47,2242138.229
03:44:52,2247743.7834
03:44:57,2253363.2832
03:45:02,2258997.4078
03:45:07,2264645.9187
03:45:12,2270308.1572
03:45:17,2275984.9302
03:45:22,2281675.9419
03:45:27,2287380.9269
03:45:32,2293099.542
03:45:37,2298833.2852
03:45:42,2304580.9551
03:45:47,2310342.9808
03:45:52,2316119.406
03:45:57,2321910.3666
03:46:02,2327715.6521
03:46:07,2333535.1828
03:46:12,2339369.9792
03:46:17,2345218.7385
03:46:22,2351082.4945
03:46:27,2356961.1797
03:46:32,2362854.4914
03:46:37,2368762.4573
03:46:42,2374684.7241
03:46:47,2380622.3136
03:46:52,2386574.5177
03:46:57,2392541.2367
03:47:02,2398523.5087
03:47:07,2404520.7428
03:47:12,2410533.0055
03:47:17,2416560.1742
03:47:22,2422602.348
03:47:27,2428659.3126
03:47:32,2434731.1165
03:47:37,2440818.517
03:47:42,2446920.6828
03:47:47,2453038.6785
03:47:52,2459171.3784
03:47:57,2465320.1995
03:48:02,2471483.6703
03:48:07,2477662.6462
03:48:12,2483857.7631
03:48:17,2490068.1077
03:48:22,2496293.5736
03:48:27,2502534.9339
03:48:32,2508791.9855
03:48:37,2515064.777
03:48:42,2521352.7682
03:48:47,2527656.8211
03:48:52,2533976.4934
03:48:57,2540312.4609
03:49:02,2546664.1017
03:49:07,2553031.785
03:49:12,2559415.1709
03:49:17,2565814.1891
03:49:22,2572229.6357
03:49:27,2578661.1734
03:49:32,2585108.3305
03:49:37,2591571.2577
03:49:42,2598050.4268
03:49:47,2604546.1033
03:49:52,2611058.4871
03:49:57,2617586.7603
03:50:02,2624131.7064
03:50:07,2630692.7802
03:50:12,2637269.7911
03:50:17,2643863.5128
03:50:22,2650474.069
03:50:27,2657100.6932
03:50:32,2663743.8325
03:50:37,2670404.2649
03:50:42,2677081.2151
03:50:47,2683774.9358
03:50:52,2690485.375
03:50:57,2697212.1407
03:51:02,2703956.156
03:51:07,2710716.4065
03:51:12,2717493.6238
03:51:17,2724287.4907
03:51:22,2731098.5795
03:51:27,2737926.8302
03:51:32,2744772.5335
03:51:37,2751634.5662
03:51:42,2758514.0548
03:51:47,2765410.6256
03:51:52,2772324.4155
03:51:57,2779255.669
03:52:02,2786204.8604
03:52:07,2793171.4571
03:52:12,2800154.5349
03:52:17,2807155.0275
03:52:22,2814173.3734
03:52:27,2821209.7427
03:52:32,2828263.4822
03:52:37,2835334.8236
03:52:42,2842423.8317
03:52:47,2849530.1365
03:52:52,2856654.7477
03:52:57,2863797.4078
03:53:02,2870957.6005
03:53:07,2878135.3188
03:53:12,2885330.9978
03:53:17,2892544.5494
03:53:22,2899776.2415
03:53:27,2907026.3711
03:53:32,2914294.3556
03:53:37,2921581.0568
03:53:42,2928885.6072
03:53:47,2936208.801
03:53:52,2943549.49
03:53:57,2950909.3854
03:54:02,2958286.7602
03:54:07,2965683.008
03:54:12,2973097.584
03:54:17,2980530.8792
03:54:22,2987982.897
03:54:27,2995453.6503
03:54:32,3002942.6883
03:54:37,3010450.5257
03:54:42,3017977.1549
03:54:47,3025522.7483
03:54:52,3033086.919
03:54:57,3040670.0474
03:55:02,3048272.3405
03:55:07,3055893.2587
03:55:12,3063533.4273
03:55:17,3071193.213
03:55:22,3078871.949
03:55:27,3086569.6893
03:55:32,3094287.0442
03:55:37,3102023.2608
03:55:42,3109778.9641
03:55:47,3117553.8835
03:55:52,3125348.1117
03:55:57,3133162.1485
03:56:02,3140995.3933
03:56:07,3148848.1161
03:56:12,3156720.6092
03:56:17,3164613.434
03:56:22,3172525.51
03:56:27,3180457.829
03:56:32,3188409.1709
03:56:37,3196380.656
03:56:42,3204371.8517
03:56:47,3212383.8544
03:56:52,3220415.1694
03:56:57,3228466.597
03:57:02,3236538.0427
03:57:07,3244630.1489
03:57:12,3252742.5272
03:57:17,3260874.5939
03:57:22,3269026.9116
03:57:27,3277199.6482
03:57:32,3285393.552
03:57:37,3293608.11
03:57:42,3301842.5735
03:57:47,3310098.0889
03:57:52,3318374.1741
03:57:57,3326671.1255
03:58:02,3334987.992
03:58:07,3343326.5174
03:58:12,3351685.8328
03:58:17,3360065.8139
03:58:22,3368466.6282
03:58:27,3376888.2741
03:58:32,3385330.6612
03:58:37,3393794.209
03:58:42,3402279.2993
03:58:47,3410785.3085
03:58:52,3419313.0899
03:58:57,3427862.1362
03:59:02,3436432.6468
03:59:07,3445023.9134
03:59:12,3453636.9113
03:59:17,3462271.7431
03:59:22,3470928.0704
03:59:27,3479606.2444
03:59:32,3488305.6656
03:59:37,3497026.9798
03:59:42,3505769.9007
03:59:47,3514535.2977
03:59:52,3523322.474
03:59:57,3532131.7823
04:00:02,3540962.3067
04:00:07,3549815.2137
04:00:12,3558690.4148
04:00:17,3567588.0343
04:00:22,3576507.1668
04:00:27,3585449.2459
04:00:32,3594413.1633
04:00:37,3603400.1289
04:00:42,3612409.3454
04:00:47,3621441.1801
04:00:52,3630495.5058
04:00:57,3639572.3268
04:01:02,3648671.4724
04:01:07,3657794.1538
04:01:12,3666939.4991
04:01:17,3676107.1094
04:01:22,3685298.2569
04:01:27,3694511.7918
04:01:32,3703748.6073
04:01:37,3713008.8872
04:01:42,3722292.2899
04:01:47,3731599.0172
04:01:52,3740928.3483
04:01:57,3750281.126
04:02:02,3759657.0584
04:02:07,3769056.7452
04:02:12,3778479.925
04:02:17,3787927.1836
04:02:22,3797397.2123
04:02:27,3806891.5742
04:02:32,3816409.7447
04:02:37,3825951.1424
04:02:42,3835516.9168
04:02:47,3845106.5753
04:02:52,3854720.254
04:02:57,3864357.2439
04:03:02,3874019.0486
04:03:07,3883704.677
04:03:12,3893414.8892
04:03:17,3903149.1727
04:03:22,3912908.0845
04:03:27,3922690.5264
04:03:32,3932497.6344
04:03:37,3942329.1646
04:03:42,3952185.0962
04:03:47,3962066.3823
04:03:52,3971972.1721
04:03:57,3981902.4405
04:04:02,3991858.2898
04:04:07,4001838.8818
04:04:12,4011844.428
04:04:17,4021874.7221
04:04:22,4031929.6926
04:04:27,4042009.8097
04:04:32,4052115.6906
04:04:37,4062246.9887
04:04:42,4072403.677
04:04:47,4082585.7484
04:04:52,4092793.1598
04:04:57,4103025.2912
04:05:02,4113283.2924
04:05:07,4123566.8125
04:05:12,4133876.1407
04:05:17,4144211.561
04:05:22,4154572.7831
04:05:27,4164959.4365
04:05:32,4175372.4247
04:05:37,4185811.3954
04:05:42,4196276.7796
04:05:47,4206768.4198
04:05:52,4217286.0992
04:05:57,4227829.9931
04:06:02,4238399.7227
04:06:07,4248996.168
04:06:12,4259618.969
04:06:17,4270268.2213
04:06:22,4280944.057
04:06:27,4291647.4749
04:06:32,4302377.2458
04:06:37,4313134.1667
04:06:42,4323918.0418
04:06:47,4334728.359
04:06:52,4345565.7426
04:06:57,4356430.2673
04:07:02,4367321.8227
04:07:07,4378241.0457
04:07:12,4389187.4702
04:07:17,4400160.7192
04:07:22,4411162.1231
04:07:27,4422191.0065
04:07:32,4433247.2034
04:07:37,4444330.4521
04:07:42,4455442.1808
04:07:47,4466581.5425
04:07:52,4477748.6011
04:07:57,4488943.1404
04:08:02,4500166.0305
04:08:07,4511417.1163
04:08:12,4522696.256
04:08:17,4534003.1674
04:08:22,4545338.6777
04:08:27,4556702.884
04:08:32,4568095.4584
04:08:37,4579516.6493
04:08:42,4590965.9266
04:08:47,4602444.4046
04:08:52,4613950.9024
04:08:57,4625486.2909
04:09:02,4637050.6453
04:09:07,4648644.368
04:09:12,4660266.573
04:09:17,4671917.6083
04:09:22,4683597.6236
04:09:27,4695307.4871
04:09:32,4707046.744
04:09:37,4718814.854
04:09:42,4730612.8183
04:09:47,4742439.8246
04:09:52,4754296.7482
04:09:57,4766183.3112
04:10:02,4778099.7589
04:10:07,4790046.0375
04:10:12,4802021.9203
04:10:17,4814027.9213
04:10:22,4826063.1134
04:10:27,4838128.884
04:10:32,4850225.1382
04:10:37,4862351.3875
04:10:42,4874508.2733
04:10:47,4886695.5768
04:10:52,4898913.1405
04:10:57,4911161.0695
04:11:02,4923439.38
04:11:07,4935748.406
04:11:12,4948088.6968
04:11:17,4960459.0637
04:11:22,4972860.9453
04:11:27,4985293.2389
04:11:32,4997756.966
04:11:37,5010251.5777
04:11:42,5022777.8081
04:11:47,5035334.9305
04:11:52,5047923.7092
04:11:57,5060543.7971
04:12:02,5073195.8938
04:12:07,5085879.6913
04:12:12,5098595.0367
04:12:17,5111341.6932
04:12:22,5124120.7623
04:12:27,5136931.2342
04:12:32,5149774.2337
04:12:37,5162649.2376
04:12:42,5175556.676
04:12:47,5188496.2632
04:12:52,5201468.0881
04:12:57,5214472.1246
04:13:02,5227509.183
04:13:07,5240578.5358
04:13:12,5253680.4133
04:13:17,5266815.1601
04:13:22,5279982.3301
04:13:27,5293183.0174
04:13:32,5306416.9779
04:13:37,5319683.4652
04:13:42,5332983.406
04:13:47,5346316.9275
04:13:52,5359683.0799
04:13:57,5373082.7673
04:14:02,5386515.8342
04:14:07,5399983.0359
04:14:12,5413483.1065
04:14:17,5427017.2372
04:14:22,5440585.5301
04:14:27,5454187.7043
04:14:32,5467823.4104
04:14:37,5481493.3105
04:14:42,5495197.7067
04:14:47,5508935.8479
04:14:52,5522709.1935
04:14:57,5536516.8114
04:15:02,5550358.4994
04:15:07,5564234.5341
04:15:12,5578145.2342
04:15:17,5592091.6027
04:15:22,5606072.748
04:15:27,5620088.7562
04:15:32,5634140.0566
04:15:37,5648226.1373
04:15:42,5662346.8147
04:15:47,5676503.3945
04:15:52,5690695.4377
04:15:57,5704922.4576
04:16:02,5719185.2809
04:16:07,5733483.4731
04:16:12,5747818.0814
04:16:17,5762187.8512
04:16:22,5776594.0766
04:16:27,5791035.8196
04:16:32,5805513.721
04:16:37,5820028.474
04:16:42,5834579.5668
04:16:47,5849166.1646
04:16:52,5863789.2874
04:16:57,5878449.8532
04:17:02,5893147.0777
04:17:07,5907880.3263
04:17:12,5922650.7667
04:17:17,5937458.2679
04:17:22,5952302.9142
04:17:27,5967183.9175
04:17:32,5982102.5028
04:17:37,5997058.5409
04:17:42,6012051.8767
04:17:47,6027082.377
04:17:52,6042150.8102
04:17:57,6057256.4763
04:18:02,6072400.0582
04:18:07,6087581.8775
04:18:12,6102801.1512
04:18:17,6118058.8418
04:18:22,6133355.0308
04:18:27,6148689.1075
04:18:32,6164061.6219
04:18:37,6179472.7959
04:18:42,6194922.4389
04:18:47,6210410.7056
04:18:52,6225937.5783
04:18:57,6241502.7578
04:19:02,6257107.0074
04:19:07,6272750.7414
04:19:12,6288432.9293
04:19:17,6304154.3954
04:19:22,6319915.6814
04:19:27,6335716.3438
04:19:32,6351555.9896
04:19:37,6367435.1596
04:19:42,6383354.2915
04:19:47,6399312.9816
04:19:52,6415311.4368
04:19:57,6431350.3026
04:20:02,6447428.9502
04:20:07,6463547.9329
04:20:12,6479707.4051
04:20:17,6495907.1604
04:20:22,6512147.8215
04:20:27,6528428.7155
04:20:32,6544750.3453
04:20:37,6561113.2904
04:20:42,6577516.4613
04:20:47,6593960.5797
04:20:52,6610446.4587
04:20:57,6626973.1785
04:21:02,6643541.3703
04:21:07,6660150.8074
04:21:12,6676802.0892
04:21:17,6693494.766
04:21:22,6710228.6507
04:21:27,6727004.9076
04:21:32,6743822.8831
04:21:37,6760682.638
04:21:42,6777585.1005
04:21:47,6794529.749
04:21:52,6811516.249
04:21:57,6828545.7081
04:22:02,6845617.4878
04:22:07,6862731.9557
04:22:12,6879889.8241
04:22:17,6897090.6252
04:22:22,6914334.3206
04:22:27,6931620.9072
04:22:32,6948950.4532
04:22:37,6966323.2916
04:22:42,6983740.1346
04:22:47,7001199.6308
04:22:52,7018703.6557
04:22:57,7036251.2121
04:23:02,7053842.487
04:23:07,7071478.1502
04:23:12,7089157.8367
04:23:17,7106881.2737
04:23:22,7124648.9553
04:23:27,7142460.8767
04:23:32,7160317.6881
04:23:37,7178219.4718
04:23:42,7196165.4362
04:23:47,7214156.2225
04:23:52,7232192.5326
04:23:57,7250273.8949
04:24:02,7268400.5212
04:24:07,7286571.6362
04:24:12,7304789.0515
04:24:17,7323051.9316
04:24:22,7341359.8997
04:24:27,7359713.9591
04:24:32,7378113.6164
04:24:37,7396559.1544
04:24:42,7415051.4494
04:24:47,7433589.5599
04:24:52,7452174.4838
04:24:57,7470805.7065
04:25:02,7489483.6753
04:25:07,7508208.087
04:25:12,7526979.1238
04:25:17,7545796.8631
04:25:22,7564662.2239
04:25:27,7583574.5842
04:25:32,7602534.1007
04:25:37,7621540.9136
04:25:42,7640595.8627
04:25:47,7659697.7723
04:25:52,7678847.5921
04:25:57,7698045.7142
04:26:02,7717291.3352
04:26:08,7736585.2478
04:26:12,7755927.665
04:26:17,7775318.3279
04:26:22,7794756.7877
04:26:27,7814244.0219
04:26:32,7833780.061
04:26:37,7853365.523
04:26:42,7872999.1571
04:26:47,7892682.2299
04:26:52,7912414.3349
04:26:57,7932196.0356
04:27:02,7952027.0688
04:27:07,7971907.7219
04:27:12,7991837.9675
04:27:17,8011817.9206
04:27:22,8031848.0784
04:27:27,8051928.7055
04:27:32,8072059.3685
04:27:37,8092239.9913
04:27:42,8112471.4037
04:27:47,8132753.1145
04:27:52,8153085.758
04:27:57,8173469.3238
04:28:02,8193903.9054
04:28:07,8214388.83
04:28:12,8234925.1917
04:28:17,8255513.2995
04:28:22,8276153.1006
04:28:27,8296844.1538
04:28:32,8317587.2349
04:28:37,8338382.2342
04:28:42,8359229.0394
04:28:47,8380127.4327
04:28:52,8401078.7954
04:28:57,8422081.7129
04:29:02,8443137.2623
04:29:07,8464246.0162
04:29:12,8485406.7982
04:29:17,8506620.9259
04:29:22,8527888.4442
04:29:27,8549208.8579
04:29:32,8570582.7474
04:29:37,8592010.2576
04:29:42,8613490.8033
04:29:47,8635024.9414
04:29:52,8656613.3925
04:29:57,8678255.3379
04:30:02,8699951.753
04:30:07,8721701.7766
04:30:12,8743506.334
04:30:17,8765365.9697
04:30:22,8787279.9801
04:30:27,8809248.7015
04:30:32,8831272.4718
04:30:37,8853351.5199
04:30:42,8875485.9923
04:30:47,8897674.9326
04:30:52,8919919.2937
04:30:57,8942219.4193
04:31:02,8964575.986
04:31:07,8986988.3465
04:31:12,9009456.6442
04:31:17,9031981.1532
04:31:22,9054561.7838
04:31:27,9077199.1488
04:31:32,9099892.3771
04:31:37,9122642.5504
04:31:43,9145449.625
04:31:47,9168314.2095
04:31:53,9191236.0869
04:31:58,9214214.7385
04:32:03,9237250.9309
04:32:08,9260344.2328
04:32:13,9283495.3953
04:32:18,9306704.5621
04:32:23,9329972.2737
04:32:28,9353297.3391
04:32:33,9376681.2853
04:32:38,9400124.0402
04:32:43,9423624.6582
04:32:48,9447184.1176
04:32:53,9470802.7383
04:32:58,9494480.8439
04:33:03,9518217.5003
04:33:08,9542014.0569
04:33:13,9565869.2103
04:33:18,9589784.6425
04:33:23,9613759.9385
04:33:28,9637795.3252
04:33:33,9661890.2941
04:33:38,9686045.6324
04:33:43,9710261.1573
04:33:48,9734537.8228
04:33:53,9758874.966
04:33:58,9783272.3084
04:34:03,9807730.7769
04:34:08,9832250.6099
04:34:13,9856832.3282
04:34:18,9881475.369
04:34:23,9906180.0111
04:34:28,9930945.9452
04:34:33,9955774.0857
04:34:38,9980664.1729
04:34:43,1.0005616256E7
04:34:48,1.00306304428E7
04:34:53,1.00557071996E7
04:34:58,1.00808474723E7
04:35:03,1.01060503732E7
04:35:08,1.01313162599E7
04:35:13,1.01566450358E7
04:35:18,1.01820368476E7
04:35:23,1.02074928924E7
04:35:28,1.02330118365E7
04:35:33,1.02585950261E7
04:35:38,1.02842416257E7
04:35:43,1.03099532885E7
04:35:48,1.03357286787E7
04:35:53,1.03615681088E7
04:35:58,1.03874725854E7
04:36:03,1.04134423497E7
04:36:08,1.04394765335E7
04:36:13,1.04655756911E7
04:36:18,1.04917399434E7
04:36:23,1.05179694544E7
04:36:28,1.0544264557E7
04:36:33,1.05706259326E7
04:36:38,1.05970532914E7
04:36:43,1.06235467271E7
04:36:48,1.06501065702E7
04:36:53,1.06767326505E7
04:36:58,1.0703425405E7
04:37:03,1.07301846224E7
04:37:08,1.07570109182E7
04:37:13,1.0783903563E7
04:37:18,1.0810863951E7
04:37:23,1.08378916238E7
04:37:28,1.08649870744E7
04:37:33,1.08921502553E7
04:37:38,1.09193809375E7
04:37:43,1.09466795553E7
04:37:48,1.09740464134E7
04:37:53,1.10014817955E7
04:37:58,1.10289856721E7
04:38:03,1.10565587571E7
04:38:08,1.10842008127E7
04:38:13,1.11119116015E7
04:38:18,1.11396916506E7
04:38:23,1.11675414272E7
04:38:28,1.11954609332E7
04:38:33,1.1223450427E7
04:38:38,1.12515100861E7
04:38:43,1.12796390618E7
04:38:48,1.13078388947E7
04:38:53,1.13361089876E7
04:38:58,1.13644496332E7
04:39:03,1.1392861013E7
04:39:08,1.14213442268E7
04:39:13,1.14498984148E7
04:39:18,1.1478523878E7
04:39:23,1.1507220902E7
04:39:28,1.15359896409E7
04:39:33,1.15648299224E7
04:39:38,1.15937421041E7
04:39:43,1.16227274708E7
04:39:48,1.16517849235E7
04:39:53,1.16809145531E7
04:39:58,1.17101173333E7
04:40:03,1.17393934012E7
04:40:08,1.17687428345E7
04:40:13,1.17981648194E7
04:40:18,1.18276612112E7
04:40:23,1.18572312029E7
04:40:28,1.18868748394E7
04:40:33,1.19165930023E7
04:40:38,1.19463849318E7
04:40:43,1.19762514001E7
04:40:48,1.20061928197E7
04:40:53,1.20362086158E7
04:40:58,1.20662999241E7
04:41:03,1.20964666017E7
04:41:08,1.21267079112E7
04:41:13,1.21570251731E7
04:41:18,1.21874184685E7
04:41:23,1.2217887151E7
04:41:28,1.22484323238E7
04:41:33,1.22790541141E7
04:41:38,1.23097522936E7
04:41:43,1.23405267881E7
04:41:48,1.23713786993E7
04:41:53,1.24023075607E7
04:41:58,1.24333139922E7
04:42:03,1.24643979676E7
04:42:08,1.24955600583E7
04:42:13,1.25267991067E7
04:42:18,1.25581162115E7
04:42:23,1.25895118161E7
04:42:28,1.26209859425E7
04:42:33,1.26525391063E7
04:42:38,1.26841705933E7
04:42:43,1.27158820302E7
04:42:48,1.27476723898E7
04:42:53,1.27795420946E7
04:42:58,1.28114911534E7
04:43:03,1.28435205636E7
04:43:08,1.28756296698E7
04:43:13,1.29078198156E7
04:43:18,1.29400900562E7
04:43:23,1.29724406501E7
04:43:28,1.30048719638E7
04:43:33,1.30373843042E7
04:43:38,1.30699788163E7
04:43:43,1.31026539383E7
04:43:48,1.31354112598E7
04:43:53,1.31682505978E7
04:43:58,1.32011721524E7
04:44:03,1.32341759459E7
04:44:08,1.32672615961E7
04:44:13,1.33004307723E7
04:44:18,1.33336824331E7
04:44:23,1.33670173735E7
04:44:28,1.3400435424E7
04:44:33,1.34339374825E7
04:44:38,1.34675224531E7
04:44:43,1.35011923269E7
04:44:48,1.35349463299E7
04:44:53,1.35687841503E7
04:44:58,1.36027066063E7
04:45:03,1.36367135142E7
04:45:08,1.36708056834E7
04:45:13,1.37049834547E7
04:45:18,1.37392461814E7
04:45:23,1.37735949843E7
04:45:28,1.38080297101E7
04:45:33,1.38425501448E7
04:45:38,1.38771566481E7
04:45:43,1.39118499965E7
04:45:48,1.39466300531E7
04:45:53,1.3981497137E7
04:45:58,1.4016451874E7
04:46:03,1.40514934666E7
04:46:08,1.40866225404E7
04:46:13,1.41218396983E7
04:46:18,1.41571453024E7
04:46:23,1.41925388543E7
04:46:28,1.42280209991E7
04:46:33,1.42635915983E7
04:46:38,1.42992512548E7
04:46:43,1.433500034E7
04:46:48,1.4370838017E7
04:46:53,1.4406766168E7
04:46:58,1.44427837818E7
04:47:03,1.44788911425E7
04:47:08,1.45150887246E7
04:47:13,1.45513769053E7
04:47:18,1.45877563752E7
04:47:23,1.46242266822E7
04:47:28,1.46607879876E7
04:47:33,1.46974402147E7
04:47:38,1.47341848843E7
04:47:43,1.47710212521E7
04:47:48,1.48079491357E7
04:47:53,1.48449696689E7
04:47:58,1.4882082836E7
04:48:03,1.49192885361E7
04:48:08,1.49565877665E7
04:48:13,1.49939797521E7
04:48:18,1.50314654147E7
04:48:23,1.50690446701E7
04:48:28,1.51067176745E7
04:48:33,1.51444848557E7
04:48:38,1.51823470513E7
04:48:43,1.52203038505E7
04:48:48,1.52583553344E7
04:48:53,1.52965016745E7
04:48:58,1.53347431827E7
04:49:03,1.53730802508E7
04:49:08,1.54115135736E7
04:49:13,1.54500427095E7
04:49:18,1.54886683801E7
04:49:23,1.5527390686E7
04:49:28,1.55662095238E7
04:49:33,1.56051253876E7
04:49:38,1.56441386322E7
04:49:43,1.56832492031E7
04:49:48,1.57224574448E7
04:49:53,1.57617643907E7
04:49:58,1.5801169451E7
04:50:03,1.58406725745E7
04:50:08,1.5880274585E7
04:50:13,1.59199757196E7
04:50:18,1.59597758942E7
04:50:23,1.59996761228E7
04:50:28,1.60396762966E7
04:50:33,1.60797764909E7
04:50:38,1.61199767982E7
04:50:43,1.61602769132E7
04:50:48,1.62006777592E7
04:50:53,1.62411801334E7
04:50:58,1.62817840657E7
04:51:03,1.63224894753E7
04:51:08,1.63632960192E7
04:51:13,1.64042051161E7
04:51:18,1.64452160517E7
04:51:23,1.64863297264E7
04:51:28,1.65275460782E7
04:51:33,1.65688659138E7
04:51:38,1.66102888625E7
04:51:43,1.66518150323E7
04:51:48,1.66934456566E7
04:51:53,1.67351802658E7
04:51:58,1.67770189001E7
04:52:03,1.68189624002E7
04:52:08,1.68610106448E7
04:52:13,1.6903163614E7
04:52:18,1.69454217199E7
04:52:23,1.69877863E7
04:52:28,1.70302566734E7
04:52:33,1.70728325652E7
04:52:38,1.7115515241E7
04:52:43,1.71583046982E7
04:52:48,1.72012013478E7
04:52:53,1.72442052408E7
04:52:58,1.72873160305E7
04:53:03,1.73305348832E7
04:53:08,1.73738619481E7
04:53:13,1.7417297555E7
04:53:18,1.7460841678E7
04:53:23,1.75044944596E7
04:53:28,1.75482564513E7
04:53:33,1.75921279167E7
04:53:38,1.76361087481E7
04:53:43,1.76802000364E7
04:53:48,1.77244008743E7
04:53:53,1.77687123339E7
04:53:58,1.78131346718E7
04:54:03,1.78576676194E7
04:54:08,1.79023127193E7
04:54:13,1.79470688896E7
04:54:18,1.79919375819E7
04:54:23,1.80369177788E7
04:54:28,1.80820106861E7
04:54:33,1.81272159666E7
04:54:38,1.81725347457E7
04:54:43,1.82179669054E7
04:54:48,1.8263512234E7
04:54:53,1.83091719932E7
04:54:58,1.83549453107E7
04:55:03,1.84008330719E7
04:55:08,1.84468361768E7
04:55:13,1.84929541823E7
04:55:18,1.85391870139E7
04:55:23,1.85855351644E7
04:55:28,1.86319991596E7
04:55:33,1.86785802074E7
04:55:38,1.87252771486E7
04:55:43,1.87720908426E7
04:55:48,1.88190219198E7
04:55:53,1.88660698237E7
04:55:58,1.89132352522E7
04:56:03,1.89605191723E7
04:56:08,1.900792075E7
04:56:13,1.90554409256E7
04:56:18,1.91030804514E7
04:56:23,1.91508384486E7
04:56:28,1.91987165978E7
04:56:33,1.92467141671E7
04:56:38,1.92948319491E7
04:56:43,1.9343070056E7
04:56:48,1.93914286966E7
04:56:53,1.94399079455E7
04:56:58,1.94885086518E7
04:57:03,1.95372303959E7
04:57:08,1.95860742295E7
04:57:13,1.96350402864E7
04:57:18,1.96841280233E7
04:57:23,1.97333385538E7
04:57:28,1.97826728325E7
04:57:33,1.98321300775E7
04:57:38,1.98817108379E7
04:57:43,1.99314160266E7
04:57:48,1.99812452132E7
04:57:53,2.00311987363E7
04:57:58,2.00812776608E7
04:58:03,2.01314815977E7
04:58:08,2.01818105723E7
04:58:13,2.02322660318E7
04:58:18,2.02828476103E7
04:58:23,2.03335557533E7
04:58:28,2.03843898926E7
04:58:33,2.04353513871E7
04:58:38,2.04864399215E7
04:58:43,2.05376569667E7
04:58:48,2.05890021668E7
04:58:53,2.06404754064E7
04:58:58,2.06920771934E7
04:59:03,2.07438077096E7
04:59:08,2.07956676775E7
04:59:13,2.08476578073E7
04:59:18,2.08997775616E7
04:59:23,2.09520277146E7
04:59:28,2.10044088653E7
04:59:33,2.10569205455E7
04:59:38,2.11095638961E7
04:59:43,2.11623385611E7
04:59:48,2.12152452722E7
04:59:53,2.12682841939E7
04:59:58,2.13214551006E7
05:00:03,2.13747593799E7
05:00:08,2.14281964193E7
05:00:13,2.14817676478E7
05:00:18,2.15354722804E7
05:00:23,2.15893117679E7
05:00:28,2.16432858818E7
05:00:33,2.16973947428E7
05:00:38,2.17516389646E7
05:00:43,2.18060186658E7
05:00:48,2.18605342874E7
05:00:53,2.19151866227E7
05:00:58,2.19699751564E7
05:01:03,2.2024900764E7
05:01:08,2.20799637395E7
05:01:13,2.21351639205E7
05:01:18,2.21905028428E7
05:01:23,2.22459801022E7
05:01:28,2.23015958499E7
05:01:33,2.23573502181E7
05:01:38,2.24132437585E7
05:01:43,2.24692777624E7
05:01:48,2.25254518342E7
05:01:53,2.25817656166E7
05:01:58,2.26382208462E7
05:02:03,2.2694816879E7
05:02:08,2.27515541818E7
05:02:13,2.28084339087E7
05:02:18,2.28654552027E7
05:02:23,2.29226191525E7
05:02:28,2.29799261204E7
05:02:33,2.30373769004E7
05:02:38,2.30949704825E7
05:02:43,2.31527089499E7
05:02:48,2.32105914606E7
05:02:53,2.32686184268E7
05:02:58,2.33267909307E7
05:03:03,2.33851081356E7
05:03:08,2.34435712503E7
05:03:13,2.35021810978E7
05:03:18,2.3560937268E7
05:03:23,2.36198398875E7
05:03:28,2.3678889744E7
05:03:33,2.37380872156E7
05:03:38,2.37974332171E7
05:03:43,2.38569269511E7
05:03:48,2.39165701407E7
05:03:53,2.39763617722E7
05:03:58,2.40363035618E7
05:04:03,2.40963952926E7
05:04:08,2.4156636409E7
05:04:13,2.42170289158E7
05:04:18,2.42775720511E7
05:04:23,2.43382667792E7
05:04:28,2.43991133812E7
05:04:33,2.44601121837E7
05:04:38,2.45212631279E7
05:04:43,2.45825665342E7
05:04:48,2.46440235607E7
05:04:53,2.47056339315E7
05:04:59,2.47673989827E7
05:05:03,2.48293178871E7
05:05:08,2.48913920425E7
05:05:13,2.49536206922E7
05:05:18,2.50160054131E7
05:05:23,2.50785459992E7
05:05:28,2.51412431573E7
05:05:33,2.52040967573E7
05:05:38,2.52671073405E7
05:05:43,2.53302758508E7
05:05:48,2.53936019215E7
05:05:53,2.54570869212E7
05:05:58,2.55207302329E7
05:06:03,2.55845330413E7
05:06:08,2.56484944844E7
05:06:13,2.57126166354E7
05:06:18,2.57768987072E7
05:06:23,2.58413417925E7
05:06:28,2.59059453741E7
05:06:33,2.59707110939E7
05:06:38,2.60356381344E7
05:06:43,2.61007278674E7
05:06:48,2.61659799741E7
05:06:53,2.62313958517E7
05:06:58,2.62969752746E7
05:07:03,2.63627183291E7
05:07:08,2.64286252891E7
05:07:13,2.64946976808E7
05:07:18,2.65609354713E7
05:07:23,2.6627338603E7
05:07:28,2.66939071013E7
05:07:33,2.67606420534E7
05:07:38,2.68275440296E7
05:07:43,2.68946138119E7
05:07:48,2.69618511489E7
05:07:53,2.70292567019E7
05:07:58,2.7096830936E7
05:08:03,2.71645740902E7
05:08:08,2.7232485819E7
05:08:13,2.73005674159E7
05:08:18,2.73688189853E7
05:08:23,2.74372411896E7
05:08:28,2.75058353735E7
05:08:33,2.75746008298E7
05:08:38,2.76435382459E7
05:08:43,2.7712647933E7
05:08:48,2.77819301088E7
05:08:53,2.78513858271E7
05:08:58,2.79210151568E7
05:09:03,2.79908178314E7
05:09:08,2.80607958482E7
05:09:13,2.81309483616E7
05:09:18,2.82012764545E7
05:09:23,2.8271779893E7
05:09:28,2.83424601692E7
05:09:33,2.8413316987E7
05:09:38,2.84843510985E7
05:09:43,2.85555623865E7
05:09:48,2.862695172E7
05:09:53,2.86985200585E7
05:09:58,2.87702671184E7
05:10:03,2.88421929937E7
05:10:08,2.89142992098E7
05:10:13,2.89865851425E7
05:10:18,2.9059052602E7
05:10:23,2.91317009056E7
05:10:28,2.92045312139E7
05:10:33,2.92775432484E7
05:10:38,2.9350737614E7
05:10:43,2.94241146854E7
05:10:48,2.94976757192E7
05:10:53,2.9571420579E7
05:10:58,2.96453501147E7
05:11:03,2.97194639051E7
05:11:08,2.97937627851E7
05:11:13,2.98682474487E7
05:11:18,2.99429186179E7
05:11:23,3.0017776767E7
05:11:28,3.0092821568E7
05:11:33,3.01680537569E7
05:11:38,3.02434745597E7
05:11:43,3.03190835717E7
05:11:48,3.03948818724E7
05:11:53,3.04708699028E7
05:11:58,3.05470476287E7
05:12:03,3.06234159986E7
05:12:08,3.06999746982E7
05:12:13,3.07767248965E7
05:12:18,3.08536676585E7
05:12:23,3.09308027611E7
05:12:28,3.10081301506E7
05:12:33,3.10856509246E7
05:12:38,3.11633655491E7
05:12:43,3.12412745995E7
05:12:48,3.13193783697E7
05:12:53,3.13976774198E7
05:12:58,3.14761723492E7
05:13:03,3.15548633402E7
05:13:08,3.1633751014E7
05:13:13,3.17128361428E7
05:13:18,3.17921188349E7
05:13:23,3.18715995842E7
05:13:28,3.19512796678E7
05:13:33,3.20311580453E7
05:13:38,3.21112363253E7
05:13:43,3.21915148358E7
05:13:48,3.22719943831E7
05:13:53,3.23526752823E7
05:13:58,3.24335577586E7
05:14:03,3.25146420527E7
05:14:08,3.25959295578E7
05:14:13,3.26774196334E7
05:14:18,3.27591135236E7
05:14:23,3.28410117867E7
05:14:28,3.29231152321E7
05:14:33,3.30054235445E7
05:14:38,3.30879381275E7
05:14:43,3.31706587539E7
05:14:48,3.32535860943E7
05:14:53,3.33367208988E7
05:14:58,3.34200632884E7
05:15:03,3.3503614438E7
05:15:08,3.35873737E7
05:15:13,3.36713426377E7
05:15:18,3.37555214387E7
05:15:23,3.38399106248E7
05:15:28,3.39245105622E7
05:15:33,3.40093221206E7
05:15:38,3.40943459015E7
05:15:43,3.41795821223E7
05:15:48,3.4265031756E7
05:15:53,3.43506946936E7
05:15:58,3.44365716811E7
05:16:03,3.4522663303E7
05:16:08,3.46089701154E7
05:16:13,3.46954927539E7
05:16:18,3.4782232024E7
05:16:23,3.48691878739E7
05:16:28,3.4956361568E7
05:16:33,3.50437535389E7
05:16:38,3.51313635789E7
05:16:43,3.52191929897E7
05:16:48,3.53072417317E7
05:16:53,3.53955100997E7
05:16:58,3.54839995206E7
05:17:03,3.55727096608E7
05:17:08,3.56616418776E7
05:17:13,3.57507960842E7
05:17:18,3.58401737179E7
05:17:23,3.59297747964E7
05:17:28,3.60196000757E7
05:17:33,3.61096501009E7
05:17:38,3.61999245119E7
05:17:43,3.62904251213E7
05:17:48,3.63811518687E7
05:17:53,3.64721054396E7
05:17:58,3.65632860589E7
05:18:03,3.6654695335E7
05:18:08,3.6746332981E7
05:18:13,3.68381993069E7
05:18:18,3.69302956597E7
05:18:23,3.70226222127E7
05:18:28,3.71151797272E7
05:18:33,3.72079681508E7
05:18:38,3.73009886044E7
05:18:43,3.73942413183E7
05:18:48,3.74877271178E7
05:18:53,3.75814474299E7
05:18:58,3.76754012794E7
05:19:03,3.77695908524E7
05:19:08,3.78640154159E7
05:19:13,3.79586755749E7
05:19:18,3.80535728329E7
05:19:23,3.81487076121E7
05:19:28,3.8244079598E7
05:19:33,3.83396902078E7
05:19:38,3.84355402751E7
05:19:43,3.85316298751E7
05:19:48,3.86279591501E7
05:19:53,3.87245296924E7
05:19:58,3.88213418307E7
05:20:03,3.89183956808E7
05:20:08,3.90156920468E7
05:20:13,3.91132321776E7
05:20:18,3.92110160154E7
05:20:23,3.93090442671E7
05:20:28,3.9407317164E7
05:20:33,3.95058358231E7
05:20:38,3.96046014175E7
05:20:43,3.97036137873E7
05:20:48,3.98028735102E7
05:20:53,3.99023816375E7
05:20:58,4.00021378366E7
05:21:03,4.01021434912E7
05:21:08,4.02023994228E7
05:21:13,4.03029061303E7
05:21:18,4.04036638342E7
05:21:23,4.05046739275E7
05:21:28,4.06059361858E7
05:21:33,4.0707451669E7
05:21:38,4.08092212303E7
05:21:43,4.09112445543E7
05:21:48,4.10135237464E7
05:21:53,4.11160578063E7
05:21:58,4.12188486188E7
05:22:03,4.13218962208E7
05:22:08,4.14252011489E7
05:22:13,4.15287642542E7
05:22:18,4.16325871713E7
05:22:23,4.17366697149E7
05:22:28,4.18410120321E7
05:22:33,4.19456151031E7
05:22:38,4.2050479316E7
05:22:43,4.2155605951E7
05:22:48,4.22609958755E7
05:22:53,4.2366648684E7
05:22:58,4.24725663377E7
05:23:03,4.25787487621E7
05:23:08,4.26851961419E7
05:23:13,4.27919092474E7
05:23:18,4.28988894147E7
05:23:23,4.30061369142E7
05:23:28,4.31136529529E7
05:23:33,4.32214379811E7
05:23:38,4.33294923446E7
05:23:43,4.34378163969E7
05:23:48,4.35464119621E7
05:23:53,4.36552787927E7
05:23:58,4.37644172622E7
05:24:03,4.38738285154E7
05:24:08,4.39835135093E7
05:24:13,4.40934733835E7
05:24:18,4.42037076927E7
05:24:23,4.43142172534E7
05:24:28,4.44250030155E7
05:24:33,4.45360662964E7
05:24:38,4.46474073855E7
05:24:43,4.4759026303E7
05:24:48,4.48709245358E7
05:24:53,4.49831026628E7
05:24:58,4.50955613289E7
05:25:03,4.5208300735E7
05:25:08,4.53213222501E7
05:25:13,4.54346260907E7
05:25:18,4.55482136283E7
05:25:23,4.56620843604E7
05:25:28,4.57762399779E7
05:25:33,4.58906816716E7
05:25:39,4.60054085064E7
05:25:44,4.61204227097E7
05:25:49,4.62357248555E7
05:25:54,4.63513151988E7
05:25:59,4.64671943596E7
05:26:04,4.6583362744E7
05:26:09,4.66998217847E7
05:26:14,4.68165722889E7
05:26:19,4.69336140907E7
05:26:24,4.70509484051E7
05:26:29,4.71685763472E7
05:26:34,4.72864984026E7
05:26:39,4.74047151475E7
05:26:44,4.7523227521E7
05:26:49,4.76420364728E7
05:26:54,4.77611421665E7
05:26:59,4.78805452618E7
05:27:04,4.80002468764E7
05:27:09,4.81202479737E7
05:27:14,4.82405494518E7
05:27:19,4.83611512004E7
05:27:24,4.84820549398E7
05:27:29,4.86032609183E7
05:27:34,4.87247697622E7
05:27:39,4.88465824648E7
05:27:44,4.89686998181E7
05:27:49,4.90911218325E7
05:27:54,4.92138503884E7
05:27:59,4.93368860844E7
05:28:04,4.94602288779E7
05:28:09,4.95838797473E7
05:28:14,4.97078396839E7
05:28:19,4.98321094742E7
05:28:24,4.99566907178E7
05:28:29,5.00815832682E7
05:28:34,5.02067878225E7
05:28:39,5.03323052964E7
05:28:44,5.04581369779E7
05:28:49,5.05842831318E7
05:28:54,5.07107444063E7
05:28:59,5.08375220103E7
05:29:04,5.09646167407E7
05:29:09,5.10920290634E7
05:29:14,5.12197592475E7
05:29:19,5.13478088936E7
05:29:24,5.14761794267E7
05:29:29,5.16048707132E7
05:29:34,5.17338830397E7
05:29:39,5.18632179276E7
05:29:44,5.19928768966E7
05:29:49,5.21228597216E7
05:29:54,5.2253167349E7
05:29:59,5.23838009231E7
05:30:04,5.25147611071E7
05:30:09,5.26460490161E7
05:30:14,5.27776649333E7
05:30:19,5.29096096464E7
05:30:24,5.30418841899E7
05:30:29,5.31744899411E7
05:30:34,5.33074270539E7
05:30:39,5.34406963244E7
05:30:44,5.35742991465E7
05:30:49,5.3708235018E7
05:30:54,5.38425063687E7
05:30:59,5.39771131672E7
05:31:04,5.4112056395E7
05:31:09,5.42473370727E7
05:31:14,5.43829561003E7
05:31:19,5.45189139073E7
05:31:24,5.46552113153E7
05:31:29,5.47918500979E7
05:31:34,5.49288301241E7
05:31:39,5.50661526823E7
05:31:44,5.52038187143E7
05:31:49,5.53418284765E7
05:31:54,5.54801841385E7
05:31:59,5.56188852726E7
05:32:04,5.57579327752E7
05:32:09,5.58973277171E7
05:32:14,5.60370720577E7
05:32:19,5.61771654844E7
05:32:24,5.63176087796E7
05:32:29,5.64584039003E7
05:32:34,5.65995505904E7
05:32:39,5.67410498978E7
05:32:44,5.68829035027E7
05:32:49,5.70251118483E7
05:32:54,5.71676754557E7
05:32:59,5.73105955101E7
05:33:04,5.7453872668E7
05:33:09,5.75975078537E7
05:33:14,5.77415019611E7
05:33:19,5.78858566509E7
05:33:24,5.80305715922E7
05:33:29,5.81756481983E7
05:33:34,5.83210883034E7
05:33:39,5.84668912072E7
05:33:44,5.86130585641E7
05:33:49,5.87595918411E7
05:33:54,5.890649134E7
05:33:59,5.9053758402E7
05:34:04,5.92013935102E7
05:34:09,5.93493978649E7
05:34:14,5.94977718787E7
05:34:19,5.96465173015E7
05:34:24,5.97956346673E7
05:34:29,5.99451243609E7
05:34:34,6.00949874357E7
05:34:39,6.0245225773E7
05:34:44,6.03958390178E7
05:34:49,6.05468287769E7
05:34:54,6.06981966612E7
05:34:59,6.08499423029E7
05:35:04,6.10020680628E7
05:35:09,6.1154573842E7
05:35:14,6.13074607266E7
05:35:19,6.14607298779E7
05:35:24,6.16143819263E7
05:35:29,6.17684183489E7
05:35:34,6.1922839891E7
05:35:39,6.20776471762E7
05:35:44,6.22328423449E7
05:35:49,6.23884255159E7
05:35:54,6.25443971912E7
05:35:59,6.2700758751E7
05:36:04,6.28575113098E7
05:36:09,6.30146559208E7
05:36:14,6.317219318E7
05:36:19,6.33301240692E7
05:36:24,6.34884495555E7
05:36:29,6.36471717586E7
05:36:34,6.38062907688E7
05:36:39,6.39658069445E7
05:36:44,6.41257217163E7
05:36:49,6.42860363556E7
05:36:54,6.44467517153E7
05:36:59,6.46078690252E7
05:37:04,6.4769388867E7
05:37:09,6.49313124885E7
05:37:14,6.50936411696E7
05:37:19,6.52563760159E7
05:37:24,6.5419517193E7
05:37:29,6.55830667439E7
05:37:34,6.57470249243E7
05:37:39,6.59113934262E7
05:37:44,6.60761722807E7
05:37:49,6.62413636417E7
05:37:54,6.64069678377E7
05:37:59,6.65729854488E7
05:38:04,6.67394181466E7
05:38:09,6.69062674502E7
05:38:14,6.70735339317E7
05:38:19,6.72412184503E7
05:38:24,6.74093221787E7
05:38:29,6.75778457727E7
