01:15:11,1.6463
01:15:16,1.7804
01:15:21,2.4649
01:15:26,3.2774
01:15:31,3.5606
01:15:36,3.9247
01:15:41,4.3263
01:15:46,5.3983
01:15:51,6.3293
01:15:56,6.5895
01:16:01,7.5764
01:16:06,8.1672
01:16:11,9.0673
01:16:16,9.3433
01:16:21,10.3499
01:16:26,10.7983
01:16:31,11.2824
01:16:36,12.4206
01:16:41,13.3014
01:16:46,14.0444
01:16:51,14.5132
01:16:56,14.9974
01:17:01,16.0555
01:17:06,16.3644
01:17:11,17.0522
01:17:16,17.9957
01:17:21,18.405
01:17:26,19.07
01:17:31,20.2064
01:17:36,20.6983
01:17:41,21.0461
01:17:46,21.4083
01:17:51,22.5612
01:17:56,23.1395
01:18:01,23.9227
01:18:06,24.1845
01:18:11,24.6376
01:18:16,25.1975
01:18:21,26.1886
01:18:26,27.1727
01:18:31,27.9131
01:18:36,28.2535
01:18:41,28.9752
01:18:46,29.4275
01:18:51,30.3393
01:18:56,31.2622
01:19:01,31.8041
01:19:06,32.4289
01:19:11,32.9287
01:19:16,34.0913
01:19:21,34.6145
01:19:26,35.6698
01:19:31,36.0226
01:19:36,37.2867
01:19:41,38.5397
01:19:46,39.0137
01:19:51,40.1911
01:19:56,41.0326
01:20:01,42.1245
01:20:06,42.5703
01:20:11,42.9392
01:20:16,43.3383
01:20:21,44.0912
01:20:26,44.6153
01:20:31,45.1458
01:20:36,45.7186
01:20:41,46.4443
01:20:46,46.8526
01:20:51,47.7127
01:20:56,48.1806
01:21:01,49.4728
01:21:06,50.3886
01:21:11,51.0847
01:21:16,51.4421
01:21:21,52.3025
01:21:26,53.3334
01:21:31,53.8417
01:21:36,54.4537
01:21:41,55.7463
01:21:46,56.2081
01:21:51,57.492
01:21:56,57.8888
01:22:01,58.9985
01:22:06,59.4118
01:22:11,60.1382
01:22:16,61.352
01:22:21,62.1237
01:22:26,62.8512
01:22:31,63.8494
01:22:36,64.3516
01:22:41,65.1028
01:22:46,65.5677
01:22:51,66.521
01:22:56,67.5933
01:23:01,68.8919
01:23:06,70.22
01:23:11,71.2451
01:23:16,72.0754
01:23:21,73.1861
01:23:26,74.2461
01:23:31,75.1958
01:23:36,76.563
01:23:41,77.4927
01:23:46,78.5901
01:23:51,79.6141
01:23:56,81.0636
01:24:01,82.4955
01:24:06,83.2853
01:24:11,84.2866
01:24:16,85.0015
01:24:21,86.0007
01:24:26,87.3845
01:24:31,88.6474
01:24:36,89.3985
01:24:41,90.042
01:24:46,90.7575
01:24:51,91.9573
01:24:56,93.5021
01:25:01,94.2499
01:25:06,95.1005
01:25:11,96.5425
01:25:16,97.157
01:25:21,98.2408
01:25:26,99.1126
01:25:31,100.5061
01:25:36,101.4748
01:25:41,102.4786
01:25:46,103.5353
01:25:51,104.5081
01:25:56,105.227
01:26:01,106.2375
01:26:06,107.3192
01:26:11,108.5697
01:26:16,109.8188
01:26:21,110.4962
01:26:26,111.589
01:26:31,112.4575
01:26:36,113.1556
01:26:41,114.1559
01:26:46,115.0105
01:26:51,116.2885
01:26:56,117.451
01:27:01,118.8787
01:27:06,119.9611
01:27:11,121.5224
01:27:16,122.7157
01:27:21,123.4567
01:27:26,125.0144
01:27:31,126.5888
01:27:36,127.6369
01:27:41,129.3366
01:27:46,130.8927
01:27:51,131.7484
01:27:56,132.6703
01:28:01,133.6257
01:28:06,135.1316
01:28:11,136.4644
01:28:16,137.3514
01:28:21,138.5434
01:28:26,139.6132
01:28:31,141.0593
01:28:36,141.8697
01:28:41,143.0345
01:28:46,144.2648
01:28:51,145.7716
01:28:56,147.5826
01:29:01,148.6612
01:29:06,150.415
01:29:11,151.5507
01:29:16,153.3054
01:29:21,155.0118
01:29:26,156.2875
01:29:31,157.9103
01:29:36,159.4603
01:29:41,161.2986
01:29:46,163.1128
01:29:51,164.7965
01:29:56,166.0284
01:30:01,167.519
01:30:06,169.4508
01:30:11,171.1925
01:30:16,172.9303
01:30:21,174.6718
01:30:26,175.9806
01:30:31,177.3108
01:30:36,178.7806
01:30:41,179.8184
01:30:46,180.9207
01:30:51,182.4262
01:30:56,183.8119
01:31:01,185.2102
01:31:06,186.3828
01:31:11,187.4359
01:31:16,188.8288
01:31:21,190.109
01:31:26,191.3276
01:31:31,193.3516
01:31:36,194.9897
01:31:41,196.2471
01:31:46,197.6396
01:31:51,199.3844
01:31:56,201.0747
01:32:01,203.0512
01:32:06,204.6291
01:32:11,205.8765
01:32:16,207.5622
01:32:21,209.2982
01:32:26,210.8241
01:32:31,212.6058
01:32:36,214.5447
01:32:41,216.6243
01:32:46,218.036
01:32:51,219.4067
01:32:56,221.3156
01:33:01,223.255
01:33:06,224.7441
01:33:11,226.812
01:33:16,228.5648
01:33:21,230.4131
01:33:26,231.8309
01:33:31,233.7715
01:33:36,236.0328
01:33:41,237.9915
01:33:46,240.2001
01:33:51,241.7643
01:33:56,243.5834
01:34:01,245.1723
01:34:06,247.4035
01:34:11,249.721
01:34:16,251.4659
01:34:21,252.8408
01:34:26,254.8529
01:34:31,256.8815
01:34:36,259.1959
01:34:41,261.0719
01:34:46,262.8926
01:34:51,264.576
01:34:56,266.9554
01:35:01,268.4165
01:35:06,270.3065
01:35:11,271.9491
01:35:16,274.1381
01:35:21,275.6525
01:35:26,277.3548
01:35:31,279.5854
01:35:36,281.9443
01:35:41,283.6138
01:35:46,285.1455
01:35:51,287.1295
01:35:56,289.401
01:36:01,291.8038
01:36:06,293.5383
01:36:11,295.1542
01:36:16,297.711
01:36:21,300.0989
01:36:26,302.6913
01:36:31,305.2867
01:36:36,307.5967
01:36:41,310.094
01:36:46,311.8195
01:36:51,314.1255
01:36:56,316.0653
01:37:01,318.3669
01:37:06,320.5095
01:37:11,323.0081
01:37:16,324.9366
01:37:21,327.3433
01:37:26,329.1354
01:37:31,331.5374
01:37:36,333.9969
01:37:41,336.3965
01:37:46,338.6921
01:37:51,340.9981
01:37:56,343.4397
01:38:01,345.4431
01:38:06,347.8783
01:38:11,349.9299
01:38:16,352.0943
01:38:21,354.486
01:38:26,356.7243
01:38:31,359.2395
01:38:36,361.6153
01:38:41,363.5827
01:38:46,366.484
01:38:51,368.4629
01:38:56,370.5812
01:39:01,372.863
01:39:06,375.248
01:39:11,378.0607
01:39:16,381.0437
01:39:21,383.5628
01:39:26,386.3726
01:39:31,388.553
01:39:36,391.5818
01:39:41,394.3694
01:39:46,397.0962
01:39:51,399.4199
01:39:56,401.7721
01:40:01,404.7122
01:40:06,407.6811
01:40:11,410.5261
01:40:16,412.9685
01:40:21,415.7217
01:40:26,418.0847
01:40:31,420.9174
01:40:36,423.3662
01:40:41,426.1691
01:40:46,428.765
01:40:51,431.6878
01:40:56,434.1875
01:41:01,436.4965
01:41:06,439.1944
01:41:11,442.0518
01:41:16,445.0158
01:41:21,447.9844
01:41:26,450.9073
01:41:31,453.9684
01:41:36,456.8575
01:41:41,460.0376
01:41:46,463.4194
01:41:51,466.6888
01:41:56,469.5979
01:42:01,472.5083
01:42:06,475.1433
01:42:11,477.9113
01:42:16,480.9874
01:42:21,483.7411
01:42:26,486.6554
01:42:31,489.5943
01:42:36,492.7901
01:42:41,495.7257
01:42:46,498.9878
01:42:51,502.3053
01:42:56,505.4442
01:43:01,508.8343
01:43:06,512.153
01:43:11,515.0208
01:43:16,518.2846
01:43:21,521.5671
01:43:26,524.6328
01:43:31,527.5133
01:43:36,530.8133
01:43:41,534.1574
01:43:46,537.7679
01:43:51,540.8148
01:43:56,544.4636
01:44:01,547.7104
01:44:06,551.421
01:44:11,554.487
01:44:16,557.4842
01:44:21,561.3398
01:44:26,564.7537
01:44:31,568.4154
01:44:36,571.7912
01:44:41,574.949
01:44:46,578.1706
01:44:51,582.1033
01:44:56,585.1869
01:45:01,588.8712
01:45:06,592.5296
01:45:11,595.7032
01:45:16,599.1878
01:45:21,602.9499
01:45:26,606.3839
01:45:31,609.8583
01:45:36,613.1521
01:45:41,616.5143
01:45:46,620.2894
01:45:51,623.8219
01:45:56,627.6596
01:46:01,631.7625
01:46:06,635.0707
01:46:11,638.9666
01:46:16,643.1117
01:46:21,646.5951
01:46:26,650.2355
01:46:31,654.3615
01:46:36,657.8015
01:46:41,661.9379
01:46:46,666.0306
01:46:51,670.2115
01:46:56,674.4411
01:47:01,678.1964
01:47:06,682.1344
01:47:11,686.365
01:47:16,690.1855
01:47:21,694.168
01:47:26,698.1163
01:47:31,702.2659
01:47:36,706.3453
01:47:41,710.8067
01:47:46,714.5031
01:47:51,718.7461
01:47:56,723.2972
01:48:01,727.4708
01:48:06,731.9177
01:48:11,735.7603
01:48:16,739.9261
01:48:21,744.6524
01:48:26,749.404
01:48:31,753.2812
01:48:36,757.3667
01:48:41,761.4176
01:48:46,765.6614
01:48:51,770.3152
01:48:56,775.0244
01:49:01,779.9911
01:49:06,784.1033
01:49:11,788.6305
01:49:16,793.4319
01:49:21,798.4024
01:49:26,803.2356
01:49:31,807.4352
01:49:36,811.6556
01:49:41,816.4941
01:49:46,821.1519
01:49:51,825.5153
01:49:56,830.3036
01:50:01,835.4951
01:50:06,840.2795
01:50:11,844.6457
01:50:16,849.2898
01:50:21,854.1143
01:50:26,859.3363
01:50:31,864.4328
01:50:36,869.2297
01:50:41,874.3957
01:50:46,879.1521
01:50:51,884.3911
01:50:56,889.9013
01:51:01,895.0177
01:51:06,900.1796
01:51:11,905.2749
01:51:16,910.1642
01:51:21,915.397
01:51:26,920.555
01:51:31,925.8871
01:51:36,931.3058
01:51:41,936.1811
01:51:46,941.0626
01:51:51,946.4545
01:51:56,951.4202
01:52:01,956.7618
01:52:06,962.349
01:52:11,967.6779
01:52:16,973.3713
01:52:21,979.1238
01:52:26,984.6285
01:52:31,990.4908
01:52:36,995.7463
01:52:41,1001.2652
01:52:46,1006.5166
01:52:51,1012.4278
01:52:56,1018.4478
01:53:01,1024.2557
01:53:06,1029.736
01:53:11,1035.3201
01:53:16,1040.6059
01:53:21,1045.9389
01:53:26,1051.3381
01:53:31,1056.7698
01:53:36,1062.6497
01:53:41,1068.7656
01:53:46,1074.8077
01:53:51,1080.8815
01:53:56,1086.8993
01:54:01,1092.7057
01:54:06,1099.0169
01:54:11,1105.5221
01:54:16,1111.7699
01:54:21,1117.5888
01:54:26,1124.2353
01:54:31,1130.3976
01:54:36,1137.137
01:54:41,1143.1847
01:54:46,1149.7805
01:54:51,1155.886
01:54:56,1162.169
01:55:01,1168.9601
01:55:06,1175.2753
01:55:11,1181.9665
01:55:16,1188.0715
01:55:21,1194.7751
01:55:26,1201.1749
01:55:31,1208.1505
01:55:36,1214.7847
01:55:41,1221.6839
01:55:46,1227.9318
01:55:51,1234.4269
01:55:56,1240.9732
01:56:01,1247.4131
01:56:06,1253.9826
01:56:11,1260.7664
01:56:16,1268.0897
01:56:21,1275.1674
01:56:26,1282.3927
01:56:31,1289.6808
01:56:36,1296.5051
01:56:41,1303.7298
01:56:46,1311.2911
01:56:51,1318.9099
01:56:56,1326.0584
01:57:01,1333.4322
01:57:06,1341.0764
01:57:11,1348.8193
01:57:16,1356.2635
01:57:21,1363.3444
01:57:26,1370.3486
01:57:31,1377.9656
01:57:36,1385.6852
01:57:41,1393.1086
01:57:46,1400.3816
01:57:51,1408.0552
01:57:56,1415.866
01:58:01,1423.3593
01:58:06,1430.6393
01:58:11,1438.6612
01:58:16,1446.4515
01:58:21,1454.1925
01:58:26,1462.1214
01:58:31,1469.5647
01:58:36,1477.3723
01:58:41,1485.2589
01:58:46,1493.5218
01:58:51,1501.2225
01:58:56,1509.8046
01:59:01,1517.7724
01:59:06,1526.1586
01:59:11,1534.8347
01:59:16,1543.2493
01:59:21,1551.2572
01:59:26,1559.2173
01:59:31,1567.5414
01:59:36,1575.8188
01:59:41,1584.1681
01:59:46,1592.7915
01:59:51,1601.679
01:59:56,1610.4419
02:00:01,1619.1424
02:00:06,1627.9226
02:00:11,1636.355
02:00:16,1644.9211
02:00:21,1654.1642
02:00:26,1663.1972
02:00:31,1672.6097
02:00:36,1681.9836
02:00:41,1690.5032
02:00:46,1699.9538
02:00:51,1709.0576
02:00:56,1717.8783
02:01:01,1727.1517
02:01:06,1736.5351
02:01:11,1746.1782
02:01:16,1755.5817
02:01:21,1765.0921
02:01:26,1774.704
02:01:31,1784.537
02:01:36,1794.466
02:01:41,1803.6768
02:01:46,1813.606
02:01:51,1823.2223
02:01:56,1833.2406
02:02:01,1842.9432
02:02:06,1852.2706
02:02:11,1862.1302
02:02:16,1872.3536
02:02:21,1882.2153
02:02:26,1892.3858
02:02:31,1902.1117
02:02:36,1911.9354
02:02:41,1921.7321
02:02:46,1932.1688
02:02:51,1942.9064
02:02:56,1952.857
02:03:01,1962.8439
02:03:06,1973.1383
02:03:11,1984.079
02:03:16,1994.8331
02:03:21,2005.4187
02:03:26,2015.9284
02:03:31,2027.0282
02:03:36,2037.6233
02:03:41,2048.731
02:03:46,2059.7187
02:03:51,2070.2641
02:03:56,2081.6295
02:04:01,2092.5998
02:04:06,2103.6963
02:04:11,2114.8865
02:04:16,2126.5129
02:04:21,2137.4199
02:04:26,2148.3035
02:04:31,2160.1426
02:04:36,2171.8385
02:04:41,2183.1593
02:04:46,2194.335
02:04:51,2206.0737
02:04:56,2217.7096
02:05:01,2229.1302
02:05:06,2241.3623
02:05:11,2252.678
02:05:16,2264.7057
02:05:21,2276.3332
02:05:26,2287.8254
02:05:31,2299.7746
02:05:36,2311.6055
02:05:41,2323.2917
02:05:46,2335.3394
02:05:51,2347.6497
02:05:56,2359.7187
02:06:01,2372.5
02:06:06,2385.4569
02:06:11,2397.8347
02:06:16,2410.4368
02:06:21,2423.2363
02:06:26,2436.1361
02:06:31,2448.4997
02:06:36,2461.5265
02:06:41,2474.068
02:06:46,2487.1235
02:06:51,2499.7516
02:06:56,2512.4089
02:07:01,2525.4372
02:07:06,2538.6162
02:07:11,2551.5356
02:07:16,2564.9573
02:07:21,2578.8592
02:07:26,2592.6127
02:07:31,2605.9396
02:07:36,2619.4339
02:07:41,2633.3321
02:07:46,2646.8873
02:07:51,2660.4812
02:07:56,2674.5931
02:08:01,2688.1723
02:08:06,2702.1334
02:08:11,2715.8027
02:08:16,2729.6835
02:08:21,2743.9468
02:08:26,2757.7867
02:08:31,2772.4482
02:08:36,2786.7589
02:08:41,2801.0553
02:08:46,2815.2928
02:08:51,2829.8167
02:08:56,2844.9445
02:09:01,2860.135
02:09:06,2875.4723
02:09:11,2890.2265
02:09:16,2905.7077
02:09:21,2921.2612
02:09:26,2936.8328
02:09:31,2951.8824
02:09:36,2966.9227
02:09:41,2982.6524
02:09:46,2998.0677
02:09:51,3013.4979
02:09:56,3029.2995
02:10:01,3045.0993
02:10:06,3061.2617
02:10:11,3077.1871
02:10:16,3093.4807
02:10:21,3109.9748
02:10:26,3126.1936
02:10:31,3141.942
02:10:36,3158.5127
02:10:41,3174.9932
02:10:46,3191.0984
02:10:51,3207.543
02:10:56,3224.2943
02:11:01,3241.0114
02:11:06,3258.2833
02:11:11,3275.0525
02:11:16,3292.4909
02:11:21,3309.986
02:11:26,3326.8707
02:11:31,3344.1282
02:11:36,3361.6871
02:11:41,3378.7737
02:11:46,3396.1074
02:11:51,3413.525
02:11:56,3430.9323
02:12:01,3449.1679
02:12:06,3466.811
02:12:11,3484.3306
02:12:16,3502.1671
02:12:21,3520.174
02:12:26,3537.9638
02:12:31,3555.8093
02:12:36,3573.7767
02:12:41,3592.4634
02:12:46,3611.4335
02:12:51,3630.3425
02:12:56,3648.9946
02:13:01,3668.0659
02:13:06,3686.9319
02:13:11,3706.0041
02:13:16,3724.8731
02:13:21,3743.9494
02:13:26,3763.0291
02:13:31,3782.2947
02:13:36,3802.0737
02:13:41,3821.8425
02:13:46,3841.9724
02:13:51,3862.189
02:13:56,3882.4355
02:14:01,3902.3338
02:14:06,3921.9882
02:14:11,3942.4563
02:14:16,3962.3054
02:14:21,3982.6699
02:14:26,4003.1044
02:14:31,4023.5154
02:14:36,4044.0776
02:14:41,4065.2371
02:14:46,4086.2729
02:14:51,4107.1387
02:14:56,4128.4171
02:15:01,4149.5194
02:15:06,4170.8737
02:15:11,4192.8016
02:15:16,4214.1776
02:15:21,4235.6624
02:15:26,4257.018
02:15:31,4279.1305
02:15:36,4300.8846
02:15:41,4322.6321
02:15:46,4345.3274
02:15:51,4367.4444
02:15:56,4389.8376
02:16:01,4412.3397
02:16:06,4434.9201
02:16:11,4457.6922
02:16:16,4481.0441
02:16:21,4503.9407
02:16:26,4527.2883
02:16:31,4550.7404
02:16:36,4574.3433
02:16:41,4597.6175
02:16:46,4620.9328
02:16:51,4644.7896
02:16:56,4668.1356
02:17:01,4692.5248
02:17:06,4716.3422
02:17:11,4740.2653
02:17:16,4764.4659
02:17:21,4789.3717
02:17:26,4814.4
02:17:31,4839.208
02:17:36,4863.7079
02:17:41,4888.1446
02:17:46,4913.6428
02:17:51,4938.5169
02:17:56,4964.1217
02:18:01,4989.0978
02:18:06,5014.776
02:18:11,5040.017
02:18:16,5065.5731
02:18:21,5091.6272
02:18:26,5117.7502
02:18:31,5143.8889
02:18:36,5170.0164
02:18:41,5196.2442
02:18:46,5222.512
02:18:51,5249.5451
02:18:56,5276.4128
02:19:01,5303.3709
02:19:06,5330.6956
02:19:11,5358.2208
02:19:16,5385.7152
02:19:21,5413.2977
02:19:26,5440.9744
02:19:31,5469.053
02:19:36,5496.5312
02:19:41,5524.6163
02:19:46,5552.7335
02:19:51,5581.5563
02:19:56,5610.3523
02:20:01,5639.0678
02:20:06,5668.1332
02:20:11,5696.7585
02:20:16,5726.0488
02:20:21,5755.4457
02:20:26,5785.3102
02:20:31,5814.7771
02:20:36,5844.5789
02:20:41,5874.7408
02:20:46,5904.8053
02:20:51,5935.0172
02:20:56,5965.3175
02:21:01,5995.4121
02:21:06,6026.3124
02:21:11,6057.3866
02:21:16,6088.2965
02:21:21,6119.0104
02:21:26,6149.7409
02:21:31,6181.4407
02:21:36,6212.6048
02:21:41,6243.7831
02:21:46,6275.9632
02:21:51,6307.738
02:21:56,6340.2475
02:22:01,6372.3566
02:22:06,6404.7937
02:22:11,6437.506
02:22:16,6470.6349
02:22:21,6503.1989
02:22:26,6536.6626
02:22:31,6570.31
02:22:36,6603.5394
02:22:41,6637.0443
02:22:46,6671.1471
02:22:51,6705.4896
02:22:56,6739.3196
02:23:01,6773.2156
02:23:06,6807.5455
02:23:11,6842.1098
02:23:16,6876.4355
02:23:21,6911.721
02:23:26,6946.8964
02:23:31,6982.4259
02:23:36,7017.4417
02:23:41,7053.5635
02:23:46,7089.6082
02:23:51,7125.696
02:23:56,7162.2077
02:24:01,7198.7835
02:24:06,7235.0746
02:24:11,7271.4572
02:24:16,7308.5016
02:24:21,7345.1808
02:24:26,7382.9192
02:24:31,7420.3238
02:24:36,7458.3645
02:24:41,7495.8665
02:24:46,7534.3974
02:24:51,7572.5413
02:24:56,7610.754
02:25:01,7649.324
02:25:06,7688.3578
02:25:11,7727.6096
02:25:16,7767.3259
02:25:21,7806.7032
02:25:26,7845.8504
02:25:31,7885.5667
02:25:36,7925.3199
02:25:41,7966.0104
02:25:46,8005.9998
02:25:51,8046.8661
02:25:56,8087.8346
02:26:01,8128.9684
02:26:06,8170.0724
02:26:11,8211.6153
02:26:16,8253.0478
02:26:21,8295.1175
02:26:26,8337.0882
02:26:31,8379.4708
02:26:36,8422.4601
02:26:41,8465.1488
02:26:46,8508.2476
02:26:51,8551.4127
02:26:56,8595.1245
02:27:01,8638.3382
02:27:06,8682.0752
02:27:11,8726.5174
02:27:16,8771.1617
02:27:21,8815.4521
02:27:26,8859.6457
02:27:31,8904.6055
02:27:36,8949.7713
02:27:41,8995.4246
02:27:46,9041.1541
02:27:51,9087.339
02:27:56,9133.26
02:28:01,9179.7481
02:28:06,9226.7122
02:28:11,9273.342
02:28:16,9319.8448
02:28:21,9367.2282
02:28:26,9414.7714
02:28:31,9462.2213
02:28:36,9510.1378
02:28:41,9558.3954
02:28:46,9607.1703
02:28:51,9655.6119
02:28:56,9704.4123
02:29:01,9753.4105
02:29:06,9802.6556
02:29:11,9851.769
02:29:16,9901.9047
02:29:21,9951.5601
02:29:26,10001.8447
02:29:31,10052.5294
02:29:36,10103.5768
02:29:41,10154.5129
02:29:46,10206.2281
02:29:51,10258.275
02:29:56,10309.7496
02:30:01,10361.9894
02:30:06,10414.2205
02:30:11,10466.595
02:30:16,10519.7901
02:30:21,10573.4176
02:30:26,10627.3144
02:30:31,10681.3409
02:30:36,10735.5899
02:30:41,10789.4336
02:30:46,10844.2347
02:30:51,10899.5214
02:30:56,10954.1517
02:31:01,11009.2752
02:31:06,11064.9508
02:31:11,11120.7788
02:31:16,11176.5251
02:31:21,11233.0789
02:31:26,11289.5048
02:31:31,11346.4599
02:31:36,11403.4931
02:31:41,11461.6068
02:31:46,11519.6885
02:31:51,11578.1916
02:31:56,11636.8621
02:32:01,11695.6394
02:32:06,11755.0867
02:32:11,11814.3819
02:32:16,11874.2417
02:32:21,11933.7418
02:32:26,11994.4635
02:32:31,12054.7392
02:32:36,12115.7491
02:32:41,12177.0108
02:32:46,12238.7132
02:32:51,12300.7748
02:32:56,12363.35
02:33:01,12426.009
02:33:06,12488.5976
02:33:11,12551.6169
02:33:16,12615.1022
02:33:21,12678.4426
02:33:26,12742.3694
02:33:31,12807.1591
02:33:36,12872.23
02:33:41,12936.734
02:33:46,13001.645
02:33:51,13067.2419
02:33:56,13133.3142
02:34:01,13199.6388
02:34:06,13266.3124
02:34:11,13333.3448
02:34:16,13400.1586
02:34:21,13468.1872
02:34:26,13535.9361
02:34:31,13604.0581
02:34:36,13673.0988
02:34:41,13741.744
02:34:46,13811.072
02:34:51,13880.3103
02:34:56,13950.1049
02:35:01,14020.6704
02:35:06,14091.141
02:35:11,14161.8367
02:35:16,14233.17
02:35:21,14304.9454
02:35:26,14376.9549
02:35:31,14449.1623
02:35:36,14521.8334
02:35:41,14594.9188
02:35:46,14668.4757
02:35:51,14742.234
02:35:56,14816.9841
02:36:01,14891.5583
02:36:06,14967.092
02:36:11,15042.7106
02:36:16,15118.6081
02:36:21,15195.2676
02:36:26,15271.5357
02:36:31,15348.3738
02:36:36,15425.2168
02:36:41,15503.0957
02:36:46,15580.8177
02:36:51,15658.9004
02:36:56,15737.6586
02:37:01,15816.8896
02:37:06,15897.038
02:37:11,15976.9554
02:37:16,16057.4696
02:37:21,16138.7454
02:37:26,16219.6174
02:37:31,16301.673
02:37:36,16383.9066
02:37:41,16466.7738
02:37:46,16549.6267
02:37:51,16632.9043
02:37:56,16716.4913
02:38:01,16800.3743
02:38:06,16884.6575
02:38:11,16969.3963
02:38:16,17055.2073
02:38:21,17141.1259
02:38:26,17227.504
02:38:31,17313.8467
02:38:36,17400.7879
02:38:41,17488.5003
02:38:46,17576.395
02:38:51,17665.0081
02:38:56,17753.7602
02:39:01,17842.9819
02:39:06,17933.2819
02:39:11,18023.4847
02:39:16,18114.3416
02:39:21,18205.6828
02:39:26,18296.8244
02:39:31,18389.2468
02:39:36,18481.629
02:39:41,18575.0138
02:39:46,18668.597
02:39:51,18762.8792
02:39:56,18857.4615
02:40:01,18952.0777
02:40:06,19047.5218
02:40:11,19143.3359
02:40:16,19239.8449
02:40:21,19336.5503
02:40:26,19433.6099
02:40:31,19531.3339
02:40:36,19629.6881
02:40:41,19728.6081
02:40:46,19827.6819
02:40:51,19927.005
02:40:56,20027.2702
02:41:01,20128.0636
02:41:06,20228.8442
02:41:11,20330.4767
02:41:16,20432.8494
02:41:21,20535.8774
02:41:26,20639.0761
02:41:31,20742.6737
02:41:36,20847.2195
02:41:41,20952.4383
02:41:46,21057.4269
02:41:51,21163.4309
02:41:56,21270.3095
02:42:01,21376.8492
02:42:06,21483.9301
02:42:11,21592.3709
02:42:16,21700.5377
02:42:21,21809.5075
02:42:26,21918.8307
02:42:31,22029.0062
02:42:36,22139.9557
02:42:41,22250.9669
02:42:46,22362.3262
02:42:51,22474.9253
02:42:56,22587.6743
02:43:01,22701.3169
02:43:06,22815.3208
02:43:11,22930.0133
02:43:16,23045.0226
02:43:21,23161.2071
02:43:26,23277.692
02:43:31,23395.1495
02:43:36,23512.903
02:43:41,23630.8423
02:43:46,23749.2535
02:43:51,23868.985
02:43:56,23988.7286
02:44:01,24109.2354
02:44:06,24230.5114
02:44:11,24352.3347
02:44:16,24474.7102
02:44:21,24597.4383
02:44:26,24721.4364
02:44:31,24845.8412
02:44:36,24970.7882
02:44:41,25096.086
02:44:46,25222.6162
02:44:51,25349.3067
02:44:56,25476.7558
02:45:01,25604.7631
02:45:06,25733.3463
02:45:11,25862.9881
02:45:16,25992.4887
02:45:21,26123.4301
02:45:26,26254.3216
02:45:31,26386.0298
02:45:36,26518.632
02:45:41,26651.5202
02:45:46,26785.1283
02:45:51,26920.1126
02:45:56,27054.8826
02:46:01,27191.2427
02:46:06,27328.0585
02:46:11,27465.2994
02:46:16,27603.4978
02:46:21,27741.6324
02:46:26,27881.128
02:46:31,28021.5334
02:46:36,28162.6297
02:46:41,28303.8376
02:46:46,28445.6867
02:46:51,28588.644
02:46:56,28732.4938
02:47:01,28876.9784
02:47:06,29022.2738
02:47:11,29168.0806
02:47:16,29314.2913
02:47:21,29461.3808
02:47:26,29609.7292
02:47:31,29758.4892
02:47:36,29908.1099
02:47:41,30058.0808
02:47:46,30208.9252
02:47:51,30360.763
02:47:56,30513.2658
02:48:01,30666.4839
02:48:06,30820.9149
02:48:11,30975.7351
02:48:16,31131.6525
02:48:21,31287.758
02:48:26,31444.4055
02:48:31,31602.4432
02:48:36,31761.3
02:48:41,31920.4094
02:48:46,32080.1813
02:48:51,32241.2051
02:48:56,32403.3044
02:49:01,32566.1364
02:49:06,32729.956
02:49:11,32893.7328
02:49:16,33059.2677
02:49:21,33225.1228
02:49:26,33392.1099
02:49:31,33559.6345
02:49:36,33727.9925
02:49:41,33897.4193
02:49:46,34067.0428
02:49:51,34237.5507
02:49:56,34409.7368
02:50:01,34582.5097
02:50:06,34756.1731
02:50:11,34930.6924
02:50:16,35105.981
02:50:21,35282.0348
02:50:26,35458.6841
02:50:31,35636.1038
02:50:36,35814.9642
02:50:41,35995.0145
02:50:46,36175.534
02:50:51,36356.7719
02:50:56,36539.599
02:51:01,36722.6987
02:51:06,36907.2257
02:51:11,37092.2642
02:51:16,37278.7001
02:51:21,37466.1418
02:51:26,37654.0613
02:51:31,37843.0079
02:51:36,38032.9692
02:51:41,38223.6365
02:51:46,38415.8401
02:51:51,38608.674
02:51:56,38802.4378
02:52:01,38997.475
02:52:06,39193.036
02:52:11,39389.2423
02:52:16,39586.5863
02:52:21,39785.2918
02:52:26,39984.328
02:52:31,40185.0841
02:52:36,40386.2958
02:52:41,40589.0988
02:52:46,40792.9118
02:52:51,40997.4866
02:52:56,41202.8817
02:53:01,41409.348
02:53:06,41617.2846
02:53:11,41825.8528
02:53:16,42035.9
02:53:21,42246.347
02:53:26,42458.6763
02:53:31,42671.6742
02:53:36,42885.9737
02:53:41,43100.8248
02:53:46,43317.4028
02:53:51,43534.9948
02:53:56,43753.1571
02:54:01,43972.3863
02:54:06,44192.7457
02:54:11,44414.4703
02:54:16,44637.2173
02:54:21,44861.0447
02:54:26,45086.2944
02:54:31,45312.8165
02:54:36,45539.997
02:54:41,45768.3593
02:54:46,45997.978
02:54:51,46228.7204
02:54:56,46460.7556
02:55:01,46693.5563
02:55:06,46927.3161
02:55:11,47162.8987
02:55:16,47399.4875
02:55:21,47636.6888
02:55:26,47875.8655
02:55:31,48115.6846
02:55:36,48356.6532
02:55:41,48599.5306
02:55:46,48843.4742
02:55:51,49088.5637
02:55:56,49335.0552
02:56:01,49582.2856
02:56:06,49830.531
02:56:11,50080.5293
02:56:16,50331.8453
02:56:21,50584.0772
02:56:26,50837.1207
02:56:31,51091.7936
02:56:36,51348.2682
02:56:41,51605.7825
02:56:46,51864.7544
02:56:51,52124.2034
02:56:56,52385.1631
02:57:01,52648.0591
02:57:06,52911.8484
02:57:11,53176.7649
02:57:16,53442.8735
02:57:21,53710.5281
02:57:26,53980.1003
02:57:31,54250.6538
02:57:36,54522.0287
02:57:41,54795.2385
02:57:46,55069.584
02:57:51,55345.1224
02:57:56,55622.8446
02:58:01,55901.8406
02:58:06,56181.7726
02:58:11,56462.8451
02:58:16,56745.9464
02:58:21,57030.0048
02:58:26,57316.1635
02:58:31,57603.2262
02:58:36,57891.3776
02:58:41,58181.4804
02:58:46,58473.4299
02:58:51,58766.2703
02:58:56,59060.9455
02:59:01,59356.8952
02:59:06,59654.1654
02:59:11,59952.666
02:59:16,60253.4578
02:59:21,60555.2491
02:59:26,60858.8677
02:59:31,61163.7828
02:59:36,61469.7826
02:59:41,61777.5806
02:59:46,62087.505
02:59:51,62398.3134
02:59:56,62710.8059
03:00:01,63025.124
03:00:06,63340.4514
03:00:11,63658.1614
03:00:16,63977.4615
03:00:21,64298.2208
03:00:26,64620.7316
03:00:31,64944.8218
03:00:36,65270.3986
03:00:41,65597.3249
03:00:46,65926.2237
03:00:51,66255.9964
03:00:56,66588.1986
03:01:01,66921.8418
03:01:06,67256.7458
03:01:11,67593.93
03:01:16,67932.3574
03:01:21,68273.1123
03:01:26,68615.3086
03:01:31,68959.4033
03:01:36,69304.3545
03:01:41,69651.149
03:01:46,69999.5957
03:01:51,70349.9708
03:01:56,70701.9432
03:02:01,71055.8644
03:02:06,71411.3821
03:02:11,71768.7038
03:02:16,72128.3733
03:02:21,72490.0707
03:02:26,72853.3075
03:02:31,73217.9165
03:02:36,73584.1725
03:02:41,73952.2359
03:02:46,74322.4885
03:02:51,74694.55
03:02:56,75068.8677
03:03:01,75444.7717
03:03:06,75822.1802
03:03:11,76202.2467
03:03:16,76583.749
03:03:21,76967.6801
03:03:26,77352.8207
03:03:31,77739.9171
03:03:36,78129.3268
03:03:41,78520.2208
03:03:46,78913.1696
03:03:51,79308.5142
03:03:56,79705.2416
03:04:01,80104.1414
03:04:06,80504.9096
03:04:11,80907.5557
03:04:16,81312.939
03:04:21,81720.5734
03:04:26,82129.4632
03:04:31,82540.4013
03:04:36,82953.434
03:04:41,83369.1315
03:04:46,83786.2908
03:04:51,84205.4473
03:04:56,84627.178
03:05:01,85051.3063
03:05:06,85476.9832
03:05:11,85904.6199
03:05:16,86334.6033
03:05:21,86766.6639
03:05:26,87200.9893
03:05:31,87637.2756
03:05:36,88076.1401
03:05:41,88517.1396
03:05:46,88959.9668
03:05:51,89405.64
03:05:56,89852.7764
03:06:01,90302.8185
03:06:06,90755.3284
03:06:11,91209.7704
03:06:16,91666.0495
03:06:21,92124.9092
03:06:26,92585.8029
03:06:31,93049.4301
03:06:36,93515.3938
03:06:41,93983.4793
03:06:46,94454.4422
03:06:51,94927.7168
03:06:56,95402.634
03:07:01,95880.6588
03:07:06,96360.7796
03:07:11,96843.209
03:07:16,97328.4558
03:07:21,97815.9819
03:07:26,98305.9573
03:07:31,98798.2325
03:07:36,99292.978
03:07:41,99790.0418
03:07:46,100289.1244
03:07:51,100791.3786
03:07:56,101296.3828
03:08:01,101803.8968
03:08:06,102313.8104
03:08:11,102825.5737
03:08:16,103340.369
03:08:21,103857.348
03:08:26,104377.1851
03:08:31,104899.8527
03:08:36,105424.7109
03:08:41,105952.3234
03:08:46,106482.6649
03:08:51,107015.2716
03:08:56,107550.9678
03:09:01,108089.2257
03:09:06,108630.5699
03:09:11,109174.5223
03:09:16,109721.2128
03:09:21,110270.1248
03:09:26,110821.6251
03:09:31,111376.7666
03:09:36,111933.843
03:09:41,112494.2692
03:09:46,113057.409
03:09:51,113623.3435
03:09:56,114191.8595
03:10:01,114763.0132
03:10:06,115337.32
03:10:11,115914.5743
03:10:16,116495.1618
03:10:21,117078.6978
03:10:26,117664.8756
03:10:31,118254.1651
03:10:36,118846.1886
03:10:41,119441.1293
03:10:46,120038.4475
03:10:51,120639.7015
03:10:56,121243.2712
03:11:01,121849.7938
03:11:06,122459.9352
03:11:11,123072.3367
03:11:16,123688.2664
03:11:21,124307.5855
03:11:26,124930.1093
03:11:31,125555.2613
03:11:36,126183.4585
03:11:41,126814.9331
03:11:46,127449.4039
03:11:51,128087.7125
03:11:56,128729.0233
03:12:01,129372.8072
03:12:06,130020.6011
03:12:11,130671.7998
03:12:16,131325.6244
03:12:21,131982.54
03:12:26,132642.7109
03:12:31,133307.0098
03:12:36,133974.4189
03:12:41,134645.2195
03:12:46,135318.5609
03:12:51,135996.0507
03:12:56,136676.9009
03:13:01,137360.7231
03:13:06,138048.4318
03:13:11,138739.4825
03:13:16,139433.447
03:13:21,140131.6992
03:13:26,140833.0413
03:13:31,141537.9578
03:13:36,142246.546
03:13:41,142957.9566
03:13:46,143673.2544
03:13:51,144392.3388
03:13:56,145115.1906
03:14:01,145841.1005
03:14:06,146571.3858
03:14:11,147305.1708
03:14:16,148042.1505
03:14:21,148782.6254
03:14:26,149526.9025
03:14:31,150275.1308
03:14:36,151027.3526
03:14:41,151782.7132
03:14:46,152541.9289
03:14:51,153304.8615
03:14:56,154072.3488
03:15:01,154842.9497
03:15:06,155617.3363
03:15:11,156396.3506
03:15:16,157179.1339
03:15:21,157966.0731
03:15:26,158756.4228
03:15:31,159551.0013
03:15:36,160348.9998
03:15:41,161151.204
03:15:46,161957.2558
03:15:51,162768.1231
03:15:56,163582.8219
03:16:01,164401.2771
03:16:06,165224.057
03:16:11,166050.967
03:16:16,166881.4892
03:16:21,167716.5535
03:16:26,168555.7617
03:16:31,169398.8709
03:16:36,170246.3375
03:16:41,171098.1768
03:16:46,171954.4343
03:16:51,172815.0206
03:16:56,173679.5779
03:17:01,174548.1578
03:17:06,175421.1855
03:17:11,176298.3999
03:17:16,177180.54
03:17:21,178067.2195
03:17:26,178958.6391
03:17:31,179854.3225
03:17:36,180754.6109
03:17:41,181658.963
03:17:46,182567.7512
03:17:51,183481.4422
03:17:56,184399.3454
03:18:01,185322.3259
03:18:06,186249.0663
03:18:11,187180.5324
03:18:16,188116.6529
03:18:21,189057.7906
03:18:26,190003.6519
03:18:31,190953.8804
03:18:36,191909.1376
03:18:41,192869.2556
03:18:46,193833.9016
03:18:51,194803.2236
03:18:56,195778.0645
03:19:01,196757.3078
03:19:06,197742.0513
03:19:11,198731.7463
03:19:16,199725.7122
03:19:21,200725.1678
03:19:26,201728.9338
03:19:31,202738.2514
03:19:36,203752.2734
03:19:41,204771.755
03:19:46,205795.7756
03:19:51,206825.2541
03:19:56,207860.044
03:20:01,208900.1767
03:20:06,209945.4448
03:20:11,210995.4102
03:20:16,212050.7502
03:20:21,213111.193
03:20:26,214177.3392
03:20:31,215248.5905
03:20:36,216325.7109
03:20:41,217408.4151
03:20:46,218496.2428
03:20:51,219589.8236
03:20:56,220688.5666
03:21:01,221792.4696
03:21:06,222902.4517
03:21:11,224017.9634
03:21:16,225138.3821
03:21:21,226264.6771
03:21:26,227397.0114
03:21:31,228534.7495
03:21:36,229678.064
03:21:41,230827.2455
03:21:46,231981.7947
03:21:51,233142.5957
03:21:56,234309.2939
03:22:01,235481.3757
03:22:06,236659.678
03:22:11,237843.2359
03:22:16,239033.4246
03:22:21,240229.4027
03:22:26,241431.3778
03:22:31,242639.6332
03:22:36,243853.8624
03:22:41,245073.9185
03:22:46,246300.3199
03:22:51,247532.8921
03:22:56,248771.5391
03:23:01,250015.5436
03:23:06,251266.0895
03:23:11,252522.6126
03:23:16,253785.7343
03:23:21,255054.8848
03:23:26,256330.8438
03:23:31,257612.6308
03:23:36,258901.1009
03:23:41,260195.8059
03:23:46,261497.6037
03:23:51,262805.8801
03:23:56,264120.1611
03:24:01,265441.3946
03:24:06,266769.3279
03:24:11,268104.1662
03:24:16,269445.7728
03:24:21,270793.9162
03:24:26,272148.2777
03:24:31,273509.2116
03:24:36,274877.1469
03:24:41,276251.8451
03:24:46,277634.1909
03:24:51,279022.5797
03:24:56,280417.9718
03:25:01,281820.7171
03:25:06,283230.7342
03:25:11,284647.3525
03:25:16,286071.3395
03:25:21,287502.119
03:25:26,288940.4915
03:25:31,290386.1819
03:25:36,291838.2438
03:25:41,293298.4215
03:25:46,294765.5764
03:25:51,296240.4566
03:25:56,297722.61
03:26:01,299212.2449
03:26:06,300709.2158
03:26:11,302213.4769
03:26:16,303725.3243
03:26:21,305244.2991
03:26:26,306771.5205
03:26:31,308305.9793
03:26:36,309848.2547
03:26:41,311397.7334
03:26:46,312955.7069
03:26:51,314520.9079
03:26:56,316094.504
03:27:01,317675.8529
03:27:06,319265.017
03:27:11,320862.3417
03:27:16,322466.8915
03:27:21,324080.2804
03:27:26,325701.4448
03:27:31,327330.798
03:27:36,328968.0505
03:27:41,330613.5838
03:27:46,332267.5279
03:27:51,333929.6494
03:27:56,335599.4307
03:28:01,337277.6886
03:28:06,338965.098
03:28:11,340660.8666
03:28:16,342365.2144
03:28:21,344078.0982
03:28:26,345798.961
03:28:31,347528.8382
03:28:36,349267.5002
03:28:41,351014.7795
03:28:46,352769.9537
03:28:51,354534.6316
03:28:56,356308.3725
03:29:01,358090.8458
03:29:06,359882.1808
03:29:11,361682.136
03:29:16,363491.5679
03:29:21,365309.8245
03:29:26,367137.1643
03:29:31,368973.6828
03:29:36,370819.0043
03:29:41,372673.6265
03:29:46,374537.9142
03:29:51,376411.4258
03:29:56,378294.3355
03:30:01,380186.2086
03:30:06,382087.3021
03:30:11,383998.0423
03:30:16,385918.8684
03:30:21,387848.5937
03:30:26,389788.6004
03:30:31,391737.8455
03:30:36,393697.0252
03:30:41,395665.7219
03:30:46,397644.9135
03:30:51,399633.6402
03:30:56,401632.8243
03:31:01,403641.4188
03:31:06,405660.0596
03:31:11,407688.7831
03:31:16,409727.5268
03:31:21,411776.3534
03:31:26,413835.7166
03:31:31,415905.6738
03:31:36,417985.8761
03:31:41,420076.459
03:31:46,422177.1453
03:31:51,424289.0788
03:31:56,426410.839
03:32:01,428543.2601
03:32:06,430686.3375
03:32:11,432840.8634
03:32:16,435005.3779
03:32:21,437180.7262
03:32:26,439367.5503
03:32:31,441565.2026
03:32:36,443773.653
03:32:41,445992.9974
03:32:46,448223.6426
03:32:51,450465.365
03:32:56,452718.0491
03:33:01,454981.911
03:33:06,457257.7277
03:33:11,459544.319
03:33:16,461842.3936
03:33:21,464152.2282
03:33:26,466473.8435
03:33:31,468806.4325
03:33:36,471151.3735
03:33:41,473507.9852
03:33:46,475875.8721
03:33:51,478255.7324
03:33:56,480647.6257
03:34:01,483051.363
03:34:06,485467.2486
03:34:11,487895.4561
03:34:16,490335.1154
03:34:21,492787.2406
03:34:26,495251.5614
03:34:31,497728.7462
03:34:36,500218.4595
03:34:41,502719.8591
03:34:46,505234.0885
03:34:51,507761.111
03:34:56,510300.9629
03:35:01,512853.2368
03:35:06,515418.3538
03:35:11,517996.3203
03:35:17,520586.8914
03:35:22,523190.5146
03:35:27,525807.0194
03:35:32,528437.027
03:35:37,531080.2744
03:35:42,533736.6894
03:35:47,536406.4397
03:35:52,539088.6024
03:35:57,541784.9495
03:36:02,544494.8688
03:36:07,547218.0492
03:36:12,549954.4725
03:36:17,552704.4744
03:36:22,555468.4726
03:36:27,558246.1143
03:36:32,561037.6599
03:36:37,563843.1811
03:36:42,566662.5759
03:36:47,569496.4511
03:36:52,572344.0733
03:36:57,575206.3216
03:37:02,578083.2027
03:37:07,580973.9981
03:37:12,583879.8953
03:37:17,586800.3538
03:37:22,589734.6393
03:37:27,592684.0874
03:37:32,595647.711
03:37:37,598626.9077
03:37:42,601620.8334
03:37:47,604629.2146
03:37:52,607652.6806
03:37:57,610691.4857
03:38:02,613745.6625
03:38:07,616814.6853
03:38:12,619899.7403
03:38:17,623000.0858
03:38:22,626116.0447
03:38:27,629247.4984
03:38:32,632394.6041
03:38:37,635556.9468
03:38:42,638735.6008
03:38:47,641929.9783
03:38:52,645140.6877
03:38:57,648366.5737
03:39:02,651609.4878
03:39:07,654868.168
03:39:12,658142.7935
03:39:17,661434.2912
03:39:22,664741.7308
03:39:27,668065.7456
03:39:32,671407.1648
03:39:37,674764.3917
03:39:42,678138.9978
03:39:47,681530.6895
03:39:52,684938.9108
03:39:57,688364.5338
03:40:02,691807.2791
03:40:07,695266.6186
03:40:12,698743.8517
03:40:17,702238.1593
03:40:22,705749.4946
03:40:27,709278.38
03:40:32,712825.5556
03:40:37,716390.3226
03:40:42,719972.7331
03:40:47,723573.3365
03:40:52,727191.4021
03:40:57,730827.6494
03:41:02,734482.2443
03:41:07,738155.0847
03:41:12,741846.8802
03:41:17,745556.246
03:41:22,749284.9854
03:41:27,753031.9676
03:41:32,756798.0606
03:41:37,760582.4962
03:41:42,764386.0362
03:41:47,768208.5267
03:41:52,772050.4074
03:41:57,775911.3935
03:42:02,779791.86
03:42:07,783691.6091
03:42:12,787610.6396
03:42:17,791548.8005
03:42:22,795507.2714
03:42:27,799485.8625
03:42:32,803483.7279
03:42:37,807501.9907
03:42:42,811540.0993
03:42:47,815598.8787
03:42:52,819677.2859
03:42:57,823776.7195
03:43:02,827895.9815
03:43:07,832036.2017
03:43:12,836196.4871
03:43:17,840378.3278
03:43:22,844580.3808
03:43:27,848803.7076
03:43:32,853048.8111
03:43:37,857314.2084
03:43:42,861601.5783
03:43:47,865910.0362
03:43:52,870239.8465
03:43:57,874591.297
03:44:02,878964.5315
03:44:07,883360.4498
03:44:12,887777.7549
03:44:17,892217.1339
03:44:22,896678.9682
03:44:27,901163.1081
03:44:32,905669.17
03:44:37,910198.4931
03:44:42,914750.3669
03:44:47,919325.185
03:44:52,923922.3329
03:44:57,928542.7734
03:45:02,933186.1608
03:45:07,937852.951
03:45:12,942542.9623
03:45:17,947256.116
03:45:22,951993.3577
03:45:27,956753.5199
03:45:32,961538.0195
03:45:37,966346.024
03:45:42,971178.7615
03:45:47,976034.7592
03:45:52,980915.8587
03:45:57,985821.3144
03:46:02,990750.8221
03:46:07,995705.4672
03:46:12,1000684.5392
03:46:17,1005688.0807
03:46:22,1010717.1148
03:46:27,1015771.0093
03:46:32,1020850.5816
03:46:37,1025955.8629
03:46:42,1031086.47
03:46:47,1036242.7995
03:46:52,1041424.1694
03:46:57,1046632.1576
03:47:02,1051866.2567
03:47:07,1057125.8941
03:47:12,1062411.8147
03:47:17,1067724.4962
03:47:22,1073063.962
03:47:27,1078429.8177
03:47:32,1083822.516
03:47:37,1089241.9151
03:47:42,1094688.6896
03:47:47,1100162.6127
03:47:52,1105663.9445
03:47:57,1111193.2031
03:48:02,1116749.9705
03:48:07,1122334.6828
03:48:12,1127946.507
03:48:17,1133586.7617
03:48:22,1139254.8786
03:48:27,1144951.3178
03:48:32,1150677.1595
03:48:37,1156430.7252
03:48:42,1162213.5614
03:48:47,1168025.0763
03:48:52,1173865.6376
03:48:57,1179735.6247
03:49:02,1185634.9069
03:49:07,1191563.3419
03:49:12,1197521.4024
03:49:17,1203509.7877
03:49:22,1209528.1526
03:49:27,1215576.3125
03:49:32,1221655.1024
03:49:37,1227764.1795
03:49:42,1233903.9931
03:49:47,1240074.0287
03:49:52,1246275.3043
03:49:57,1252507.2813
03:50:02,1258770.5581
03:50:07,1265065.4835
03:50:12,1271391.1021
03:50:17,1277748.2454
03:50:22,1284137.7225
03:50:27,1290559.4506
03:50:32,1297013.2132
03:50:37,1303498.3856
03:50:42,1310016.7477
03:50:47,1316567.7855
03:50:52,1323151.3295
03:50:57,1329767.4032
03:51:02,1336416.5769
03:51:07,1343099.3438
03:51:12,1349815.6306
03:51:17,1356565.2184
03:51:22,1363348.7519
03:51:27,1370165.8136
03:51:32,1377017.1333
03:51:37,1383903.0704
03:51:42,1390823.3244
03:51:47,1397778.1732
03:51:52,1404768.1395
03:51:57,1411792.156
03:52:02,1418851.3034
03:52:07,1425946.2506
03:52:12,1433076.3151
03:52:17,1440242.5091
03:52:22,1447443.9389
03:52:27,1454682.2419
03:52:32,1461956.6517
03:52:37,1469267.0695
03:52:42,1476613.5572
03:52:47,1483997.4277
03:52:52,1491418.1231
03:52:57,1498875.9604
03:53:02,1506371.2057
03:53:07,1513903.9388
03:53:12,1521473.5889
03:53:17,1529081.1383
03:53:22,1536726.6994
03:53:27,1544410.6739
03:53:32,1552132.8658
03:53:37,1559894.038
03:53:42,1567694.0545
03:53:47,1575532.6683
03:53:52,1583411.1443
03:53:57,1591328.4933
03:54:02,1599285.5996
03:54:07,1607282.5964
03:54:12,1615319.9666
03:54:17,1623397.5522
03:54:22,1631515.1298
03:54:27,1639673.6718
03:54:32,1647872.4696
03:54:37,1656112.7836
03:54:42,1664394.2053
03:54:47,1672716.3264
03:54:52,1681080.9962
03:54:57,1689487.1542
03:55:02,1697935.3464
03:55:07,1706425.297
03:55:12,1714957.5741
03:55:17,1723532.7594
03:55:22,1732150.9678
03:55:27,1740812.5909
03:55:32,1749516.9266
03:55:37,1758264.6827
03:55:42,1767056.8301
03:55:47,1775892.8789
03:55:52,1784773.3308
03:55:57,1793697.3633
03:56:02,1802666.7356
03:56:07,1811680.5342
03:56:12,1820739.8325
03:56:17,1829843.7894
03:56:22,1838993.7137
03:56:27,1848189.0937
03:56:32,1857430.6492
03:56:37,1866718.423
03:56:42,1876052.6502
03:56:47,1885433.299
03:56:52,1894860.954
03:56:57,1904336.1945
03:57:02,1913858.2932
03:57:07,1923428.2565
03:57:12,1933046.0964
03:57:17,1942711.8408
03:57:22,1952426.1279
03:57:27,1962188.8212
03:57:32,1972000.414
03:57:37,1981860.6385
03:57:42,1991770.8257
03:57:47,2001729.9159
03:57:52,2011738.7708
03:57:57,2021798.2543
03:58:02,2031907.7937
03:58:07,2042068.3376
03:58:12,2052278.8717
03:58:17,2062540.8417
03:58:22,2072853.8431
03:58:27,2083218.8562
03:58:32,2093635.7691
03:58:37,2104104.507
03:58:42,2114625.3652
03:58:47,2125199.0015
03:58:52,2135825.803
03:58:57,2146505.8449
03:59:02,2157238.5721
03:59:07,2168025.0582
03:59:12,2178866.2113
03:59:17,2189760.9296
03:59:22,2200710.5173
03:59:27,2211714.8867
03:59:32,2222773.6012
03:59:37,2233887.8066
03:59:42,2245058.0391
03:59:47,2256284.1596
03:59:52,2267566.3997
03:59:57,2278904.8728
04:00:02,2290299.6959
04:00:07,2301752.0484
04:00:12,2313260.9242
04:00:17,2324827.4834
04:00:22,2336452.6
04:00:27,2348135.9421
04:00:32,2359876.9908
04:00:37,2371676.7119
04:00:42,2383535.6164
04:00:47,2395453.7529
04:00:52,2407431.6656
04:00:57,2419469.2692
04:01:02,2431567.1445
04:01:07,2443725.9578
04:01:12,2455945.3593
04:01:17,2468225.4092
04:01:22,2480567.1936
04:01:27,2492970.7077
04:01:32,2505436.4334
04:01:37,2517963.7892
04:01:42,2530554.5515
04:01:47,2543207.7308
04:01:52,2555924.857
04:01:57,2568704.6881
04:02:02,2581549.0641
04:02:07,2594457.0678
04:02:12,2607430.2578
04:02:17,2620467.8538
04:02:22,2633570.3484
04:02:27,2646739.0345
04:02:32,2659973.6351
04:02:37,2673273.7063
04:02:42,2686640.3694
04:02:47,2700074.1676
04:02:52,2713575.0985
04:02:57,2727143.9131
04:03:02,2740780.5789
04:03:07,2754485.3965
04:03:12,2768258.4361
04:03:17,2782099.8709
04:03:22,2796010.7164
04:03:27,2809991.6462
04:03:32,2824042.322
04:03:37,2838163.1743
04:03:42,2852354.7538
04:03:47,2866617.3503
04:03:52,2880951.3896
04:03:57,2895356.6622
04:04:02,2909834.4756
04:04:07,2924384.0227
04:04:12,2939006.561
04:04:17,2953701.8625
04:04:22,2968471.1414
04:04:27,2983314.2304
04:04:32,2998231.5364
04:04:37,3013223.7271
04:04:42,3028290.779
04:04:47,3043432.7864
04:04:52,3058650.8252
04:04:57,3073944.4018
04:05:02,3089314.92
04:05:07,3104761.9924
04:05:12,3120286.3707
04:05:17,3135888.6388
04:05:22,3151568.5371
04:05:27,3167327.0467
04:05:32,3183164.4063
04:05:37,3199081.1981
04:05:42,3215077.4085
04:05:47,3231152.9299
04:05:52,3247309.3683
04:05:57,3263546.5119
04:06:02,3279864.7687
04:06:07,3296264.569
04:06:12,3312746.3424
04:06:17,3329310.9045
04:06:22,3345958.4056
04:06:27,3362688.6755
04:06:32,3379502.7048
04:06:37,3396400.6046
04:06:42,3413383.5949
04:06:47,3430450.7777
04:06:52,3447603.691
04:06:57,3464842.7298
04:07:02,3482167.94
04:07:07,3499578.9307
04:07:12,3517077.4683
04:07:17,3534663.315
04:07:22,3552337.0703
04:07:27,3570099.1249
04:07:32,3587950.3264
04:07:37,3605890.504
04:07:42,3623921.0484
04:07:47,3642041.2969
04:07:52,3660251.8842
04:07:57,3678554.0718
04:08:02,3696947.4465
04:08:07,3715432.8917
04:08:12,3734010.4131
04:08:17,3752681.4212
04:08:22,3771445.033
04:08:27,3790303.3486
04:08:32,3809255.3375
04:08:37,3828302.6382
04:08:42,3847444.686
04:08:47,3866682.7153
04:08:52,3886016.5861
04:08:57,3905447.4987
04:09:02,3924975.4251
04:09:07,3944601.0857
04:09:12,3964324.2655
04:09:17,3984146.4307
04:09:22,4004068.0432
04:09:27,4024088.8384
04:09:32,4044209.8892
04:09:37,4064431.8798
04:09:42,4084754.8197
04:09:47,4105179.4833
04:09:52,4125706.4086
04:09:57,4146336.0383
04:10:02,4167067.9292
04:10:07,4187903.7035
04:10:12,4208843.8022
04:10:17,4229888.8945
04:10:22,4251039.3405
04:10:27,4272295.1335
04:10:32,4293656.7904
04:10:37,4315126.0282
04:10:42,4336702.582
04:10:47,4358386.6392
04:10:52,4380178.9312
04:10:57,4402080.591
04:11:02,4424091.3741
04:11:07,4446212.0778
04:11:12,4468443.4324
04:11:17,4490786.181
04:11:22,4513240.2916
04:11:27,4535806.7805
04:11:32,4558486.0017
04:11:37,4581278.7328
04:11:42,4604185.7249
04:11:47,4627206.9406
04:11:52,4650343.2895
04:11:57,4673595.7765
04:12:02,4696964.7608
04:12:07,4720450.1468
04:12:12,4744053.192
04:12:17,4767773.7689
04:12:22,4791613.458
04:12:27,4815571.6958
04:12:32,4839649.7559
04:12:37,4863848.173
04:12:42,4888167.7555
04:12:47,4912609.6923
04:12:52,4937173.7605
04:12:57,4961860.6635
04:13:02,4986670.2378
04:13:07,5011604.3521
04:13:12,5036663.1926
04:13:17,5061846.9597
04:13:22,5087156.5103
04:13:27,5112592.5354
04:13:32,5138155.9169
04:13:37,5163847.314
04:13:42,5189666.8383
04:13:47,5215616.0193
04:13:52,5241695.044
04:13:57,5267904.2834
04:14:02,5294244.2344
04:14:07,5320716.4737
04:14:12,5347321.1022
04:14:17,5374058.1599
04:14:22,5400929.0532
04:14:27,5427934.3135
04:14:32,5455074.6415
04:14:37,5482351.0868
04:14:42,5509763.934
04:14:47,5537313.4891
04:14:52,5565000.8443
04:14:57,5592826.1972
04:15:02,5620790.4546
04:15:07,5648894.6156
04:15:12,5677139.6398
04:15:17,5705526.2181
04:15:22,5734054.2659
04:15:27,5762725.5627
04:15:32,5791539.3886
04:15:37,5820497.6996
04:15:42,5849600.9976
04:15:47,5878849.5264
04:15:52,5908244.6946
04:15:57,5937786.0281
04:16:02,5967475.5708
04:16:07,5997313.0794
04:16:12,6027299.7658
04:16:17,6057437.3096
04:16:22,6087725.5491
04:16:27,6118164.3363
04:16:32,6148756.216
04:16:37,6179500.6615
04:16:42,6210399.0011
04:16:47,6241451.9846
04:16:52,6272660.2837
04:16:57,6304024.054
04:17:02,6335544.7729
04:17:07,6367223.0899
04:17:12,6399059.3817
04:17:17,6431055.7541
04:17:22,6463211.7404
04:17:27,6495528.4799
04:17:32,6528006.8393
04:17:37,6560647.5087
04:17:42,6593451.6347
04:17:47,6626419.6515
04:17:52,6659552.1774
04:17:57,6692850.291
04:18:02,6726314.9976
04:18:07,6759947.3324
04:18:12,6793747.8972
04:18:17,6827717.0293
04:18:22,6861856.2189
04:18:27,6896166.3285
04:18:32,6930647.3623
04:18:37,6965301.326
04:18:42,7000128.0597
04:18:47,7035129.1185
04:18:52,7070304.9187
04:18:57,7105656.9056
04:19:02,7141185.3054
04:19:07,7176891.9606
04:19:12,7212777.3253
04:19:17,7248842.1523
04:19:22,7285087.3004
04:19:27,7321513.3468
04:19:32,7358121.1026
04:19:37,7394912.3488
04:19:42,7431887.8834
04:19:47,7469048.3937
04:19:52,7506394.3308
04:19:57,7543926.9511
04:20:02,7581646.7805
04:20:07,7619555.2319
04:20:12,7657653.6068
04:20:17,7695942.9412
04:20:22,7734423.425
04:20:27,7773096.0741
04:20:32,7811961.8469
04:20:37,7851021.8167
04:20:42,7890277.8673
04:20:47,7929729.8036
04:20:52,7969379.4216
04:20:57,8009226.555
04:21:02,8049273.7782
04:21:07,8089520.342
04:21:12,8129968.463
04:21:17,8170618.7388
04:21:22,8211472.8499
04:21:27,8252531.2214
04:21:32,8293794.5644
04:21:37,8335263.7494
04:21:42,8376940.8375
04:21:47,8418826.4371
04:21:52,8460921.2108
04:21:57,8503225.9368
04:22:02,8545742.7333
04:22:07,8588472.2255
04:22:12,8631414.9063
04:22:17,8674572.7268
04:22:22,8717946.4701
04:22:27,8761536.912
04:22:32,8805345.5719
04:22:37,8849372.782
04:22:42,8893619.7775
04:22:47,8938088.7822
04:22:52,8982779.6022
04:22:57,9027693.6957
04:23:02,9072833.0417
04:23:07,9118198.1269
04:23:12,9163790.0499
04:23:17,9209609.7268
04:23:22,9255657.9811
04:23:27,9301936.6015
04:23:32,9348446.4022
04:23:37,9395189.4255
04:23:42,9442166.0194
04:23:47,9489377.5875
04:23:52,9536824.6446
04:23:57,9584509.142
04:24:02,9632431.9903
04:24:07,9680594.2539
04:24:12,9728998.0005
04:24:17,9777643.8835
04:24:22,9826533.0287
04:24:27,9875666.1811
04:24:32,9925045.3947
04:24:37,9974671.4947
04:24:42,1.0024545344E7
04:24:47,1.00746685186E7
04:24:52,1.01250424477E7
04:24:57,1.01756684387E7
04:25:02,1.02265475052E7
04:25:07,1.02776811582E7
04:25:12,1.0329070183E7
04:25:17,1.03807162452E7
04:25:22,1.04326204753E7
04:25:27,1.04847841309E7
04:25:32,1.05372082874E7
04:25:37,1.058989515E7
04:25:42,1.06428454117E7
04:25:47,1.06960606058E7
04:25:52,1.07495414175E7
04:25:57,1.08032894275E7
04:26:02,1.08573066288E7
04:26:07,1.09115941622E7
04:26:12,1.09661529318E7
04:26:17,1.10209844723E7
04:26:22,1.10760904316E7
04:26:27,1.1131471491E7
04:26:32,1.11871294665E7
04:26:37,1.12430655474E7
04:26:42,1.12992812416E7
04:26:47,1.13557787364E7
04:26:52,1.14125579904E7
04:26:57,1.14696218283E7
04:27:02,1.15269703107E7
04:27:07,1.15846053645E7
04:27:12,1.16425290272E7
04:27:17,1.17007419598E7
04:27:22,1.1759246547E7
04:27:27,1.1818043349E7
04:27:32,1.18771338268E7
04:27:37,1.19365205788E7
04:27:42,1.19962032939E7
04:27:47,1.20561847826E7
04:27:52,1.21164664333E7
04:27:57,1.21770490335E7
04:28:02,1.22379344015E7
04:28:07,1.2299124316E7
04:28:12,1.23606203749E7
04:28:17,1.24224242224E7
04:28:22,1.24845372268E7
04:28:27,1.25469604989E7
04:28:32,1.26096956389E7
04:28:37,1.26727451131E7
04:28:42,1.27361096959E7
04:28:47,1.27997912603E7
04:28:52,1.28637908343E7
04:28:57,1.29281107957E7
04:29:02,1.29927514501E7
04:29:07,1.30577162027E7
04:29:12,1.31230054751E7
04:29:17,1.31886212288E7
04:29:22,1.32545644946E7
04:29:27,1.33208377211E7
04:29:32,1.33874421683E7
04:29:37,1.34543803271E7
04:29:42,1.35216525483E7
04:29:47,1.35892614087E7
04:29:52,1.3657208725E7
04:29:57,1.3725495118E7
04:30:02,1.37941230843E7
04:30:07,1.3863094501E7
04:30:12,1.39324101985E7
04:30:17,1.40020728153E7
04:30:22,1.40720836917E7
04:30:27,1.41424450662E7
04:30:32,1.42131576197E7
04:30:37,1.42842244076E7
04:30:42,1.43556456303E7
04:30:47,1.44274242601E7
04:30:52,1.4499561749E7
04:30:57,1.45720603529E7
04:31:02,1.4644921028E7
04:31:07,1.4718146256E7
04:31:12,1.47917376305E7
04:31:17,1.48656969667E7
04:31:22,1.49400256562E7
04:31:27,1.50147261604E7
04:31:32,1.50898001493E7
04:31:37,1.51652494512E7
04:31:42,1.52410761467E7
04:31:47,1.5317282412E7
04:31:52,1.53938698025E7
04:31:57,1.54708393035E7
04:32:02,1.55481945628E7
04:32:08,1.56259360613E7
04:32:13,1.57040663981E7
04:32:18,1.57825872843E7
04:32:23,1.58615004897E7
04:32:28,1.59408082162E7
04:32:33,1.60205124048E7
04:32:38,1.61006154977E7
04:32:43,1.61811189019E7
04:32:48,1.6262025015E7
04:32:53,1.63433360848E7
04:32:58,1.64250530934E7
04:33:03,1.65071786336E7
04:33:08,1.65897152393E7
04:33:13,1.66726640994E7
04:33:18,1.67560280093E7
04:33:23,1.68398087506E7
04:33:28,1.69240088084E7
04:33:33,1.70086294352E7
04:33:38,1.70936736784E7
04:33:43,1.71791421857E7
04:33:48,1.72650382835E7
04:33:53,1.73513638961E7
04:33:58,1.74381216257E7
04:34:03,1.75253125883E7
04:34:08,1.76129397113E7
04:34:13,1.77010046248E7
04:34:18,1.77895098795E7
04:34:23,1.78784576026E7
04:34:28,1.79678506925E7
04:34:33,1.80576909254E7
04:34:38,1.81479799055E7
04:34:43,1.82387205171E7
04:34:48,1.8329914989E7
04:34:53,1.84215648421E7
04:34:58,1.8513673528E7
04:35:03,1.86062423882E7
04:35:08,1.86992737084E7
04:35:13,1.87927707215E7
04:35:18,1.88867347569E7
04:35:23,1.89811687327E7
04:35:28,1.90760753023E7
04:35:33,1.91714560208E7
04:35:38,1.92673141238E7
04:35:43,1.93636512116E7
04:35:48,1.94604702872E7
04:35:53,1.95577731748E7
04:35:58,1.96555621566E7
04:36:03,1.97538405389E7
04:36:08,1.98526106056E7
04:36:13,1.99518740894E7
04:36:18,2.005163435E7
04:36:23,2.01518933921E7
04:36:28,2.02526530447E7
04:36:33,2.03539167798E7
04:36:38,2.04556874486E7
04:36:43,2.05579662248E7
04:36:48,2.06607563285E7
04:36:53,2.07640609008E7
04:36:58,2.08678821296E7
04:37:03,2.09722219385E7
04:37:08,2.10770840525E7
04:37:13,2.11824699519E7
04:37:18,2.12883824082E7
04:37:23,2.13948246804E7
04:37:28,2.15017996065E7
04:37:33,2.16093097018E7
04:37:38,2.17173564824E7
04:37:43,2.18259436089E7
04:37:48,2.19350742731E7
04:37:53,2.20447500317E7
04:37:58,2.21549745162E7
04:38:03,2.22657502381E7
04:38:08,2.23770795263E7
04:38:13,2.24889659546E7
04:38:18,2.26014116165E7
04:38:23,2.27144191978E7
04:38:28,2.28279919801E7
04:38:33,2.29421322376E7
04:38:38,2.30568438299E7
04:38:43,2.31721286059E7
04:38:48,2.32879900189E7
04:38:53,2.34044300745E7
04:38:58,2.35214527339E7
04:39:03,2.3639060884E7
04:39:08,2.37572563518E7
04:39:13,2.3876042765E7
04:39:18,2.39954231309E7
04:39:23,2.41154006664E7
04:39:28,2.423597787E7
04:39:33,2.43571586277E7
04:39:38,2.44789451033E7
04:39:43,2.46013399789E7
04:39:48,2.47243469033E7
04:39:53,2.484796971E7
04:39:58,2.49722103354E7
04:40:03,2.50970723247E7
04:40:08,2.52225587233E7
04:40:13,2.53486717566E7
04:40:18,2.54754160076E7
04:40:23,2.56027939519E7
04:40:28,2.57308086191E7
04:40:33,2.58594637095E7
04:40:38,2.59887618853E7
04:40:43,2.61187061121E7
04:40:48,2.62493000172E7
04:40:53,2.63805475134E7
04:40:58,2.6512451129E7
04:41:03,2.6645013559E7
04:41:08,2.67782392611E7
04:41:13,2.69121315485E7
04:41:18,2.70466925648E7
04:41:23,2.71819264503E7
04:41:28,2.73178367702E7
04:41:33,2.74544266114E7
04:41:38,2.75916993911E7
04:41:43,2.77296585225E7
04:41:48,2.78683076892E7
04:41:53,2.80076502001E7
04:41:58,2.81476887275E7
04:42:03,2.82884273844E7
04:42:08,2.84298697262E7
04:42:13,2.85720195568E7
04:42:18,2.87148805475E7
04:42:23,2.88584555443E7
04:42:28,2.90027479365E7
04:42:33,2.91477621608E7
04:42:38,2.92935015762E7
04:42:43,2.94399694849E7
04:42:48,2.95871701939E7
04:42:53,2.97351069392E7
04:42:58,2.98837826905E7
04:43:03,3.00332026926E7
04:43:08,3.01833697727E7
04:43:13,3.03342871032E7
04:43:18,3.04859594212E7
04:43:23,3.06383897074E7
04:43:28,3.07915825269E7
04:43:33,3.09455411109E7
04:43:38,3.11002698222E7
04:43:43,3.12557714599E7
04:43:48,3.14120510972E7
04:43:53,3.1569111737E7
04:43:58,3.17269577084E7
04:44:03,3.18855926531E7
04:44:08,3.20450208798E7
04:44:13,3.22052470003E7
04:44:18,3.23662737454E7
04:44:23,3.2528106103E7
04:44:28,3.26907468449E7
04:44:33,3.28542015017E7
04:44:38,3.30184730801E7
04:44:43,3.31835655944E7
04:44:48,3.33494836186E7
04:44:53,3.35162317918E7
04:44:58,3.36838136274E7
04:45:03,3.3852232832E7
04:45:08,3.40214945725E7
04:45:13,3.41916021899E7
04:45:18,3.43625604678E7
04:45:23,3.45343739156E7
04:45:28,3.47070462506E7
04:45:33,3.4880581814E7
04:45:38,3.50549852006E7
04:45:43,3.52302610306E7
04:45:48,3.54064129705E7
04:45:53,3.55834459638E7
04:45:58,3.57613637009E7
04:46:03,3.59401706604E7
04:46:08,3.61198717566E7
04:46:13,3.63004717719E7
04:46:18,3.64819743282E7
04:46:23,3.66643848998E7
04:46:28,3.68477078857E7
04:46:33,3.70319473824E7
04:46:38,3.72171080979E7
04:46:43,3.74031944683E7
04:46:48,3.75902108013E7
04:46:53,3.77781625456E7
04:46:58,3.79670537317E7
04:47:03,3.81568896519E7
04:47:08,3.83476751006E7
04:47:13,3.85394136912E7
04:47:18,3.87321113048E7
04:47:23,3.89257728356E7
04:47:28,3.91204020511E7
04:47:33,3.93160045326E7
04:47:38,3.951258497E7
04:47:43,3.97101485355E7
04:47:48,3.99087000628E7
04:47:53,4.0108244584E7
04:47:58,4.03087866107E7
04:48:03,4.05103307411E7
04:48:08,4.07128831096E7
04:48:13,4.09164476855E7
04:48:18,4.11210300618E7
04:48:23,4.13266355077E7
04:48:28,4.15332692437E7
04:48:33,4.17409362862E7
04:48:38,4.19496419704E7
04:48:43,4.2159390968E7
04:48:48,4.23701888111E7
04:48:53,4.25820406232E7
04:48:58,4.27949510579E7
04:49:03,4.30089267849E7
04:49:08,4.32239717403E7
04:49:13,4.3440092143E7
04:49:18,4.36572934495E7
04:49:23,4.38755807028E7
04:49:28,4.40949596131E7
04:49:33,4.43154353438E7
04:49:38,4.45370131224E7
04:49:43,4.47596988971E7
04:49:48,4.49834980586E7
04:49:53,4.52084161924E7
04:49:58,4.54344590491E7
04:50:03,4.56616322933E7
04:50:08,4.58899413669E7
04:50:13,4.61193919369E7
04:50:18,4.63499890149E7
04:50:23,4.65817397475E7
04:50:28,4.68146485709E7
04:50:33,4.7048722844E7
04:50:38,4.72839674786E7
04:50:43,4.75203880856E7
04:50:48,4.7757991034E7
04:50:53,4.79967815046E7
04:50:58,4.82367659631E7
04:51:03,4.84779505971E7
04:51:08,4.87203413373E7
04:51:13,4.8963943343E7
04:51:18,4.92087639396E7
04:51:23,4.94548083028E7
04:51:28,4.97020825681E7
04:51:33,4.99505936494E7
04:51:38,5.0200347606E7
04:51:43,5.04513500422E7
04:51:48,5.07036077824E7
04:51:53,5.0957126564E7
04:51:58,5.12119124352E7
04:52:03,5.14679729719E7
04:52:08,5.17253132085E7
04:52:13,5.19839400657E7
04:52:18,5.22438605503E7
04:52:23,5.25050806518E7
04:52:28,5.27676067863E7
04:52:33,5.30314459072E7
04:52:38,5.32966034787E7
04:52:43,5.35630872063E7
04:52:48,5.38309036502E7
04:52:53,5.41000587874E7
04:52:58,5.43705594608E7
04:53:03,5.46424125039E7
04:53:08,5.49156253455E7
04:53:13,5.51902039408E7
04:53:18,5.54661551832E7
04:53:23,5.57434862466E7
04:53:28,5.6022203901E7
04:53:33,5.6302315527E7
04:53:38,5.65838275006E7
04:53:43,5.68667476848E7
04:53:48,5.71510820165E7
04:53:53,5.74368381582E7
04:53:58,5.77240233142E7
04:54:03,5.80126440219E7
04:54:08,5.83027076805E7
04:54:13,5.85942213866E7
04:54:18,5.88871926123E7
04:54:23,5.91816286993E7
04:54:28,5.94775373921E7
04:54:33,5.97749259993E7
04:54:38,6.00738014055E7
04:54:43,6.03741708421E7
04:54:48,6.06760421748E7
04:54:53,6.09794227805E7
04:54:58,6.128432079E7
04:55:03,6.15907433378E7
04:55:08,6.18986979431E7
04:55:13,6.22081925056E7
04:55:18,6.25192343961E7
04:55:23,6.28318310787E7
04:55:28,6.31459912603E7
04:55:33,6.3461722249E7
04:55:38,6.37790312986E7
04:55:43,6.40979266846E7
04:55:48,6.44184164488E7
04:55:53,6.47405094545E7
04:55:58,6.50642124247E7
04:56:03,6.53895343484E7
04:56:08,6.57164823322E7
04:56:13,6.6045065017E7
04:56:18,6.63752913642E7
04:56:23,6.67071679286E7
04:56:28,6.704070462E7
04:56:33,6.73759088003E7
04:56:38,6.77127892223E7
04:56:43,6.8051353645E7
04:56:48,6.83916111894E7
04:56:53,6.87335700372E7
04:56:58,6.9077238002E7
04:57:03,6.94226247935E7
04:57:08,6.97697384511E7
04:57:13,7.01185874116E7
04:57:18,7.04691810855E7
04:57:23,7.08215274079E7
04:57:28,7.11756359237E7
04:57:33,7.15315151778E7
04:57:38,7.1889173096E7
04:57:43,7.22486195834E7
04:57:48,7.26098635104E7
04:57:53,7.2972913149E7
04:57:58,7.33377780553E7
04:58:03,7.37044675066E7
04:58:08,7.40729907492E7
04:58:13,7.44433562639E7
04:58:18,7.48155733834E7
04:58:23,7.51896517555E7
04:58:28,7.55656004866E7
04:58:33,7.59434294239E7
04:58:38,7.63231472637E7
04:58:43,7.67047633995E7
04:58:48,7.70882875482E7
04:58:53,7.74737296521E7
04:58:58,7.78610993047E7
04:59:03,7.82504053481E7
04:59:08,7.86416581457E7
04:59:13,7.90348665844E7
04:59:18,7.94300411901E7
04:59:23,7.98271916991E7
04:59:28,8.0226328562E7
04:59:33,8.06274613013E7
04:59:38,8.10305989092E7
04:59:43,8.14357529217E7
04:59:48,8.1842931876E7
04:59:53,8.22521467404E7
04:59:58,8.26634081155E7
05:00:03,8.30767259698E7
05:00:08,8.34921098657E7
05:00:13,8.39095711913E7
05:00:18,8.43291192403E7
05:00:23,8.47507651437E7
05:00:28,8.51745191389E7
05:00:33,8.56003926326E7
05:00:38,8.60283947925E7
05:00:43,8.64585377307E7
05:00:48,8.68908307957E7
05:00:53,8.73252852636E7
05:00:58,8.77619122381E7
05:01:03,8.82007219665E7
05:01:08,8.86417262599E7
05:01:13,8.90849356491E7
05:01:18,8.95303613296E7
05:01:23,8.99780138728E7
05:01:28,9.04279047013E7
05:01:33,9.08800452099E7
05:01:38,9.13344457201E7
05:01:43,9.17911184037E7
05:01:48,9.22500742526E7
05:01:53,9.27113254538E7
05:01:58,9.31748831204E7
05:02:03,9.36407576786E7
05:02:08,9.41089619761E7
05:02:13,9.45795069749E7
05:02:18,9.50524049404E7
05:02:23,9.55276672893E7
05:02:28,9.60053059727E7
05:02:33,9.64853330147E7
05:02:38,9.69677598103E7
05:02:43,9.74525992742E7
05:02:48,9.79398633233E7
05:02:53,9.8429563148E7
05:02:58,9.89217113568E7
05:03:03,9.9416320885E7
05:03:08,9.99134033537E7
05:03:13,1.004129709263E8
05:03:18,1.009150361886E8
05:03:23,1.014196120209E8
05:03:28,1.019267108331E8
05:03:33,1.024363453589E8
05:03:38,1.029485280606E8
05:03:43,1.034632709688E8
05:03:48,1.039805882591E8
05:03:53,1.045004920516E8
05:03:58,1.050229954994E8
05:04:03,1.055481110479E8
05:04:08,1.060758522623E8
05:04:13,1.066062322874E8
05:04:18,1.071392639936E8
05:04:23,1.076749613742E8
05:04:28,1.082133365373E8
05:04:33,1.087544040237E8
05:04:38,1.092981768552E8
05:04:43,1.098446684838E8
05:04:48,1.103938919917E8
05:04:53,1.109458616403E8
05:04:58,1.115005914453E8
05:05:03,1.120580952608E8
05:05:08,1.126183863823E8
05:05:13,1.131814791242E8
05:05:18,1.13747387115E8
05:05:23,1.143161245766E8
05:05:28,1.148877058649E8
05:05:33,1.154621450288E8
05:05:38,1.160394567637E8
05:05:43,1.166196550804E8
05:05:48,1.17202753823E8
05:05:53,1.177887681592E8
05:05:58,1.183777123695E8
05:06:03,1.189696010463E8
05:06:08,1.19564450055E8
05:06:13,1.201622731528E8
05:06:18,1.207630848949E8
05:06:23,1.21366900436E8
05:06:28,1.21973735561E8
05:06:33,1.225836052306E8
05:06:38,1.231965238893E8
05:06:43,1.238125071483E8
05:06:48,1.244315701E8
05:06:53,1.250537287516E8
05:06:58,1.256789983998E8
05:07:03,1.263073944073E8
05:07:08,1.26938931629E8
05:07:13,1.275736272349E8
05:07:18,1.282114954714E8
05:07:23,1.288525538896E8
05:07:28,1.294968172472E8
05:07:33,1.301443020662E8
05:07:38,1.307950242281E8
05:07:43,1.314490002138E8
05:07:48,1.32106245447E8
05:07:53,1.327667771478E8
05:07:58,1.334306118012E8
05:08:03,1.340977652181E8
05:08:08,1.347682547288E8
05:08:13,1.354420963057E8
05:08:18,1.361193073088E8
05:08:23,1.367999047216E8
05:08:28,1.374839045833E8
05:08:33,1.381713249252E8
05:08:38,1.388621824702E8
05:08:43,1.395564938438E8
05:08:48,1.402542768217E8
05:08:53,1.409555489727E8
05:08:58,1.416603273561E8
05:09:03,1.423686296023E8
05:09:08,1.430804734285E8
05:09:13,1.437958766381E8
05:09:18,1.44514857081E8
05:09:23,1.452374324062E8
05:09:28,1.459636200214E8
05:09:33,1.466934392008E8
05:09:38,1.474269065779E8
05:09:43,1.481640417811E8
05:09:48,1.489048622434E8
05:09:53,1.496493869568E8
05:09:58,1.50397634072E8
05:10:03,1.511496232609E8
05:10:08,1.51905372035E8
05:10:13,1.526648991171E8
05:10:18,1.534282240678E8
05:10:23,1.541953659207E8
05:10:28,1.549663432444E8
05:10:33,1.55741176033E8
05:10:38,1.565198822551E8
05:10:43,1.5730248246E8
05:10:48,1.580889952137E8
05:10:53,1.588794408809E8
05:10:58,1.596738390188E8
05:11:03,1.604722086936E8
05:11:08,1.612745708174E8
05:11:13,1.620809445586E8
05:11:18,1.628913501791E8
05:11:23,1.637058071574E8
05:11:28,1.645243366191E8
05:11:33,1.653469587817E8
05:11:38,1.661736943172E8
05:11:43,1.670045632652E8
05:11:48,1.678395866586E8
05:11:53,1.686787848797E8
05:11:58,1.695221792104E8
05:12:03,1.703697905594E8
05:12:08,1.712216399145E8
05:12:13,1.720777489201E8
05:12:18,1.729381380075E8
05:12:23,1.738028291459E8
05:12:28,1.746718443027E8
05:12:33,1.755452045621E8
05:12:38,1.764229308509E8
05:12:43,1.773050462642E8
05:12:48,1.781915725774E8
05:12:53,1.790825306411E8
05:12:58,1.799779440443E8
05:13:03,1.808778346254E8
05:13:08,1.817822248978E8
05:13:13,1.826911367246E8
05:13:18,1.836045928791E8
05:13:23,1.845226164939E8
05:13:28,1.854452302042E8
05:13:33,1.863724569162E8
05:13:38,1.873043201722E8
05:13:43,1.88240841926E8
05:13:48,1.891820462816E8
05:13:53,1.901279575239E8
05:13:58,1.910785983387E8
05:14:03,1.920339920351E8
05:14:08,1.929941629288E8
05:14:13,1.939591339331E8
05:14:18,1.949289301053E8
05:14:23,1.959035749096E8
05:14:28,1.968830936785E8
05:14:33,1.978675099188E8
05:14:38,1.988568478983E8
05:14:43,1.998511322693E8
05:14:48,2.008503887673E8
05:14:53,2.018546413804E8
05:14:58,2.028639152791E8
05:15:03,2.038782351788E8
05:15:08,2.04897627378E8
05:15:13,2.059221158933E8
05:15:18,2.069517268458E8
05:15:23,2.079864862827E8
05:15:28,2.090264194236E8
05:15:33,2.100715518674E8
05:15:38,2.111219100446E8
05:15:43,2.121775201846E8
05:15:48,2.13238408182E8
05:15:53,2.143046005457E8
05:15:58,2.153761238459E8
05:16:03,2.164530053261E8
05:16:08,2.175352708698E8
05:16:13,2.186229474152E8
05:16:18,2.197160630006E8
05:16:23,2.208146437081E8
05:16:28,2.21918717848E8
05:16:33,2.230283122508E8
05:16:38,2.241434545998E8
05:16:43,2.252641722798E8
05:16:48,2.263904936365E8
05:16:53,2.275224463536E8
05:16:58,2.286600592671E8
05:17:03,2.298033597818E8
05:17:08,2.309523774677E8
05:17:13,2.321071398677E8
05:17:18,2.332676765668E8
05:17:23,2.344340156268E8
05:17:28,2.356061865954E8
05:17:33,2.367842183585E8
05:17:38,2.379681399375E8
05:17:43,2.391579808388E8
05:17:48,2.403537708879E8
05:17:53,2.415555404318E8
05:17:58,2.427633182613E8
05:18:03,2.439771352765E8
05:18:08,2.451970218984E8
05:18:13,2.464230073912E8
05:18:18,2.476551226843E8
05:18:23,2.488933988309E8
05:18:28,2.501378666697E8
05:18:33,2.513885569896E8
05:18:38,2.526455000363E8
05:18:43,2.539087284005E8
05:18:48,2.551782730538E8
05:18:53,2.564541647042E8
05:18:58,2.577364357338E8
05:19:03,2.590251187369E8
05:19:08,2.603202449198E8
05:19:13,2.616218465308E8
05:19:18,2.629299560516E8
05:19:23,2.642446061215E8
05:19:28,2.655658295932E8
05:19:33,2.668936596705E8
05:19:38,2.682281285589E8
05:19:43,2.695692695102E8
05:19:48,2.709171165362E8
05:19:53,2.722717030129E8
05:19:58,2.736330622037E8
05:20:03,2.750012279136E8
05:20:08,2.763762349319E8
05:20:13,2.777581171883E8
05:20:18,2.79146908451E8
05:20:23,2.805426435698E8
05:20:28,2.819453572669E8
05:20:33,2.833550843589E8
05:20:38,2.847718602162E8
05:20:43,2.861957197068E8
05:20:48,2.876266992662E8
05:20:53,2.890648330594E8
05:20:58,2.905101574127E8
05:21:03,2.919627088004E8
05:21:08,2.934225229473E8
05:21:13,2.948896357506E8
05:21:18,2.963640848522E8
05:21:23,2.978459058617E8
05:21:28,2.993351359525E8
05:21:33,3.008318126861E8
05:21:38,3.023359725959E8
05:21:43,3.038476526214E8
05:21:48,3.053668912777E8
05:21:53,3.06893726311E8
05:21:58,3.084281954567E8
05:22:03,3.099703369238E8
05:22:08,3.115201895389E8
05:22:13,3.130777914586E8
05:22:18,3.146431805849E8
05:22:23,3.162163967675E8
05:22:28,3.177974790559E8
05:22:33,3.193864670026E8
05:22:38,3.209834001135E8
05:22:43,3.22588317696E8
05:22:48,3.242012600379E8
05:22:53,3.258222667295E8
05:22:58,3.274513787814E8
05:23:03,3.290886359335E8
05:23:08,3.307340799663E8
05:23:13,3.323877509253E8
05:23:18,3.340496907294E8
05:23:23,3.357199396059E8
05:23:28,3.37398540291E8
05:23:33,3.390855335885E8
05:23:38,3.407809613672E8
05:23:43,3.424848671201E8
05:23:48,3.441972922808E8
05:23:53,3.459182789502E8
05:23:58,3.476478708561E8
05:24:03,3.49386111265E8
05:24:08,3.51133042717E8
05:24:13,3.528887088123E8
05:24:18,3.546531533198E8
05:24:23,3.564264194936E8
05:24:28,3.582085516981E8
05:24:33,3.599995947829E8
05:24:38,3.617995932744E8
05:24:43,3.636085918665E8
05:24:48,3.654266350644E8
05:24:53,3.672537686327E8
05:24:58,3.690900376707E8
05:25:03,3.709354885273E8
05:25:08,3.727901667186E8
05:25:13,3.746541183826E8
05:25:18,3.765273893925E8
05:25:23,3.784100271665E8
05:25:28,3.803020774298E8
05:25:33,3.822035884689E8
05:25:39,3.841146067269E8
05:25:44,3.860351803444E8
05:25:49,3.87965356448E8
05:25:54,3.899051837842E8
05:25:59,3.918547099979E8
05:26:04,3.938139839223E8
05:26:09,3.957830545642E8
05:26:14,3.977619705997E8
05:26:19,3.997507810402E8
05:26:24,4.017495350526E8
05:26:29,4.037582833266E8
05:26:34,4.057770754116E8
05:26:39,4.078059617748E8
05:26:44,4.098449923933E8
05:26:49,4.118942181216E8
05:26:54,4.139536895319E8
05:26:59,4.160234584958E8
05:27:04,4.181035759608E8
05:27:09,4.201940946222E8
05:27:14,4.222950660614E8
05:27:19,4.244065423817E8
05:27:24,4.265285756695E8
05:27:29,4.286612192791E8
05:27:34,4.308045256264E8
05:27:39,4.329585487214E8
05:27:44,4.351233421978E8
05:27:49,4.372989594124E8
05:27:54,4.394854547326E8
05:27:59,4.416828830708E8
05:28:04,4.438912979254E8
05:28:09,4.461107548913E8
05:28:14,4.483413090206E8
05:28:19,4.505830158164E8
05:28:24,4.528359317136E8
05:28:29,4.55100112333E8
05:28:34,4.573756138778E8
05:28:39,4.59662492731E8
05:28:44,4.619608053694E8
05:28:49,4.642706101344E8
05:28:54,4.665919639429E8
05:28:59,4.689249245867E8
05:29:04,4.712695495652E8
05:29:09,4.736258978279E8
05:29:14,4.759940280107E8
05:29:19,4.783739985578E8
05:29:24,4.807658692306E8
05:29:29,4.83169699584E8
05:29:34,4.855855489904E8
05:29:39,4.880134769572E8
05:29:44,4.904535449939E8
05:29:49,4.929058130852E8
05:29:54,4.953703427643E8
05:29:59,4.978471952026E8
05:30:04,5.003364321784E8
05:30:09,5.02838115413E8
05:30:14,5.053523069172E8
05:30:19,5.078790693134E8
05:30:24,5.104184657529E8
05:30:29,5.12970558861E8
05:30:34,5.155354119112E8
05:30:39,5.181130892536E8
05:30:44,5.207036552797E8
05:30:49,5.23307174256E8
05:30:54,5.259237111446E8
05:30:59,5.285533299574E8
05:31:04,5.311960967737E8
05:31:09,5.338520776773E8
05:31:14,5.36521338823E8
05:31:19,5.392039464912E8
05:31:24,5.418999664091E8
05:31:29,5.446094672218E8
05:31:34,5.473325151124E8
05:31:39,5.500691783535E8
05:31:44,5.528195251701E8
05:31:49,5.555836236813E8
05:31:54,5.583615422937E8
05:31:59,5.611533502935E8
05:32:04,5.639591179098E8
05:32:09,5.667789139281E8
05:32:14,5.696128093221E8
05:32:19,5.724608742958E8
05:32:24,5.753231790639E8
05:32:29,5.781997959388E8
05:32:34,5.810907956257E8
05:32:39,5.83996250095E8
05:32:44,5.86916232025E8
05:32:49,5.89850813444E8
05:32:54,5.928000679563E8
05:32:59,5.957640684489E8
05:33:04,5.987428889159E8
05:33:09,6.017366042204E8
05:33:14,6.04745287768E8
05:33:19,6.077690145865E8
05:33:24,6.108078598615E8
05:33:29,6.138619001583E8
05:33:34,6.169312106156E8
05:33:39,6.200158671384E8
05:33:44,6.231159473027E8
05:33:49,6.262315279177E8
05:33:54,6.293626861051E8
05:33:59,6.325095002103E8
05:34:04,6.356720485074E8
05:34:09,6.388504090552E8
05:34:14,6.420446618145E8
05:34:19,6.452548854213E8
05:34:24,6.484811607464E8
05:34:29,6.517235667195E8
05:34:34,6.549821851529E8
05:34:39,6.582570969904E8
05:34:44,6.615483826262E8
05:34:49,6.648561256094E8
05:34:54,6.681804063419E8
05:34:59,6.715213089137E8
05:35:04,6.748789162828E8
05:35:09,6.782533117326E8
05:35:14,6.81644578535E8
05:35:19,6.850528017672E8
05:35:24,6.884780660914E8
05:35:29,6.919204570958E8
05:35:34,6.953800600745E8
05:35:39,6.988569609677E8
05:35:44,7.023512459141E8
05:35:49,7.058630032205E8
05:35:54,7.093923187833E8
05:35:59,7.129392806598E8
05:36:04,7.165039774099E8
05:36:09,7.200864981731E8
05:36:14,7.236869314934E8
05:36:19,7.273053663955E8
05:36:24,7.309418939558E8
05:36:29,7.345966043828E8
05:36:34,7.382695875799E8
05:36:39,7.419609360651E8
05:36:44,7.456707410535E8
05:36:49,7.493990955686E8
05:36:54,7.531460913989E8
05:36:59,7.569118226649E8
05:37:04,7.60696382277E8
05:37:09,7.644998647833E8
05:37:14,7.683223643446E8
05:37:19,7.721639769064E8
05:37:24,7.760247973628E8
05:37:29,7.79904921802E8
05:37:34,7.838044472376E8
05:37:39,7.877234696724E8
05:37:44,7.916620873162E8
05:37:49,7.956203981406E8
05:37:54,7.995985004396E8
05:37:59,8.035964937162E8
05:38:04,8.076144767527E8
05:38:09,8.116525500895E8
05:38:14,8.157108131638E8
05:38:19,8.197893678884E8
05:38:24,8.238883149378E8
05:38:29,8.280077572771E8
