01:15:11,2.0175
01:15:16,2.9157
01:15:21,3.2135
01:15:26,3.5457
01:15:31,4.5504
01:15:36,4.9325
01:15:41,5.7478
01:15:46,6.0832
01:15:51,6.2172
01:15:56,6.7209
01:16:01,7.7702
01:16:06,8.5338
01:16:11,9.2041
01:16:16,10.1689
01:16:21,10.6066
01:16:26,11.4781
01:16:31,12.0219
01:16:36,12.6099
01:16:41,13.643
01:16:46,14.5866
01:16:51,15.5998
01:16:56,16.12
01:17:01,17.1765
01:17:06,17.5886
01:17:11,18.202
01:17:16,19.331
01:17:21,20.0556
01:17:26,20.4407
01:17:31,21.0234
01:17:36,22.045
01:17:41,22.8657
01:17:46,23.1008
01:17:51,23.4201
01:17:56,24.4742
01:18:01,25.2171
01:18:06,26.0173
01:18:11,26.8379
01:18:16,27.4888
01:18:21,27.8057
01:18:26,28.7962
01:18:31,29.6361
01:18:36,29.9609
01:18:41,30.2783
01:18:46,31.3398
01:18:51,32.1628
01:18:56,32.6529
01:19:01,33.85
01:19:06,34.528
01:19:11,35.0447
01:19:16,35.4946
01:19:21,36.0837
01:19:26,36.4733
01:19:31,37.0481
01:19:36,37.999
01:19:41,38.7574
01:19:46,39.9586
01:19:51,40.4545
01:19:56,41.2937
01:20:01,42.2847
01:20:06,43.1896
01:20:11,44.4778
01:20:16,45.2769
01:20:21,45.9539
01:20:26,46.6955
01:20:31,47.0298
01:20:36,47.9095
01:20:41,48.5431
01:20:46,49.1955
01:20:51,49.8265
01:20:56,51.0521
01:21:01,51.9594
01:21:06,52.7423
01:21:11,53.291
01:21:16,54.3355
01:21:21,55.0206
01:21:26,56.2967
01:21:31,57.4528
01:21:36,58.8286
01:21:41,60.1815
01:21:46,61.5104
01:21:51,62.5801
01:21:56,63.9381
01:22:01,64.5385
01:22:06,65.2773
01:22:11,65.7281
01:22:16,66.8765
01:22:21,67.8688
01:22:26,68.3796
01:22:31,69.4508
01:22:36,70.3554
01:22:41,71.665
01:22:46,72.723
01:22:51,74.1374
01:22:56,75.2363
01:23:01,76.5581
01:23:06,77.1999
01:23:11,77.8801
01:23:16,78.8149
01:23:21,79.3811
01:23:26,80.1493
01:23:31,81.4591
01:23:36,82.5065
01:23:41,83.6464
01:23:46,84.1699
01:23:51,84.941
01:23:56,85.6625
01:24:01,86.301
01:24:06,87.1573
01:24:11,87.8549
01:24:16,88.869
01:24:21,89.4347
01:24:26,90.8642
01:24:31,91.7953
01:24:36,92.6738
01:24:41,93.658
01:24:46,95.205
01:24:51,96.2746
01:24:56,97.5753
01:25:01,98.3006
01:25:06,99.393
01:25:11,100.6574
01:25:16,101.4625
01:25:21,102.276
01:25:26,103.5151
01:25:31,104.5015
01:25:36,105.2914
01:25:41,106.3225
01:25:46,107.8404
01:25:51,108.7605
01:25:56,110.0955
01:26:01,111.1526
01:26:06,112.0471
01:26:11,112.8834
01:26:16,114.409
01:26:21,115.2856
01:26:26,116.538
01:26:31,117.5437
01:26:36,118.6457
01:26:41,119.7891
01:26:46,121.2209
01:26:51,122.6502
01:26:56,123.8169
01:27:01,125.1703
01:27:06,126.6484
01:27:11,128.1064
01:27:16,129.6636
01:27:21,130.8128
01:27:26,131.793
01:27:31,133.5486
01:27:36,135.144
01:27:41,135.9902
01:27:46,137.0407
01:27:51,138.7009
01:27:56,139.5406
01:28:01,141.122
01:28:06,142.5122
01:28:11,143.4856
01:28:16,144.4726
01:28:21,146.055
01:28:26,147.433
01:28:31,148.9603
01:28:36,149.9629
01:28:41,151.4301
01:28:46,153.2855
01:28:51,155.1446
01:28:56,156.0757
01:29:01,157.6309
01:29:06,158.6384
01:29:11,160.1387
01:29:16,161.9567
01:29:21,163.4884
01:29:26,164.955
01:29:31,166.3573
01:29:36,168.283
01:29:41,169.8642
01:29:46,171.7008
01:29:51,173.1597
01:29:56,175.1174
01:30:01,176.2573
01:30:06,178.0427
01:30:11,179.3028
01:30:16,181.0616
01:30:21,182.2696
01:30:26,184.1041
01:30:31,185.9976
01:30:36,187.3276
01:30:41,188.8648
01:30:46,189.9507
01:30:51,191.1058
01:30:56,192.9215
01:31:01,194.5618
01:31:06,196.4539
01:31:11,198.3203
01:31:16,199.4972
01:31:21,200.652
01:31:26,202.1567
01:31:31,203.3439
01:31:36,204.8965
01:31:41,206.5247
01:31:46,208.2164
01:31:51,209.6984
01:31:56,211.8459
01:32:01,213.2486
01:32:06,215.3545
01:32:11,217.0529
01:32:16,218.7008
01:32:21,220.7637
01:32:26,222.5706
01:32:31,223.7885
01:32:36,225.1618
01:32:41,226.475
01:32:46,228.0828
01:32:51,229.6117
01:32:56,231.5818
01:33:01,232.8762
01:33:06,234.3616
01:33:11,235.644
01:33:16,237.6677
01:33:21,239.6957
01:33:26,241.423
01:33:31,242.836
01:33:36,245.1002
01:33:41,247.1177
01:33:46,249.2769
01:33:51,251.4635
01:33:56,252.9743
01:34:01,254.9542
01:34:06,256.8507
01:34:11,259.0465
01:34:16,261.1262
01:34:21,262.8636
01:34:26,265.161
01:34:31,267.3962
01:34:36,269.6661
01:34:41,272.0327
01:34:46,273.85
01:34:51,276.0093
01:34:56,277.9722
01:35:01,279.9699
01:35:06,282.397
01:35:11,284.5007
01:35:16,286.765
01:35:21,289.2307
01:35:26,291.079
01:35:31,293.164
01:35:36,295.0919
01:35:41,297.503
01:35:46,299.5769
01:35:51,301.6851
01:35:56,304.1581
01:36:01,306.1906
01:36:06,307.9305
01:36:11,310.4647
01:36:16,312.514
01:36:21,314.654
01:36:26,317.1377
01:36:31,318.9423
01:36:36,320.9993
01:36:41,323.6675
01:36:46,325.8515
01:36:51,327.7767
01:36:56,330.5107
01:37:01,332.419
01:37:06,334.2234
01:37:11,336.5372
01:37:16,338.3779
01:37:21,341.0774
01:37:26,343.3304
01:37:31,345.5702
01:37:36,348.0445
01:37:41,350.8415
01:37:46,353.5269
01:37:51,355.4761
01:37:56,357.7184
01:38:01,360.5333
01:38:06,363.3309
01:38:11,365.453
01:38:16,368.2053
01:38:21,370.7058
01:38:26,373.5468
01:38:31,375.6713
01:38:36,377.6569
01:38:41,380.4118
01:38:46,383.1839
01:38:51,385.7247
01:38:56,387.961
01:39:01,390.3942
01:39:06,392.8031
01:39:11,395.6337
01:39:16,398.6662
01:39:21,400.8325
01:39:26,403.8892
01:39:31,406.465
01:39:36,409.2137
01:39:41,411.4069
01:39:46,413.783
01:39:51,416.9083
01:39:56,419.6536
01:40:01,421.9657
01:40:06,424.629
01:40:11,427.5923
01:40:16,430.0827
01:40:21,433.192
01:40:26,436.142
01:40:31,439.3389
01:40:36,442.3904
01:40:41,444.7746
01:40:46,447.6483
01:40:51,450.9667
01:40:56,453.4452
01:41:01,456.2572
01:41:06,459.1406
01:41:11,461.6638
01:41:16,464.7813
01:41:21,467.5396
01:41:26,470.9192
01:41:31,474.1164
01:41:36,477.1797
01:41:41,480.3867
01:41:46,483.3214
01:41:51,485.9785
01:41:56,488.8569
01:42:01,491.9669
01:42:06,495.4469
01:42:11,498.2631
01:42:16,501.5037
01:42:21,504.9763
01:42:26,508.3021
01:42:31,511.4355
01:42:36,514.9698
01:42:41,518.3489
01:42:46,521.437
01:42:51,524.9885
01:42:56,528.1857
01:43:01,531.1189
01:43:06,534.7302
01:43:11,537.5794
01:43:16,540.6716
01:43:21,543.8078
01:43:26,546.9545
01:43:31,549.8916
01:43:36,553.3187
01:43:41,556.2261
01:43:46,559.755
01:43:51,562.6868
01:43:56,566.2196
01:44:01,569.9778
01:44:06,573.2655
01:44:11,577.2062
01:44:16,580.3667
01:44:21,583.9006
01:44:26,587.2378
01:44:31,590.5834
01:44:36,594.4142
01:44:41,598.1264
01:44:46,601.4853
01:44:51,604.8312
01:44:56,608.7241
01:45:01,612.0424
01:45:06,615.4476
01:45:11,619.2397
01:45:16,623.1853
01:45:21,627.3862
01:45:26,631.1835
01:45:31,634.6615
01:45:36,638.2011
01:45:41,642.035
01:45:46,646.0335
01:45:51,650.108
01:45:56,654.3438
01:46:01,657.9701
01:46:06,662.2183
01:46:11,666.0634
01:46:16,669.9498
01:46:21,673.8309
01:46:26,677.5608
01:46:31,681.4981
01:46:36,685.7285
01:46:41,690.1433
01:46:46,693.9688
01:46:51,698.4971
01:46:56,702.2812
01:47:01,706.7729
01:47:06,710.7467
01:47:11,714.4105
01:47:16,718.431
01:47:21,722.3844
01:47:26,726.8853
01:47:31,731.6014
01:47:36,735.9079
01:47:41,740.4625
01:47:46,744.3728
01:47:51,748.9169
01:47:56,753.4749
01:48:01,757.628
01:48:06,762.2598
01:48:11,766.4632
01:48:16,770.5852
01:48:21,774.8172
01:48:26,779.0973
01:48:31,783.4633
01:48:36,787.7534
01:48:41,792.7872
01:48:46,797.4376
01:48:51,802.494
01:48:56,807.5488
01:49:01,812.1985
01:49:06,816.5172
01:49:11,821.4337
01:49:16,826.2331
01:49:21,830.8666
01:49:26,835.2938
01:49:31,840.1092
01:49:36,845.0162
01:49:41,849.7897
01:49:46,855.0029
01:49:51,859.6503
01:49:56,864.2511
01:50:01,868.8062
01:50:06,873.5904
01:50:11,878.6592
01:50:16,883.4339
01:50:21,888.2874
01:50:26,893.2659
01:50:31,898.0314
01:50:36,903.2723
01:50:41,908.3415
01:50:46,913.156
01:50:51,918.2908
01:50:56,923.2189
01:51:01,928.0705
01:51:06,933.4509
01:51:11,938.645
01:51:16,943.7522
01:51:21,948.881
01:51:26,953.8677
01:51:31,959.2437
01:51:36,964.588
01:51:41,970.3748
01:51:46,976.0595
01:51:51,981.6278
01:51:56,986.8473
01:52:01,992.1593
01:52:06,997.9439
01:52:11,1003.778
01:52:16,1008.9885
01:52:21,1014.4294
01:52:26,1020.3958
01:52:31,1026.4808
01:52:36,1031.8279
01:52:41,1037.4867
01:52:46,1042.8769
01:52:51,1048.5763
01:52:56,1054.296
01:53:01,1060.2756
01:53:06,1066.5786
01:53:11,1072.9432
01:53:16,1078.4116
01:53:21,1084.5234
01:53:26,1090.0762
01:53:31,1096.1386
01:53:36,1102.0478
01:53:41,1108.2566
01:53:46,1114.0491
01:53:51,1119.9707
01:53:56,1126.6238
01:54:01,1132.9545
01:54:06,1139.5069
01:54:11,1145.7105
01:54:16,1152.2183
01:54:21,1158.195
01:54:26,1164.6911
01:54:31,1170.8234
01:54:36,1177.02
01:54:41,1183.696
01:54:46,1190.0776
01:54:51,1196.346
01:54:56,1202.9408
01:55:01,1209.1245
01:55:06,1215.5503
01:55:11,1222.3815
01:55:16,1229.2176
01:55:21,1236.4104
01:55:26,1242.9358
01:55:31,1249.9245
01:55:36,1256.9384
01:55:41,1263.9055
01:55:46,1271.2008
01:55:51,1278.1179
01:55:56,1284.9872
01:56:01,1291.6596
01:56:06,1298.5918
01:56:11,1305.2393
01:56:16,1312.5606
01:56:21,1319.2853
01:56:26,1326.818
01:56:31,1333.6211
01:56:36,1340.9395
01:56:41,1348.3002
01:56:46,1355.8161
01:56:51,1363.4894
01:56:56,1370.6096
01:57:01,1378.2371
01:57:06,1386.0487
01:57:11,1393.7241
01:57:16,1401.1998
01:57:21,1408.7048
01:57:26,1416.6613
01:57:31,1424.7908
01:57:36,1432.8702
01:57:41,1440.3366
01:57:46,1448.2192
01:57:51,1456.1123
01:57:56,1463.868
01:58:01,1472.1955
01:58:06,1480.2691
01:58:11,1488.5293
01:58:16,1496.846
01:58:21,1505.4169
01:58:26,1513.7827
01:58:31,1521.5854
01:58:36,1530.2532
01:58:41,1538.1319
01:58:46,1546.7987
01:58:51,1554.7965
01:58:56,1563.6197
01:59:01,1572.052
01:59:06,1580.6284
01:59:11,1589.3361
01:59:16,1597.8481
01:59:21,1606.1995
01:59:26,1615.2424
01:59:31,1624.1306
01:59:36,1632.5582
01:59:41,1640.9018
01:59:46,1649.357
01:59:51,1657.7563
01:59:56,1666.6623
02:00:01,1675.3868
02:00:06,1684.2837
02:00:11,1693.4313
02:00:16,1702.2297
02:00:21,1711.7288
02:00:26,1720.5024
02:00:31,1729.3888
02:00:36,1738.2885
02:00:41,1747.8245
02:00:46,1757.3737
02:00:51,1766.7294
02:00:56,1776.23
02:01:01,1785.4769
02:01:06,1795.3584
02:01:11,1804.9969
02:01:16,1814.5028
02:01:21,1824.3443
02:01:26,1834.0693
02:01:31,1843.7494
02:01:36,1853.9554
02:01:41,1863.9329
02:01:46,1874.1739
02:01:51,1883.9775
02:01:56,1893.875
02:02:01,1904.0699
02:02:06,1914.202
02:02:11,1924.022
02:02:16,1934.1523
02:02:21,1944.1775
02:02:26,1954.3764
02:02:31,1964.6062
02:02:36,1974.963
02:02:41,1985.5831
02:02:46,1996.5102
02:02:51,2007.4559
02:02:56,2018.0135
02:03:01,2029.0348
02:03:06,2039.4674
02:03:11,2049.8789
02:03:16,2060.7397
02:03:21,2071.2718
02:03:26,2081.8544
02:03:31,2092.9753
02:03:36,2104.0579
02:03:41,2114.9344
02:03:46,2126.4968
02:03:51,2137.8637
02:03:56,2149.5712
02:04:01,2160.7841
02:04:06,2171.9104
02:04:11,2182.8856
02:04:16,2194.6458
02:04:21,2206.7135
02:04:26,2218.0527
02:04:31,2229.898
02:04:36,2241.3958
02:04:41,2253.0972
02:04:46,2264.5319
02:04:51,2276.4572
02:04:56,2288.6534
02:05:01,2301.1855
02:05:06,2313.7722
02:05:11,2325.6083
02:05:16,2338.2476
02:05:21,2350.6289
02:05:26,2363.2085
02:05:31,2375.2936
02:05:36,2387.7306
02:05:41,2400.636
02:05:46,2413.0053
02:05:51,2425.7326
02:05:56,2438.5947
02:06:01,2451.3661
02:06:06,2464.5061
02:06:11,2477.8654
02:06:16,2490.8315
02:06:21,2504.1734
02:06:26,2517.231
02:06:31,2530.5871
02:06:36,2543.7152
02:06:41,2557.3406
02:06:46,2571.1958
02:06:51,2584.8161
02:06:56,2598.0584
02:07:01,2612.1392
02:07:06,2625.3086
02:07:11,2638.6703
02:07:16,2652.9536
02:07:21,2666.7802
02:07:26,2680.7553
02:07:31,2694.7587
02:07:36,2709.2131
02:07:41,2723.1287
02:07:46,2737.7911
02:07:51,2751.714
02:07:56,2766.0429
02:08:01,2780.1402
02:08:06,2794.205
02:08:11,2808.5687
02:08:16,2822.9388
02:08:21,2837.9276
02:08:26,2852.6168
02:08:31,2867.7108
02:08:36,2882.5657
02:08:41,2897.19
02:08:46,2911.7871
02:08:51,2927.1831
02:08:56,2942.6037
02:09:01,2958.0228
02:09:06,2973.1836
02:09:11,2988.7421
02:09:16,3004.6064
02:09:21,3019.9042
02:09:26,3035.9236
02:09:31,3051.817
02:09:36,3067.2851
02:09:41,3083.3389
02:09:46,3099.1661
02:09:51,3115.6555
02:09:56,3132.004
02:10:01,3148.5757
02:10:06,3164.4607
02:10:11,3180.4396
02:10:16,3197.391
02:10:21,3213.9175
02:10:26,3231.0605
02:10:31,3248.1168
02:10:36,3265.02
02:10:41,3281.6123
02:10:46,3298.1297
02:10:51,3315.545
02:10:56,3333.1379
02:11:01,3350.5039
02:11:06,3367.4201
02:11:11,3384.9499
02:11:16,3402.8209
02:11:21,3420.5346
02:11:26,3437.7519
02:11:31,3455.31
02:11:36,3473.472
02:11:41,3491.3184
02:11:46,3509.5374
02:11:51,3527.5036
02:11:56,3545.4916
02:12:01,3564.3183
02:12:06,3582.6639
02:12:11,3600.7252
02:12:16,3619.025
02:12:21,3637.7291
02:12:26,3656.5268
02:12:31,3675.7604
02:12:36,3694.3768
02:12:41,3713.2725
02:12:46,3732.2974
02:12:51,3751.4779
02:12:56,3771.2364
02:13:01,3790.3657
02:13:06,3809.7115
02:13:11,3829.415
02:13:16,3848.7604
02:13:21,3868.6738
02:13:26,3888.13
02:13:31,3908.019
02:13:36,3928.4433
02:13:41,3948.7483
02:13:46,3968.8232
02:13:51,3989.0304
02:13:56,4009.9479
02:14:01,4030.2436
02:14:06,4050.6862
02:14:11,4071.3217
02:14:16,4092.7133
02:14:21,4113.9401
02:14:26,4135.0402
02:14:31,4156.4203
02:14:36,4177.5922
02:14:41,4199.1929
02:14:46,4220.3015
02:14:51,4242.0194
02:14:56,4264.2112
02:15:01,4286.3713
02:15:06,4308.7561
02:15:11,4330.6645
02:15:16,4352.6104
02:15:21,4375.0828
02:15:26,4397.4108
02:15:31,4420.2938
02:15:36,4442.9453
02:15:41,4465.4099
02:15:46,4488.4301
02:15:51,4511.3736
02:15:56,4534.3454
02:16:01,4557.5077
02:16:06,4580.7322
02:16:11,4604.5232
02:16:16,4628.6055
02:16:21,4652.0462
02:16:26,4675.492
02:16:31,4699.7957
02:16:36,4724.193
02:16:41,4748.2569
02:16:46,4772.3298
02:16:51,4797.0132
02:16:56,4821.7865
02:17:01,4846.5834
02:17:06,4871.052
02:17:11,4895.8204
02:17:16,4920.4129
02:17:21,4945.6755
02:17:26,4970.7858
02:17:31,4996.6793
02:17:36,5022.0827
02:17:41,5047.8771
02:17:46,5073.6186
02:17:51,5099.5444
02:17:56,5125.3027
02:18:01,5151.6485
02:18:06,5177.6255
02:18:11,5203.8518
02:18:16,5230.4975
02:18:21,5257.4106
02:18:26,5284.6164
02:18:31,5311.2136
02:18:36,5338.6867
02:18:41,5366.1476
02:18:46,5393.1415
02:18:51,5420.8889
02:18:56,5448.8836
02:19:01,5476.4844
02:19:06,5504.0004
02:19:11,5531.8038
02:19:16,5560.1192
02:19:21,5588.6018
02:19:26,5616.9065
02:19:31,5645.4815
02:19:36,5674.0196
02:19:41,5703.3515
02:19:46,5732.0757
02:19:51,5760.8887
02:19:56,5790.2295
02:20:01,5820.1156
02:20:06,5849.7498
02:20:11,5880.0498
02:20:16,5910.3348
02:20:21,5940.5232
02:20:26,5970.8641
02:20:31,6001.293
02:20:36,6031.6162
02:20:41,6062.292
02:20:46,6093.4915
02:20:51,6124.4268
02:20:56,6155.3586
02:21:01,6187.0874
02:21:06,6218.4047
02:21:11,6250.0729
02:21:16,6282.373
02:21:21,6314.0051
02:21:26,6345.7989
02:21:31,6378.2185
02:21:36,6410.3019
02:21:41,6443.4149
02:21:46,6476.4099
02:21:51,6509.7273
02:21:56,6542.9923
02:22:01,6576.018
02:22:06,6609.4019
02:22:11,6642.8228
02:22:16,6676.2312
02:22:21,6710.0274
02:22:26,6744.6769
02:22:31,6779.0009
02:22:36,6813.99
02:22:41,6848.5591
02:22:46,6883.1675
02:22:51,6918.6069
02:22:56,6953.7494
02:23:01,6988.9121
02:23:06,7024.8184
02:23:11,7061.0375
02:23:16,7096.5733
02:23:21,7133.1092
02:23:26,7169.4765
02:23:31,7205.7684
02:23:36,7242.2569
02:23:41,7278.7278
02:23:46,7316.122
02:23:51,7353.6403
02:23:56,7390.9225
02:24:01,7428.4241
02:24:06,7465.89
02:24:11,7504.0363
02:24:16,7542.5675
02:24:21,7580.5282
02:24:26,7619.3418
02:24:31,7657.9985
02:24:36,7696.7252
02:24:41,7735.7418
02:24:46,7774.779
02:24:51,7814.1802
02:24:56,7853.6435
02:25:01,7893.0785
02:25:06,7932.8862
02:25:11,7972.6548
02:25:16,8012.925
02:25:21,8053.2761
02:25:26,8094.0704
02:25:31,8135.392
02:25:36,8177.0246
02:25:41,8218.474
02:25:46,8260.4287
02:25:51,8302.2529
02:25:56,8344.5966
02:26:01,8387.0152
02:26:06,8429.674
02:26:11,8472.758
02:26:16,8515.3645
02:26:21,8558.0943
02:26:26,8601.2839
02:26:31,8645.2662
02:26:36,8689.4148
02:26:41,8733.4108
02:26:46,8777.6775
02:26:51,8822.6152
02:26:56,8867.6937
02:27:01,8912.8953
02:27:06,8957.8966
02:27:11,9003.2548
02:27:16,9049.1615
02:27:21,9095.129
02:27:26,9141.6085
02:27:31,9187.7623
02:27:36,9234.3822
02:27:41,9280.8173
02:27:46,9327.465
02:27:51,9375.081
02:27:56,9422.4671
02:28:01,9470.5997
02:28:06,9519.009
02:28:11,9566.8425
02:28:16,9614.8762
02:28:21,9663.3118
02:28:26,9712.4411
02:28:31,9762.0891
02:28:36,9811.3467
02:28:41,9860.948
02:28:46,9910.5969
02:28:51,9960.3695
02:28:56,10010.3643
02:29:01,10061.2952
02:29:06,10112.0178
02:29:11,10163.5193
02:29:16,10214.831
02:29:21,10266.2418
02:29:26,10317.7591
02:29:31,10369.5075
02:29:36,10421.917
02:29:41,10474.3195
02:29:46,10527.2043
02:29:51,10580.1985
02:29:56,10633.3906
02:30:01,10687.5341
02:30:06,10741.6067
02:30:11,10795.9101
02:30:16,10850.6951
02:30:21,10905.3113
02:30:26,10960.2178
02:30:31,11015.6395
02:30:36,11070.8565
02:30:41,11126.9569
02:30:46,11182.7072
02:30:51,11239.5131
02:30:56,11296.7336
02:31:01,11354.1827
02:31:06,11411.7533
02:31:11,11469.1793
02:31:16,11526.9879
02:31:21,11584.8183
02:31:26,11643.5187
02:31:31,11702.523
02:31:36,11761.8399
02:31:41,11820.9095
02:31:46,11881.0217
02:31:51,11940.863
02:31:56,12001.3641
02:32:01,12062.1644
02:32:06,12123.3927
02:32:11,12184.8782
02:32:16,12246.0615
02:32:21,12308.2643
02:32:26,12369.9363
02:32:31,12432.1552
02:32:36,12495.17
02:32:41,12558.4845
02:32:46,12621.9301
02:32:51,12685.6108
02:32:56,12749.4021
02:33:01,12814.2069
02:33:06,12878.4143
02:33:11,12943.7969
02:33:16,13008.9792
02:33:21,13074.5669
02:33:26,13140.5835
02:33:31,13206.8692
02:33:36,13273.4474
02:33:41,13340.1473
02:33:46,13407.6201
02:33:51,13475.4447
02:33:56,13543.7304
02:34:01,13612.2214
02:34:06,13681.0135
02:34:11,13749.7746
02:34:16,13819.4053
02:34:21,13889.0497
02:34:26,13959.0958
02:34:31,14029.0344
02:34:36,14100.2383
02:34:41,14171.1547
02:34:46,14242.5772
02:34:51,14314.7706
02:34:56,14387.2527
02:35:01,14460.2604
02:35:06,14533.2325
02:35:11,14606.6837
02:35:16,14680.0271
02:35:21,14754.1072
02:35:26,14828.9182
02:35:31,14903.4483
02:35:36,14978.6452
02:35:41,15054.3931
02:35:46,15129.771
02:35:51,15206.0443
02:35:56,15282.9935
02:36:01,15359.6712
02:36:06,15436.9023
02:36:11,15514.3633
02:36:16,15592.4899
02:36:21,15670.982
02:36:26,15750.3128
02:36:31,15829.4354
02:36:36,15909.5493
02:36:41,15990.068
02:36:46,16070.6218
02:36:51,16151.8607
02:36:56,16233.4198
02:37:01,16315.5162
02:37:06,16397.1945
02:37:11,16479.9115
02:37:16,16562.6233
02:37:21,16646.5292
02:37:26,16730.0344
02:37:31,16814.2571
02:37:36,16898.7818
02:37:41,16983.5723
02:37:46,17069.5581
02:37:51,17155.352
02:37:56,17241.8713
02:38:01,17328.7049
02:38:06,17415.4756
02:38:11,17503.6262
02:38:16,17591.7033
02:38:21,17680.327
02:38:26,17769.7803
02:38:31,17858.903
02:38:36,17949.2272
02:38:41,18039.0756
02:38:46,18129.5297
02:38:51,18220.4724
02:38:56,18312.4135
02:39:01,18404.2496
02:39:06,18496.681
02:39:11,18589.9777
02:39:16,18683.0828
02:39:21,18777.1254
02:39:26,18871.8414
02:39:31,18966.9013
02:39:36,19062.2914
02:39:41,19158.3833
02:39:46,19255.1258
02:39:51,19352.4678
02:39:56,19449.4014
02:40:01,19547.2932
02:40:06,19645.1621
02:40:11,19743.858
02:40:16,19842.7945
02:40:21,19942.9482
02:40:26,20043.4724
02:40:31,20144.1872
02:40:36,20245.0529
02:40:41,20346.9854
02:40:46,20449.8078
02:40:51,20553.0609
02:40:56,20656.6756
02:41:01,20760.9904
02:41:06,20865.5729
02:41:11,20970.1976
02:41:16,21075.6444
02:41:21,21181.6723
02:41:26,21288.3178
02:41:31,21395.5797
02:41:36,21503.5238
02:41:41,21611.4789
02:41:46,21719.8662
02:41:51,21828.7549
02:41:56,21938.5281
02:42:01,22049.0328
02:42:06,22160.3481
02:42:11,22272.0297
02:42:16,22383.5434
02:42:21,22496.2983
02:42:26,22609.0228
02:42:31,22722.3991
02:42:36,22836.4512
02:42:41,22951.4757
02:42:46,23067.0961
02:42:51,23182.9758
02:42:56,23299.122
02:43:01,23416.6398
02:43:06,23534.6244
02:43:11,23653.3942
02:43:16,23772.2032
02:43:21,23892.0407
02:43:26,24012.4575
02:43:31,24133.5503
02:43:36,24254.6802
02:43:41,24376.3828
02:43:46,24498.6589
02:43:51,24621.2974
02:43:56,24744.5169
02:44:01,24868.5034
02:44:06,24993.3243
02:44:11,25118.8892
02:44:16,25244.6997
02:44:21,25371.3723
02:44:26,25499.2484
02:44:31,25627.0892
02:44:36,25755.5189
02:44:41,25885.3645
02:44:46,26015.1175
02:44:51,26146.2443
02:44:56,26277.9726
02:45:01,26409.9968
02:45:06,26542.4807
02:45:11,26675.5924
02:45:16,26809.9262
02:45:21,26944.6826
02:45:26,27079.7277
02:45:31,27215.6519
02:45:36,27352.5741
02:45:41,27489.6798
02:45:46,27628.1583
02:45:51,27766.6877
02:45:56,27905.8162
02:46:01,28045.7566
02:46:06,28186.3434
02:46:11,28327.3848
02:46:16,28470.0559
02:46:21,28612.7237
02:46:26,28756.329
02:46:31,28900.4712
02:46:36,29045.5101
02:46:41,29191.2569
02:46:46,29337.5146
02:46:51,29485.1605
02:46:56,29633.6554
02:47:01,29781.9711
02:47:06,29931.9558
02:47:11,30082.3791
02:47:16,30233.7772
02:47:21,30385.3597
02:47:26,30538.362
02:47:31,30691.4227
02:47:36,30845.3853
02:47:41,31000.2999
02:47:46,31156.0278
02:47:51,31312.8345
02:47:56,31470.1133
02:48:01,31627.6304
02:48:06,31786.2371
02:48:11,31946.1328
02:48:16,32106.7817
02:48:21,32268.1266
02:48:26,32429.9149
02:48:31,32592.2869
02:48:36,32756.1277
02:48:41,32920.4905
02:48:46,33085.9878
02:48:51,33251.6271
02:48:56,33418.7746
02:49:01,33586.3524
02:49:06,33754.9096
02:49:11,33923.9736
02:49:16,34093.8537
02:49:21,34265.369
02:49:26,34437.4781
02:49:31,34609.9015
02:49:36,34783.0528
02:49:41,34957.4924
02:49:46,35132.5457
02:49:51,35308.8177
02:49:56,35486.1035
02:50:01,35664.3956
02:50:06,35843.7457
02:50:11,36024.0038
02:50:16,36204.8221
02:50:21,36386.0913
02:50:26,36568.8029
02:50:31,36751.7624
02:50:36,36936.6045
02:50:41,37122.0652
02:50:46,37308.5216
02:50:51,37496.0347
02:50:56,37684.4366
02:51:01,37873.8717
02:51:06,38063.6683
02:51:11,38254.5608
02:51:16,38446.4277
02:51:21,38639.2341
02:51:26,38832.826
02:51:31,39027.6093
02:51:36,39222.8892
02:51:41,39419.6353
02:51:46,39617.1819
02:51:51,39816.0688
02:51:56,40015.5332
02:52:01,40215.9286
02:52:06,40417.6176
02:52:11,40620.0143
02:52:16,40823.263
02:52:21,41028.4236
02:52:26,41234.4502
02:52:31,41441.0589
02:52:36,41648.9259
02:52:41,41858.0728
02:52:46,42068.2053
02:52:51,42278.9065
02:52:56,42490.8435
02:53:01,42703.9745
02:53:06,42918.3973
02:53:11,43133.1793
02:53:16,43349.3991
02:53:21,43566.2696
02:53:26,43785.1594
02:53:31,44005.0696
02:53:36,44225.7933
02:53:41,44447.8944
02:53:46,44671.1016
02:53:51,44895.1052
02:53:56,45119.7346
02:54:01,45345.4925
02:54:06,45573.0127
02:54:11,45801.4373
02:54:16,46031.4611
02:54:21,46262.2199
02:54:26,46493.8095
02:54:31,46726.8625
02:54:36,46961.3695
02:54:41,47197.0727
02:54:46,47433.8917
02:54:51,47671.9566
02:54:56,47910.5466
02:55:01,48150.761
02:55:06,48391.83
02:55:11,48634.5002
02:55:16,48878.2015
02:55:21,49123.1718
02:55:26,49369.5964
02:55:31,49616.7627
02:55:36,49865.6604
02:55:41,50115.8648
02:55:46,50367.3988
02:55:51,50620.2986
02:55:56,50874.3505
02:56:01,51129.5736
02:56:06,51385.9819
02:56:11,51643.6634
02:56:16,51902.9503
02:56:21,52163.085
02:56:26,52424.4455
02:56:31,52687.6359
02:56:36,52951.946
02:56:41,53217.3454
02:56:46,53483.6478
02:56:51,53751.5001
02:56:56,54020.9533
02:57:01,54292.0844
02:57:06,54564.6173
02:57:11,54837.7764
02:57:16,55112.1194
02:57:21,55387.8182
02:57:26,55665.8475
02:57:31,55945.1879
02:57:36,56225.7749
02:57:41,56507.7758
02:57:46,56790.6086
02:57:51,57075.3251
02:57:56,57361.083
02:58:01,57648.1829
02:58:06,57937.2496
02:58:11,58227.2227
02:58:16,58518.7003
02:58:21,58811.9792
02:58:26,59106.7926
02:58:31,59403.0169
02:58:36,59701.0282
02:58:41,60000.3071
02:58:46,60300.7559
02:58:51,60603.1801
02:58:56,60906.9453
02:59:01,61212.5087
02:59:06,61519.1441
02:59:11,61827.1577
02:59:16,62137.1883
02:59:21,62448.3976
02:59:26,62761.4885
02:59:31,63075.4222
02:59:36,63391.1136
02:59:41,63708.5837
02:59:46,64027.7948
02:59:51,64348.0806
02:59:56,64670.0675
03:00:01,64994.0071
03:00:06,65319.2849
03:00:11,65646.3148
03:00:16,65975.1627
03:00:21,66305.604
03:00:26,66637.363
03:00:31,66971.6418
03:00:36,67307.1724
03:00:41,67644.2936
03:00:46,67983.6065
03:00:51,68323.6588
03:00:56,68665.521
03:01:01,69009.5411
03:01:06,69355.541
03:01:11,69703.1157
03:01:16,70052.3825
03:01:21,70403.4751
03:01:26,70755.9382
03:01:31,71109.8467
03:01:36,71465.7173
03:01:41,71823.5666
03:01:46,72183.7111
03:01:51,72545.0716
03:01:56,72908.6395
03:02:01,73274.1476
03:02:06,73641.136
03:02:11,74010.4226
03:02:16,74381.4996
03:02:21,74753.7086
03:02:26,75127.9829
03:02:31,75504.0305
03:02:36,75882.3296
03:02:41,76262.6789
03:02:46,76644.179
03:02:51,77027.6144
03:02:56,77412.9806
03:03:01,77800.7317
03:03:06,78189.8992
03:03:11,78580.984
03:03:16,78974.2063
03:03:21,79370.1399
03:03:26,79768.0227
03:03:31,80167.9231
03:03:36,80569.7908
03:03:41,80973.3765
03:03:46,81379.2873
03:03:51,81786.3825
03:03:56,82196.3699
03:04:01,82607.6489
03:04:06,83021.5982
03:04:11,83437.3832
03:04:16,83855.305
03:04:21,84275.596
03:04:26,84697.3455
03:04:31,85121.8135
03:04:36,85547.5713
03:04:41,85975.7438
03:04:46,86406.6315
03:04:51,86839.2154
03:04:56,87273.7962
03:05:01,87710.471
03:05:06,88149.9681
03:05:11,88591.73
03:05:16,89034.9625
03:05:21,89481.2017
03:05:26,89928.7669
03:05:31,90378.6126
03:05:36,90831.318
03:05:41,91285.6902
03:05:46,91742.4809
03:05:51,92202.1782
03:05:56,92663.4281
03:06:01,93126.9511
03:06:06,93593.0404
03:06:11,94061.2335
03:06:16,94532.2689
03:06:21,95005.6451
03:06:26,95481.043
03:06:31,95958.6606
03:06:36,96439.2391
03:06:41,96922.3901
03:06:46,97407.3678
03:06:51,97895.4156
03:06:56,98385.9328
03:07:01,98878.2145
03:07:06,99373.0341
03:07:11,99870.2534
03:07:16,100370.5546
03:07:21,100872.543
03:07:26,101377.4253
03:07:31,101884.7099
03:07:36,102394.7338
03:07:41,102907.6652
03:07:46,103422.6862
03:07:51,103940.5594
03:07:56,104461.0581
03:08:01,104984.1308
03:08:06,105509.7285
03:08:11,106038.1262
03:08:16,106568.5347
03:08:21,107102.2926
03:08:26,107638.7146
03:08:31,108177.2982
03:08:36,108718.9577
03:08:41,109263.1796
03:08:46,109810.0215
03:08:51,110359.9733
03:08:56,110912.4381
03:09:01,111467.8187
03:09:06,112025.899
03:09:11,112586.9437
03:09:16,113150.927
03:09:21,113717.525
03:09:26,114287.0287
03:09:31,114859.2287
03:09:36,115434.1205
03:09:41,116011.4588
03:09:46,116592.1131
03:09:51,117176.0954
03:09:56,117762.5456
03:10:01,118351.7964
03:10:06,118944.0837
03:10:11,119539.0227
03:10:16,120137.3631
03:10:21,120738.8066
03:10:26,121343.1094
03:10:31,121950.2968
03:10:36,122560.5879
03:10:41,123174.1086
03:10:46,123790.3242
03:10:51,124409.6841
03:10:56,125032.4578
03:11:01,125657.8018
03:11:06,126287.1413
03:11:11,126919.1932
03:11:16,127554.5435
03:11:21,128193.3373
03:11:26,128834.6932
03:11:31,129479.492
03:11:36,130127.1904
03:11:41,130778.3869
03:11:46,131433.1043
03:11:51,132090.7207
03:11:56,132751.9414
03:12:01,133416.6648
03:12:06,134084.4739
03:12:11,134755.863
03:12:16,135430.6865
03:12:21,136108.11
03:12:26,136789.2165
03:12:31,137473.5168
03:12:36,138161.4718
03:12:41,138852.997
03:12:46,139547.7796
03:12:51,140246.006
03:12:56,140947.8843
03:13:01,141653.2343
03:13:06,142362.4636
03:13:11,143074.9345
03:13:16,143790.9816
03:13:21,144510.4765
03:13:26,145233.6517
03:13:31,145960.2755
03:13:36,146690.2825
03:13:41,147423.9313
03:13:46,148162.1222
03:13:51,148903.6376
03:13:56,149648.2646
03:14:01,150396.9844
03:14:06,151149.7254
03:14:11,151906.4136
03:14:16,152666.4143
03:14:21,153430.6852
03:14:26,154198.5513
03:14:31,154969.9079
03:14:36,155745.8564
03:14:41,156524.7123
03:14:46,157307.7711
03:14:51,158095.1302
03:14:56,158886.2743
03:15:01,159681.0525
03:15:06,160480.2466
03:15:11,161283.6187
03:15:16,162090.8373
03:15:21,162901.8229
03:15:26,163716.7939
03:15:31,164535.4969
03:15:36,165358.6727
03:15:41,166186.4343
03:15:46,167017.9562
03:15:51,167854.0568
03:15:56,168693.6607
03:16:01,169538.1227
03:16:06,170385.9158
03:16:11,171238.6897
03:16:16,172095.6735
03:16:21,172956.9126
03:16:26,173822.2742
03:16:31,174691.8466
03:16:36,175566.0301
03:16:41,176444.2963
03:16:46,177326.9619
03:16:51,178214.4761
03:16:56,179106.4509
03:17:01,180002.5308
03:17:06,180902.847
03:17:11,181807.7978
03:17:16,182717.2565
03:17:21,183631.172
03:17:26,184550.1754
03:17:31,185473.19
03:17:36,186400.9766
03:17:41,187334.0638
03:17:46,188271.3815
03:17:51,189213.5766
03:17:56,190160.1458
03:18:01,191111.838
03:18:06,192067.6489
03:18:11,193029.0165
03:18:16,193994.9419
03:18:21,194965.4945
03:18:26,195941.3775
03:18:31,196921.6962
03:18:36,197907.1546
03:18:41,198897.693
03:18:46,199892.7969
03:18:51,200892.9119
03:18:56,201898.1361
03:19:01,202908.5648
03:19:06,203923.3927
03:19:11,204943.4601
03:19:16,205969.2099
03:19:21,206999.8324
03:19:26,208035.7842
03:19:31,209076.1062
03:19:36,210122.58
03:19:41,211173.9308
03:19:46,212230.6289
03:19:51,213291.9254
03:19:56,214358.7214
03:20:01,215430.8387
03:20:06,216508.6774
03:20:11,217592.2081
03:20:16,218680.8373
03:20:21,219774.4442
03:20:26,220873.786
03:20:31,221978.9675
03:20:36,223089.4473
03:20:41,224205.2919
03:20:46,225326.6969
03:20:51,226454.1618
03:20:56,227586.8967
03:21:01,228725.616
03:21:06,229869.8844
03:21:11,231019.8613
03:21:16,232175.0623
03:21:21,233337.016
03:21:26,234503.8804
03:21:31,235676.8666
03:21:36,236856.0156
03:21:41,238040.8641
03:21:46,239231.7624
03:21:51,240428.8604
03:21:56,241631.7022
03:22:01,242840.8152
03:22:06,244055.5469
03:22:11,245276.8499
03:22:16,246503.7069
03:22:21,247736.4411
03:22:26,248975.3166
03:22:31,250221.1247
03:22:36,251472.4682
03:22:41,252730.7527
03:22:46,253994.7045
03:22:51,255265.4767
03:22:56,256542.415
03:23:01,257825.9663
03:23:06,259115.2138
03:23:11,260411.3385
03:23:16,261713.7691
03:23:21,263023.3133
03:23:26,264339.0465
03:23:31,265660.8878
03:23:36,266989.5785
03:23:41,268324.7867
03:23:46,269667.3812
03:23:51,271016.7066
03:23:56,272372.8551
03:24:01,273735.5114
03:24:06,275105.0366
03:24:11,276481.641
03:24:16,277865.0938
03:24:21,279255.3413
03:24:26,280652.4604
03:24:31,282055.9265
03:24:36,283466.8355
03:24:41,284884.5777
03:24:46,286309.8154
03:24:51,287741.8667
03:24:56,289180.752
03:25:01,290627.239
03:25:06,292080.7241
03:25:11,293541.7468
03:25:16,295010.1875
03:25:21,296486.098
03:25:26,297969.2848
03:25:31,299459.7862
03:25:36,300957.8704
03:25:41,302463.0147
03:25:46,303976.0391
03:25:51,305496.2694
03:25:56,307024.3292
03:26:01,308559.8637
03:26:06,310103.025
03:26:11,311653.9046
03:26:16,313213.2127
03:26:21,314779.8224
03:26:26,316354.8036
03:26:31,317936.9332
03:26:36,319527.0838
03:26:41,321125.4161
03:26:46,322731.6085
03:26:51,324345.5546
03:26:56,325968.3371
03:27:01,327599.0803
03:27:06,329237.2176
03:27:11,330884.335
03:27:16,332539.6084
03:27:21,334202.4118
03:27:26,335874.058
03:27:31,337554.3044
03:27:36,339242.9842
03:27:41,340939.699
03:27:46,342645.0061
03:27:51,344358.543
03:27:56,346080.9881
03:28:01,347811.5729
03:28:06,349551.2336
03:28:11,351299.5214
03:28:16,353056.7323
03:28:21,354822.3298
03:28:26,356596.6357
03:28:31,358380.4643
03:28:36,360173.1416
03:28:41,361974.2882
03:28:46,363785.1741
03:28:51,365605.1868
03:28:56,367434.2885
03:29:01,369272.5421
03:29:06,371119.8664
03:29:11,372976.2023
03:29:16,374841.7307
03:29:21,376716.4972
03:29:26,378600.5236
03:29:31,380493.9491
03:29:36,382396.591
03:29:41,384309.0562
03:29:46,386231.5334
03:29:51,388163.7111
03:29:56,390105.3887
03:30:01,392056.2478
03:30:06,394017.3918
03:30:11,395987.6396
03:30:16,397968.627
03:30:21,399958.8428
03:30:26,401959.1821
03:30:31,403969.9968
03:30:36,405990.5821
03:30:41,408020.6481
03:30:46,410061.8148
03:30:51,412112.7585
03:30:56,414174.2783
03:31:01,416245.4548
03:31:06,418327.7649
03:31:11,420420.4017
03:31:16,422523.5984
03:31:21,424636.382
03:31:26,426760.6549
03:31:31,428894.5685
03:31:36,431039.3095
03:31:41,433194.638
03:31:46,435361.1293
03:31:51,437538.66
03:31:56,439727.1492
03:32:01,441926.6929
03:32:06,444137.3238
03:32:11,446358.3538
03:32:16,448590.605
03:32:21,450833.7006
03:32:26,453088.808
03:32:31,455354.4426
03:32:36,457631.8203
03:32:41,459920.2146
03:32:46,462220.3605
03:32:51,464531.6964
03:32:56,466855.0994
03:33:01,469190.4417
03:33:06,471537.3006
03:33:11,473895.9874
03:33:16,476266.4447
03:33:21,478648.8379
03:33:26,481042.5523
03:33:31,483448.022
03:33:36,485865.8786
03:33:41,488295.81
03:33:46,490737.6685
03:33:51,493192.2253
03:33:56,495658.7244
03:34:01,498138.0486
03:34:06,500629.1352
03:34:11,503132.8304
03:34:16,505649.2961
03:34:21,508178.4448
03:34:26,510719.9813
03:34:31,513273.7384
03:34:36,515840.904
03:34:41,518420.6861
03:34:46,521013.8094
03:34:51,523619.09
03:34:56,526238.0448
03:35:02,528870.0725
03:35:07,531515.4795
03:35:12,534173.9639
03:35:17,536845.5576
03:35:22,539530.3057
03:35:27,542228.5444
03:35:32,544940.0398
03:35:37,547665.5476
03:35:42,550404.4796
03:35:47,553156.7154
03:35:52,555923.577
03:35:57,558703.7286
03:36:02,561497.8885
03:36:07,564305.9507
03:36:12,567128.1141
03:36:17,569964.1012
03:36:22,572814.2539
03:36:27,575679.337
03:36:32,578558.4868
03:36:37,581452.1741
03:36:42,584359.6558
03:36:47,587281.9035
03:36:52,590218.9605
03:36:57,593170.3732
03:37:02,596136.8299
03:37:07,599118.4865
03:37:12,602114.6696
03:37:17,605126.1103
03:37:22,608152.2582
03:37:27,611193.9696
03:37:32,614250.6217
03:37:37,617322.7715
03:37:42,620409.6673
03:37:47,623512.3052
03:37:52,626630.7843
03:37:57,629764.3755
03:38:02,632913.7889
03:38:07,636078.5464
03:38:12,639259.181
03:38:17,642456.402
03:38:22,645669.7283
03:38:27,648898.7733
03:38:32,652143.5189
03:38:37,655404.8233
03:38:42,658682.8611
03:38:47,661977.3555
03:38:52,665287.8571
03:38:57,668614.8433
03:39:02,671958.4497
03:39:07,675319.2988
03:39:12,678696.6222
03:39:17,682090.3448
03:39:22,685501.5295
03:39:27,688929.8512
03:39:32,692375.2665
03:39:37,695837.9181
03:39:42,699317.5971
03:39:47,702814.2981
03:39:52,706329.1796
03:39:57,709861.6859
03:40:02,713411.791
03:40:07,716979.4451
03:40:12,720565.2146
03:40:17,724169.1075
03:40:22,727790.6438
03:40:27,731430.2645
03:40:32,735087.7043
03:40:37,738764.1322
03:40:42,742458.6531
03:40:47,746171.5479
03:40:52,749903.1031
03:40:57,753653.5213
03:41:02,757422.5197
03:41:07,761210.1748
03:41:12,765017.0588
03:41:17,768842.5608
03:41:22,772687.313
03:41:27,776551.5642
03:41:32,780434.9086
03:41:37,784337.6937
03:41:42,788259.7076
03:41:47,792202.0727
03:41:52,796163.5022
03:41:57,800145.284
03:42:02,804146.6299
03:42:07,808167.9673
03:42:12,812208.964
03:42:17,816271.0079
03:42:22,820352.9841
03:42:27,824455.3015
03:42:32,828578.1512
03:42:37,832722.0708
03:42:42,836886.1048
03:42:47,841071.612
03:42:52,845277.1239
03:42:57,849504.6025
03:43:02,853752.3744
03:43:07,858021.5663
03:43:12,862312.5812
03:43:17,866624.2699
03:43:22,870958.0147
03:43:27,875313.8705
03:43:32,879691.526
03:43:37,884090.4695
03:43:42,888511.2488
03:43:47,892954.013
03:43:52,897419.3747
03:43:57,901907.0122
03:44:02,906417.5088
03:44:07,910949.9742
03:44:12,915505.3712
03:44:17,920083.6975
03:44:22,924684.8786
03:44:27,929309.2673
03:44:32,933955.9159
03:44:37,938626.0931
03:44:42,943319.6322
03:44:47,948036.7226
03:44:52,952777.6712
03:44:57,957541.7107
03:45:02,962330.2129
03:45:07,967142.1177
03:45:12,971978.7356
03:45:17,976839.1518
03:45:22,981724.3687
03:45:27,986633.7669
03:45:32,991567.2637
03:45:37,996525.4834
03:45:42,1001509.086
03:45:47,1006517.5076
03:45:52,1011551.0256
03:45:57,1016609.5299
03:46:02,1021692.9602
03:46:07,1026802.4383
03:46:12,1031937.3003
03:46:17,1037097.3898
03:46:22,1042283.0973
03:46:27,1047494.7586
03:46:32,1052732.8536
03:46:37,1057997.5879
03:46:42,1063288.4059
03:46:47,1068605.1947
03:46:52,1073948.8364
03:46:57,1079319.3715
03:47:02,1084716.7949
03:47:07,1090141.0147
03:47:12,1095592.1543
03:47:17,1101070.8946
03:47:22,1106576.9049
03:47:27,1112109.9288
03:47:32,1117670.7131
03:47:37,1123259.6575
03:47:42,1128876.5647
03:47:47,1134521.8951
03:47:52,1140195.4335
03:47:57,1145897.1768
03:48:02,1151627.1497
03:48:07,1157385.4512
03:48:12,1163173.2071
03:48:17,1168989.7221
03:48:22,1174835.2581
03:48:27,1180710.3559
03:48:32,1186614.7636
03:48:37,1192548.3204
03:48:42,1198511.5825
03:48:47,1204504.4574
03:48:52,1210527.2263
03:48:57,1216580.395
03:49:02,1222663.4572
03:49:07,1228777.8182
03:49:12,1234921.8454
03:49:17,1241096.7739
03:49:22,1247302.8323
03:49:27,1253539.767
03:49:32,1259808.4374
03:49:37,1266107.5855
03:49:42,1272438.8159
03:49:47,1278801.3158
03:49:52,1285195.4371
03:49:57,1291622.1673
03:50:02,1298080.452
03:50:07,1304571.3626
03:50:12,1311094.8108
03:50:17,1317651.2325
03:50:22,1324240.2354
03:50:27,1330861.8319
03:50:32,1337516.4232
03:50:37,1344204.8268
03:50:42,1350926.4475
03:50:47,1357681.2706
03:50:52,1364470.2191
03:50:57,1371293.2394
03:51:02,1378150.1999
03:51:07,1385041.3134
03:51:12,1391967.2068
03:51:17,1398927.4104
03:51:22,1405923.0153
03:51:27,1412952.9637
03:51:32,1420018.5088
03:51:37,1427119.1017
03:51:42,1434255.5508
03:51:47,1441427.5992
03:51:52,1448635.1251
03:51:57,1455878.9079
03:52:02,1463159.0076
03:52:07,1470475.0223
03:52:12,1477828.0397
03:52:17,1485218.2229
03:52:22,1492644.9658
03:52:27,1500108.8091
03:52:32,1507610.0867
03:52:37,1515149.0274
03:52:42,1522725.8334
03:52:47,1530340.3523
03:52:52,1537992.1596
03:52:57,1545683.0714
03:53:02,1553411.9937
03:53:07,1561179.7248
03:53:12,1568986.3625
03:53:17,1576832.3577
03:53:22,1584717.1972
03:53:27,1592641.1665
03:53:32,1600605.0737
03:53:37,1608609.1386
03:53:42,1616652.9936
03:53:47,1624736.3593
03:53:52,1632861.1244
03:53:57,1641025.8425
03:54:02,1649231.4927
03:54:07,1657478.4874
03:54:12,1665766.9245
03:54:17,1674096.4075
03:54:22,1682467.4088
03:54:27,1690879.9781
03:54:32,1699335.1155
03:54:37,1707832.3337
03:54:42,1716372.1683
03:54:47,1724954.1492
03:54:52,1733579.4466
03:54:57,1742247.8575
03:55:02,1750959.7576
03:55:07,1759715.2638
03:55:12,1768514.2499
03:55:17,1777357.1552
03:55:22,1786244.6433
03:55:27,1795176.4649
03:55:32,1804152.51
03:55:37,1813173.834
03:55:42,1822240.1857
03:55:47,1831351.7399
03:55:52,1840509.305
03:55:57,1849712.2325
03:56:02,1858961.6947
03:56:07,1868257.4798
03:56:12,1877599.0531
03:56:17,1886987.6419
03:56:22,1896422.7118
03:56:27,1905905.9042
03:56:32,1915435.6208
03:56:37,1925013.6523
03:56:42,1934639.3974
03:56:47,1944313.371
03:56:52,1954035.7461
03:56:57,1963806.1545
03:57:02,1973626.2042
03:57:07,1983495.3476
03:57:12,1993413.3086
03:57:17,2003381.1719
03:57:22,2013398.7333
03:57:27,2023466.4643
03:57:32,2033584.228
03:57:37,2043752.4458
03:57:42,2053971.8712
03:57:47,2064242.7863
03:57:52,2074564.3462
03:57:57,2084938.0773
03:58:02,2095362.9832
03:58:07,2105840.0842
03:58:12,2116370.036
03:58:17,2126952.7307
03:58:22,2137588.0211
03:58:27,2148276.1222
03:58:32,2159017.6381
03:58:37,2169813.52
03:58:42,2180662.8928
03:58:47,2191567.0104
03:58:52,2202525.4739
03:58:57,2213539.1538
03:59:02,2224607.8402
03:59:07,2235731.5966
03:59:12,2246911.1082
03:59:17,2258146.1779
03:59:22,2269437.6548
03:59:27,2280785.6917
03:59:32,2292190.4617
03:59:37,2303652.2548
03:59:42,2315170.7669
03:59:47,2326747.1834
03:59:52,2338381.6367
03:59:57,2350073.991
04:00:02,2361824.5776
04:00:07,2373634.2463
04:00:12,2385502.6622
04:00:17,2397430.6248
04:00:22,2409417.9832
04:00:27,2421465.9975
04:00:32,2433573.7065
04:00:37,2445741.7215
04:00:42,2457971.2146
04:00:47,2470261.6231
04:00:52,2482613.843
04:00:57,2495027.7004
04:01:02,2507503.1001
04:01:07,2520041.3034
04:01:12,2532642.4386
04:01:17,2545306.1776
04:01:22,2558033.2748
04:01:27,2570824.0555
04:01:32,2583678.2868
04:01:37,2596596.8554
04:01:42,2609580.6349
04:01:47,2622628.7081
04:01:52,2635742.8668
04:01:57,2648922.4959
04:02:02,2662167.2533
04:02:07,2675479.1608
04:02:12,2688856.9625
04:02:17,2702302.1469
04:02:22,2715814.3019
04:02:27,2729393.8379
04:02:32,2743041.8322
04:02:37,2756757.871
04:02:42,2770542.1991
04:02:47,2784395.176
04:02:52,2798318.103
04:02:57,2812310.5914
04:03:02,2826372.6272
04:03:07,2840505.3298
04:03:12,2854708.313
04:03:17,2868982.1033
04:03:22,2883327.1813
04:03:27,2897744.4112
04:03:32,2912233.4663
04:03:37,2926795.3473
04:03:42,2941429.5106
04:03:47,2956136.8742
04:03:52,2970918.3671
04:03:57,2985773.9101
04:04:02,3000703.5082
04:04:07,3015707.547
04:04:12,3030786.2115
04:04:17,3045941.0121
04:04:22,3061171.8155
04:04:27,3076478.5581
04:04:32,3091861.1086
04:04:37,3107320.5608
04:04:42,3122857.6758
04:04:47,3138472.1202
04:04:52,3154165.0517
04:04:57,3169936.2576
04:05:02,3185786.0994
04:05:07,3201715.1822
04:05:12,3217723.9318
04:05:17,3233813.337
04:05:22,3249982.6377
04:05:27,3266233.6292
04:05:32,3282565.5273
04:05:37,3298979.1364
04:05:42,3315474.3089
04:05:47,3332052.3497
04:05:52,3348713.4031
04:05:57,3365457.8729
04:06:02,3382285.7256
04:06:07,3399198.2094
04:06:12,3416194.3384
04:06:17,3433276.2928
04:06:22,3450443.0823
04:06:27,3467695.8798
04:06:32,3485035.249
04:06:37,3502460.9938
04:06:42,3519974.3121
04:06:47,3537575.1026
04:06:52,3555263.5069
04:06:57,3573040.7698
04:07:02,3590906.666
04:07:07,3608861.5754
04:07:12,3626906.7208
04:07:17,3645041.5571
04:07:22,3663267.4137
04:07:27,3681584.2448
04:07:32,3699993.2274
04:07:37,3718493.3986
04:07:42,3737086.5759
04:07:47,3755772.7461
04:07:52,3774552.472
04:07:57,3793426.3104
04:08:02,3812393.7534
04:08:07,3831456.0523
04:08:12,3850614.3281
04:08:17,3869867.6495
04:08:22,3889217.213
04:08:27,3908663.7433
04:08:32,3928207.8177
04:08:37,3947849.4398
04:08:42,3967589.1338
04:08:47,3987427.4793
04:08:52,4007365.2758
04:08:57,4027402.7211
04:09:02,4047540.184
04:09:07,4067778.0534
04:09:12,4088117.6742
04:09:17,4108559.1715
04:09:22,4129102.3373
04:09:27,4149748.9006
04:09:32,4170498.3692
04:09:37,4191351.6244
04:09:42,4212309.3222
04:09:47,4233371.2572
04:09:52,4254538.4871
04:09:57,4275811.556
04:10:02,4297191.5772
04:10:07,4318677.8802
04:10:12,4340271.5829
04:10:17,4361973.6577
04:10:22,4383783.7391
04:10:27,4405703.4837
04:10:32,4427732.4281
04:10:37,4449871.368
04:10:42,4472121.4442
04:10:47,4494482.2136
04:10:52,4516955.3526
04:10:57,4539540.4974
04:11:02,4562238.8763
04:11:07,4585050.9551
04:11:12,4607976.4909
04:11:17,4631017.4555
04:11:22,4654173.3981
04:11:27,4677444.3989
04:11:32,4700831.817
04:11:37,4724336.7633
04:11:42,4747958.6077
04:11:47,4771699.1818
04:11:52,4795558.4456
04:11:57,4819536.8312
04:12:02,4843635.2426
04:12:07,4867853.8388
04:12:12,4892193.3195
04:12:17,4916654.8345
04:12:22,4941239.0199
04:12:27,4965946.1915
04:12:32,4990776.976
04:12:37,5015731.5018
04:12:42,5040810.315
04:12:47,5066014.5772
04:12:52,5091345.1658
04:12:57,5116802.4931
04:13:02,5142387.1419
04:13:07,5168099.3228
04:13:12,5193940.4592
04:13:17,5219910.3689
04:13:22,5246010.3939
04:13:27,5272241.5192
04:13:32,5298603.1215
04:13:37,5325097.1967
04:13:42,5351723.5626
04:13:47,5378482.5458
04:13:52,5405375.1101
04:13:57,5432402.4689
04:14:02,5459565.5543
04:14:07,5486864.3765
04:14:12,5514298.9723
04:14:17,5541870.7132
04:14:22,5569580.7482
04:14:27,5597429.6796
04:14:32,5625417.0092
04:14:37,5653544.5989
04:14:42,5681812.6788
04:14:47,5710222.0255
04:14:52,5738773.5847
04:14:57,5767468.29
04:15:02,5796305.8521
04:15:07,5825287.7551
04:15:12,5854414.3301
04:15:17,5883687.2589
04:15:22,5913105.8969
04:15:27,5942672.4969
04:15:32,5972386.4986
04:15:37,6002248.665
04:15:42,6032260.5524
04:15:47,6062422.8815
04:15:52,6092735.998
04:15:57,6123200.7442
04:16:02,6153817.1513
04:16:07,6184587.1827
04:16:12,6215510.7065
04:16:17,6246588.9679
04:16:22,6277822.1063
04:16:27,6309211.7499
04:16:32,6340757.9222
04:16:37,6372462.1444
04:16:42,6404325.0601
04:16:47,6436347.4503
04:16:52,6468529.8813
04:16:57,6500872.9595
04:17:02,6533378.0861
04:17:07,6566045.4092
04:17:12,6598876.0374
04:17:17,6631870.5467
04:17:22,6665030.8353
04:17:27,6698357.0535
04:17:32,6731849.329
04:17:37,6765509.5194
04:17:42,6799337.6448
04:17:47,6833334.7923
04:17:52,6867502.2104
04:17:57,6901840.2894
04:18:02,6936349.7321
04:18:07,6971032.0435
04:18:12,7005887.9856
04:18:17,7040917.6921
04:18:22,7076122.5459
04:18:27,7111503.4318
04:18:32,7147061.8075
04:18:37,7182797.2696
04:18:42,7218711.4041
04:18:47,7254805.5975
04:18:52,7291080.6856
04:18:57,7327537.0414
04:19:02,7364174.8314
04:19:07,7400996.0477
04:19:12,7438001.4447
04:19:17,7475192.077
04:19:22,7512568.6482
04:19:27,7550131.8018
04:19:32,7587882.7907
04:19:37,7625822.8186
04:19:42,7663952.272
04:19:47,7702272.429
04:19:52,7740783.892
04:19:57,7779488.4093
04:20:02,7818386.2998
04:20:07,7857478.4423
04:20:12,7896766.3767
04:20:17,7936250.8255
04:20:22,7975932.3447
04:20:27,8015812.8736
04:20:32,8055892.6631
04:20:37,8096172.8834
04:20:42,8136653.9397
04:20:47,8177337.4191
04:20:52,8218224.9301
04:20:57,8259317.0719
04:21:02,8300613.8701
04:21:07,8342117.4038
04:21:12,8383828.9059
04:21:17,8425748.6581
04:21:22,8467877.8358
04:21:27,8510218.3049
04:21:32,8552769.848
04:21:37,8595534.5219
04:21:42,8638512.3702
04:21:47,8681705.0979
04:21:52,8725113.9688
04:21:57,8768740.3032
04:22:02,8812584.7639
04:22:07,8856648.6873
04:22:12,8900932.0877
04:22:17,8945437.363
04:22:22,8990165.0214
04:22:27,9035116.549
04:22:32,9080292.6517
04:22:37,9125695.0977
04:22:42,9171324.4566
04:22:47,9217181.3627
04:22:52,9263267.7845
04:22:57,9309584.631
04:23:02,9356132.9215
04:23:07,9402914.4027
04:23:12,9449929.0906
04:23:17,9497179.4627
04:23:22,9544665.9916
04:23:27,9592389.7872
04:23:32,9640352.4274
04:23:37,9688555.068
04:23:42,9736998.1809
04:23:47,9785684.0523
04:23:52,9834612.8941
04:23:57,9883786.2603
04:24:02,9933205.5479
04:24:07,9982871.82
04:24:12,1.00327864399E7
04:24:17,1.0082950616E7
04:24:22,1.01333656555E7
04:24:27,1.01840333149E7
04:24:32,1.02349543237E7
04:24:37,1.02861298042E7
04:24:42,1.03375609744E7
04:24:47,1.03892490704E7
04:24:52,1.04411961621E7
04:24:57,1.04934024807E7
04:25:02,1.05458696562E7
04:25:07,1.05986000717E7
04:25:12,1.06515937453E7
04:25:17,1.07048521371E7
04:25:22,1.07583766273E7
04:25:27,1.08121692241E7
04:25:32,1.08662303095E7
04:25:37,1.09205620662E7
04:25:42,1.0975165423E7
04:25:47,1.10300423011E7
04:25:52,1.10851931446E7
04:25:57,1.11406196716E7
04:26:02,1.11963237381E7
04:26:08,1.1252306081E7
04:26:12,1.13085677245E7
04:26:17,1.13651114164E7
04:26:22,1.14219378715E7
04:26:27,1.14790479008E7
04:26:32,1.15364441052E7
04:26:37,1.15941273235E7
04:26:42,1.16520987111E7
04:26:47,1.1710360132E7
04:26:52,1.17689124074E7
04:26:57,1.18277576547E7
04:27:02,1.18868974229E7
04:27:07,1.19463322362E7
04:27:12,1.20060648292E7
04:27:17,1.20660956091E7
04:27:22,1.21264269107E7
04:27:27,1.2187059505E7
04:27:32,1.22479956665E7
04:27:37,1.23092361482E7
04:27:42,1.23707825248E7
04:27:47,1.24326366994E7
04:27:52,1.24948009056E7
04:27:57,1.25572753596E7
04:28:02,1.26200626605E7
04:28:07,1.26831636828E7
04:28:12,1.27465803546E7
04:28:17,1.28103138178E7
04:28:22,1.28743660226E7
04:28:27,1.29387385896E7
04:28:32,1.3003433193E7
04:28:37,1.30684509177E7
04:28:42,1.31337935503E7
04:28:47,1.31994629983E7
04:28:52,1.32654606663E7
04:28:57,1.3331788341E7
04:29:02,1.33984482859E7
04:29:07,1.34654410138E7
04:29:12,1.3532768712E7
04:29:17,1.36004333363E7
04:29:22,1.36684362543E7
04:29:27,1.37367788482E7
04:29:32,1.38054636896E7
04:29:37,1.38744911873E7
04:29:42,1.3943864595E7
04:29:47,1.40135842746E7
04:29:52,1.40836525524E7
04:29:57,1.41540709321E7
04:30:02,1.42248423226E7
04:30:07,1.42959667573E7
04:30:12,1.43674470286E7
04:30:17,1.44392853494E7
04:30:22,1.4511482853E7
04:30:27,1.45840409067E7
04:30:32,1.46569616541E7
04:30:37,1.47302474227E7
04:30:42,1.48038987798E7
04:30:47,1.48779185986E7
04:30:52,1.49523085946E7
04:30:57,1.50270711018E7
04:31:02,1.51022070013E7
04:31:07,1.51777182522E7
04:31:12,1.52536070721E7
04:31:17,1.53298758797E7
04:31:22,1.54065261038E7
04:31:27,1.54835597007E7
04:31:32,1.55609781483E7
04:31:37,1.56387833312E7
04:31:42,1.57169774394E7
04:31:47,1.57955631744E7
04:31:53,1.58745416622E7
04:31:57,1.59539145519E7
04:32:03,1.60336844861E7
04:32:08,1.61138530351E7
04:32:13,1.61944232156E7
04:32:18,1.62753956958E7
04:32:23,1.63567733111E7
04:32:28,1.64385574041E7
04:32:33,1.65207509632E7
04:32:38,1.66033558006E7
04:32:43,1.66863731017E7
04:32:48,1.67698055163E7
04:32:53,1.68536552899E7
04:32:58,1.6937924451E7
04:33:03,1.70226143814E7
04:33:08,1.71077284071E7
04:33:13,1.7193267408E7
04:33:18,1.72792342412E7
04:33:23,1.73656314168E7
04:33:28,1.74524601338E7
04:33:33,1.75397232658E7
04:33:38,1.76274223345E7
04:33:43,1.77155595753E7
04:33:48,1.78041384365E7
04:33:53,1.78931593453E7
04:33:58,1.79826256265E7
04:34:03,1.8072539092E7
04:34:08,1.81629027489E7
04:34:13,1.82537174781E7
04:34:18,1.83449865787E7
04:34:23,1.84367121756E7
04:34:28,1.85288962344E7
04:34:33,1.86215408268E7
04:34:38,1.8714649388E7
04:34:43,1.88082230438E7
04:34:48,1.89022645241E7
04:34:53,1.89967766845E7
04:34:58,1.90917611848E7
04:35:03,1.91872207714E7
04:35:08,1.92831577374E7
04:35:13,1.93795741905E7
04:35:18,1.94764722091E7
04:35:23,1.95738553661E7
04:35:28,1.96717248951E7
04:35:33,1.97700845171E7
04:35:38,1.98689354568E7
04:35:43,1.99682808153E7
04:35:48,2.00681232141E7
04:35:53,2.01684639827E7
04:35:58,2.0269307165E7
04:36:03,2.03706546571E7
04:36:08,2.047250848E7
04:36:13,2.05748718699E7
04:36:18,2.06777465749E7
04:36:23,2.07811354963E7
04:36:28,2.08850416E7
04:36:33,2.09894671441E7
04:36:38,2.10944146503E7
04:36:43,2.11998873151E7
04:36:48,2.13058868879E7
04:36:53,2.14124168207E7
04:36:58,2.15194791489E7
04:37:03,2.16270774365E7
04:37:08,2.17352131389E7
04:37:13,2.18438895476E7
04:37:18,2.19531097037E7
04:37:23,2.20628757354E7
04:37:28,2.21731907239E7
04:37:33,2.22840576514E7
04:37:38,2.2395479007E7
04:37:43,2.25074573353E7
04:37:48,2.26199952653E7
04:37:53,2.27330956435E7
04:37:58,2.28467616769E7
04:38:03,2.29609962963E7
04:38:08,2.30758015165E7
04:38:13,2.31911806572E7
04:38:18,2.3307136882E7
04:38:23,2.34236735525E7
04:38:28,2.35407922973E7
04:38:33,2.36584969713E7
04:38:38,2.37767905561E7
04:38:43,2.38956747879E7
04:38:48,2.40151535426E7
04:38:53,2.41352302204E7
04:38:58,2.42559068053E7
04:39:03,2.43771871939E7
04:39:08,2.44990738065E7
04:39:13,2.46215696197E7
04:39:18,2.47446775757E7
04:39:23,2.48684017053E7
04:39:28,2.49927444863E7
04:39:33,2.51177089524E7
04:39:38,2.52432983253E7
04:39:43,2.53695154237E7
04:39:48,2.54963632608E7
04:39:53,2.56238457626E7
04:39:58,2.57519659149E7
04:40:03,2.58807267168E7
04:40:08,2.60101309812E7
04:40:13,2.61401821435E7
04:40:18,2.62708839945E7
04:40:23,2.64022386583E7
04:40:28,2.65342506574E7
04:40:33,2.66669223458E7
04:40:38,2.68002574477E7
04:40:43,2.69342588677E7
04:40:48,2.70689309788E7
04:40:53,2.72042766071E7
04:40:58,2.73402989974E7
04:41:03,2.74770014926E7
04:41:08,2.76143868433E7
04:41:13,2.77524598142E7
04:41:18,2.78912223099E7
04:41:23,2.80306786547E7
04:41:28,2.81708321586E7
04:41:33,2.8311687211E7
04:41:38,2.84532457979E7
04:41:43,2.85955124272E7
04:41:48,2.87384909151E7
04:41:53,2.88821838935E7
04:41:58,2.90265951354E7
04:42:03,2.91717291204E7
04:42:08,2.93175887769E7
04:42:13,2.94641772445E7
04:42:18,2.96114984306E7
04:42:23,2.97595568166E7
04:42:28,2.99083547407E7
04:42:33,3.00578976121E7
04:42:38,3.02081876627E7
04:42:43,3.03592291368E7
04:42:48,3.05110254401E7
04:42:53,3.06635810784E7
04:42:58,3.08168997511E7
04:43:03,3.09709851865E7
04:43:08,3.11258407727E7
04:43:13,3.12814701914E7
04:43:18,3.14378785397E7
04:43:23,3.15950689808E7
04:43:28,3.17530446658E7
04:43:33,3.19118105608E7
04:43:38,3.20713700481E7
04:43:43,3.2231727342E7
04:43:48,3.2392886217E7
04:43:53,3.25548507721E7
04:43:58,3.27176256711E7
04:44:03,3.28812142329E7
04:44:08,3.30456213457E7
04:44:13,3.32108502197E7
04:44:18,3.33769051355E7
04:44:23,3.35437898381E7
04:44:28,3.37115098211E7
04:44:33,3.38800679047E7
04:44:38,3.40494685615E7
04:44:43,3.42197163774E7
04:44:48,3.43908153509E7
04:44:53,3.45627703765E7
04:44:58,3.47355843554E7
04:45:03,3.49092623845E7
04:45:08,3.50838096208E7
04:45:13,3.5259229028E7
04:45:18,3.54355262321E7
04:45:23,3.56127039714E7
04:45:28,3.57907683168E7
04:45:33,3.59697224767E7
04:45:38,3.61495721534E7
04:45:43,3.6330320364E7
04:45:48,3.65119725287E7
04:45:53,3.66945326619E7
04:45:58,3.68780055146E7
04:46:03,3.7062396018E7
04:46:08,3.72477082824E7
04:46:13,3.74339469254E7
04:46:18,3.7621117302E7
04:46:23,3.78092233031E7
04:46:28,3.79982701839E7
04:46:33,3.81882619765E7
04:46:38,3.83792041457E7
04:46:43,3.85711010208E7
04:46:48,3.87639567187E7
04:46:53,3.89577770873E7
04:46:58,3.91525664585E7
04:47:03,3.93483296375E7
04:47:08,3.95450718255E7
04:47:13,3.9742798225E7
04:47:18,3.99415127008E7
04:47:23,4.01412204905E7
04:47:28,4.03419267863E7
04:47:33,4.05436373846E7
04:47:38,4.07463566018E7
04:47:43,4.09500886335E7
04:47:48,4.1154839335E7
04:47:53,4.13606138128E7
04:47:58,4.15674171666E7
04:48:03,4.17752548672E7
04:48:08,4.19841315083E7
04:48:13,4.21940523375E7
04:48:18,4.24050227654E7
04:48:23,4.26170487154E7
04:48:28,4.28301349517E7
04:48:33,4.30442865915E7
04:48:38,4.32595085544E7
04:48:43,4.34758066832E7
04:48:48,4.36931863193E7
04:48:53,4.39116529469E7
04:48:58,4.4131211758E7
04:49:03,4.43518686107E7
04:49:08,4.45736286965E7
04:49:13,4.47964977753E7
04:49:18,4.50204809111E7
04:49:23,4.52455839816E7
04:49:28,4.54718125187E7
04:49:33,4.56991717164E7
04:49:38,4.59276676852E7
04:49:43,4.61573067297E7
04:49:48,4.63880941282E7
04:49:53,4.66200347053E7
04:49:58,4.68531359403E7
04:50:03,4.70874025659E7
04:50:08,4.73228398654E7
04:50:13,4.75594550639E7
04:50:18,4.77972527017E7
04:50:23,4.80362400453E7
04:50:28,4.82764218306E7
04:50:33,4.85178048541E7
04:50:38,4.87603940427E7
04:50:43,4.90041967626E7
04:50:48,4.9249217995E7
04:50:53,4.94954642903E7
04:50:58,4.97429426139E7
04:51:03,4.99916578648E7
04:51:08,5.02416163427E7
04:51:13,5.04928249868E7
04:51:18,5.07452893717E7
04:51:23,5.09990166272E7
04:51:28,5.1254012363E7
04:51:33,5.15102834581E7
04:51:38,5.17678351513E7
04:51:43,5.20266753774E7
04:51:48,5.22868091641E7
04:51:53,5.25482434897E7
04:51:58,5.28109856417E7
04:52:03,5.30750410047E7
04:52:08,5.33404172898E7
04:52:13,5.3607119616E7
04:52:18,5.38751553608E7
04:52:23,5.41445317198E7
04:52:28,5.44152553589E7
04:52:33,5.46873321854E7
04:52:38,5.4960769353E7
04:52:43,5.52355740369E7
04:52:48,5.55117522526E7
04:52:53,5.57893114251E7
04:52:58,5.60682582941E7
04:53:03,5.63485997375E7
04:53:08,5.66303437455E7
04:53:13,5.69134964308E7
04:53:18,5.71980643025E7
04:53:23,5.74840552245E7
04:53:28,5.77714762977E7
04:53:33,5.80603344648E7
04:53:38,5.83506367251E7
04:53:43,5.86423906492E7
04:53:48,5.89356035457E7
04:53:53,5.92302816998E7
04:53:58,5.95264341914E7
04:54:03,5.98240667528E7
04:54:08,6.01231878344E7
04:54:13,6.04238039157E7
04:54:18,6.07259236059E7
04:54:23,6.10295538368E7
04:54:28,6.13347017288E7
04:54:33,6.1641376321E7
04:54:38,6.19495836951E7
04:54:43,6.22593320067E7
04:54:48,6.25706289638E7
04:54:53,6.28834825756E7
04:54:58,6.3197900881E7
04:55:03,6.35138906262E7
04:55:08,6.38314604693E7
04:55:13,6.41506186209E7
04:55:18,6.44713718171E7
04:55:23,6.47937290061E7
04:55:28,6.51176984511E7
04:55:33,6.54432874415E7
04:55:38,6.57705049369E7
04:55:43,6.60993579581E7
04:55:48,6.6429855785E7
04:55:53,6.67620059948E7
04:55:58,6.70958165154E7
04:56:03,6.74312960259E7
04:56:08,6.77684535066E7
04:56:13,6.81072966666E7
04:56:18,6.84478341114E7
04:56:23,6.87900734194E7
04:56:28,6.91340247636E7
04:56:33,6.947969525E7
04:56:38,6.98270938389E7
04:56:43,7.01762294115E7
04:56:48,7.05271116452E7
04:56:53,7.08797474231E7
04:56:58,7.12341469592E7
04:57:03,7.1590318199E7
04:57:08,7.19482699649E7
04:57:13,7.23080119142E7
04:57:18,7.26695522321E7
04:57:23,7.30329009913E7
04:57:28,7.33980660729E7
04:57:33,7.37650572892E7
04:57:38,7.41338833555E7
04:57:43,7.45045532165E7
04:57:48,7.4877076777E7
04:57:53,7.52514628658E7
04:57:58,7.56277210974E7
04:58:03,7.60058601067E7
04:58:08,7.63858895115E7
04:58:13,7.6767819467E7
04:58:18,7.71516587786E7
04:58:23,7.75374173684E7
04:58:28,7.79251047132E7
04:58:33,7.8314730703E7
04:58:38,7.87063051374E7
04:58:43,7.90998369723E7
04:58:48,7.94953363233E7
04:58:53,7.98928140149E7
04:58:58,8.02922784688E7
04:59:03,8.06937408313E7
04:59:08,8.1097209878E7
04:59:13,8.15026963028E7
04:59:18,8.19102102663E7
04:59:23,8.23197615478E7
04:59:28,8.2731361165E7
04:59:33,8.31450190035E7
04:59:38,8.35607443468E7
04:59:43,8.39785486154E7
04:59:48,8.43984417224E7
04:59:53,8.48204340572E7
04:59:58,8.52445370213E7
05:00:03,8.56707605476E7
05:00:08,8.60991149959E7
05:00:13,8.65296115609E7
05:00:18,8.6962260679E7
05:00:23,8.73970725213E7
05:00:28,8.78340583875E7
05:00:33,8.82732289035E7
05:00:38,8.87145958639E7
05:00:43,8.91581697012E7
05:00:48,8.96039609418E7
05:00:53,9.00519808952E7
05:00:58,9.05022414399E7
05:01:03,9.09547529217E7
05:01:08,9.14095273065E7
05:01:13,9.18665753597E7
05:01:18,9.23259090885E7
05:01:23,9.278753907E7
05:01:28,9.32514771875E7
05:01:33,9.37177356082E7
05:01:38,9.41863244747E7
05:01:43,9.4657256281E7
05:01:48,9.51305430261E7
05:01:53,9.56061962971E7
05:01:58,9.6084227492E7
05:02:03,9.65646488751E7
05:02:08,9.70474731152E7
05:02:13,9.75327115773E7
05:02:18,9.80203762284E7
05:02:23,9.85104790816E7
05:02:28,9.90030320518E7
05:02:33,9.94980479561E7
05:02:38,9.99955391506E7
05:02:43,1.004955169806E8
05:02:48,1.009979948307E8
05:02:53,1.015029858334E8
05:02:58,1.020105009552E8
05:03:03,1.025205537319E8
05:03:08,1.030331570597E8
05:03:13,1.035483237058E8
05:03:18,1.040660659297E8
05:03:23,1.045863966796E8
05:03:28,1.051093291389E8
05:03:33,1.056348764246E8
05:03:38,1.061630518368E8
05:03:43,1.066938677663E8
05:03:48,1.072273375761E8
05:03:53,1.077634744551E8
05:03:58,1.083022923311E8
05:04:03,1.088438039515E8
05:04:08,1.093880237121E8
05:04:13,1.099349640524E8
05:04:18,1.104846394613E8
05:04:23,1.110370631013E8
05:04:28,1.115922486639E8
05:04:33,1.121502102887E8
05:04:38,1.127109618935E8
05:04:43,1.132745169904E8
05:04:48,1.13840889727E8
05:04:53,1.144100943711E8
05:04:59,1.14982144987E8
05:05:03,1.155570566134E8
05:05:08,1.161348426944E8
05:05:13,1.167155172789E8
05:05:18,1.172990958538E8
05:05:23,1.178855920069E8
05:05:28,1.184750205481E8
05:05:33,1.190673960814E8
05:05:38,1.196627335812E8
05:05:43,1.202610475458E8
05:05:48,1.208623529831E8
05:05:53,1.214666655381E8
05:05:58,1.220739990629E8
05:06:03,1.226843692269E8
05:06:08,1.232977913727E8
05:06:13,1.239142807929E8
05:06:18,1.24533852573E8
05:06:23,1.251565225393E8
05:06:28,1.257823062063E8
05:06:33,1.264112182082E8
05:06:38,1.270432745083E8
05:06:43,1.276784918993E8
05:06:48,1.283168849442E8
05:06:53,1.289584704058E8
05:06:58,1.296032636301E8
05:07:03,1.302512802081E8
05:07:08,1.309025374304E8
05:07:13,1.315570506392E8
05:07:18,1.322148366582E8
05:07:23,1.328759111984E8
05:07:28,1.335402914593E8
05:07:33,1.342079934143E8
05:07:38,1.348790341759E8
05:07:43,1.355534304467E8
05:07:48,1.362311986823E8
05:07:53,1.369123557461E8
05:07:58,1.375969177739E8
05:08:03,1.382849026151E8
05:08:08,1.389763278431E8
05:08:13,1.396712099426E8
05:08:18,1.403695663228E8
05:08:23,1.410714150776E8
05:08:28,1.417767722864E8
05:08:33,1.424856566051E8
05:08:38,1.431980850383E8
05:08:43,1.439140761437E8
05:08:48,1.446336473999E8
05:08:53,1.453568166316E8
05:08:58,1.460836008552E8
05:09:03,1.468140195152E8
05:09:08,1.475480898154E8
05:09:13,1.482858312089E8
05:09:18,1.490272612281E8
05:09:23,1.497723985298E8
05:09:28,1.505212613695E8
05:09:33,1.51273867984E8
05:09:38,1.520302377652E8
05:09:43,1.527903896579E8
05:09:48,1.535543421298E8
05:09:53,1.543221143681E8
05:09:58,1.550937252324E8
05:10:03,1.558691948165E8
05:10:08,1.566485418218E8
05:10:13,1.574317849663E8
05:10:18,1.58218944041E8
05:10:23,1.590100397124E8
05:10:28,1.598050907669E8
05:10:33,1.606041171774E8
05:10:38,1.614071381231E8
05:10:43,1.622141742361E8
05:10:48,1.630252452234E8
05:10:53,1.638403718026E8
05:10:58,1.646595741571E8
05:11:03,1.654828722635E8
05:11:08,1.663102874733E8
05:11:13,1.67141839761E8
05:11:18,1.679775498932E8
05:11:23,1.688174382871E8
05:11:28,1.696615258138E8
05:11:33,1.705098345247E8
05:11:38,1.713623838578E8
05:11:43,1.722191961655E8
05:11:48,1.730802928935E8
05:11:53,1.739456949619E8
05:11:58,1.748154241559E8
05:12:03,1.756895023612E8
05:12:08,1.765679502645E8
05:12:13,1.774507910377E8
05:12:18,1.783380456026E8
05:12:23,1.792297365071E8
05:12:28,1.801258860865E8
05:12:33,1.81026516303E8
05:12:38,1.819316493594E8
05:12:43,1.828413083385E8
05:12:48,1.837555158973E8
05:12:53,1.846742938966E8
05:12:58,1.855976663716E8
05:13:03,1.865256553684E8
05:13:08,1.874582840641E8
05:13:13,1.88395575659E8
05:13:18,1.893375537824E8
05:13:23,1.902842425154E8
05:13:28,1.912356639028E8
05:13:33,1.92191842936E8
05:13:38,1.931528024628E8
05:13:43,1.941185667123E8
05:13:48,1.950891605501E8
05:13:53,1.960646074107E8
05:13:58,1.970449313131E8
05:14:03,1.980301567808E8
05:14:08,1.990203086551E8
05:14:13,2.000154105764E8
05:14:18,2.010154880459E8
05:14:23,2.020205662269E8
05:14:28,2.030306699516E8
05:14:33,2.040458243958E8
05:14:38,2.050660543587E8
05:14:43,2.060913850426E8
05:14:48,2.071218427856E8
05:14:53,2.081574526803E8
05:14:58,2.091982407672E8
05:15:03,2.102442327709E8
05:15:08,2.11295454729E8
05:15:13,2.123519327777E8
05:15:18,2.134136927042E8
05:15:23,2.144807615757E8
05:15:28,2.15553166039E8
05:15:33,2.166309328714E8
05:15:38,2.177140877262E8
05:15:43,2.188026584076E8
05:15:48,2.198966721838E8
05:15:53,2.209961562956E8
05:15:58,2.221011376185E8
05:16:03,2.23211644307E8
05:16:08,2.243277026873E8
05:16:13,2.254493416717E8
05:16:18,2.265765887707E8
05:16:23,2.277094718778E8
05:16:28,2.288480199436E8
05:16:33,2.299922604369E8
05:16:38,2.311422225224E8
05:16:43,2.322979338853E8
05:16:48,2.334594237895E8
05:16:53,2.346267213989E8
05:16:58,2.357998553405E8
05:17:03,2.369788548184E8
05:17:08,2.38163750036E8
05:17:13,2.393545697756E8
05:17:18,2.405513431665E8
05:17:23,2.417541002608E8
05:17:28,2.429628712262E8
05:17:33,2.441776862032E8
05:17:38,2.453985754626E8
05:17:43,2.466255686273E8
05:17:48,2.47858697334E8
05:17:53,2.490979911413E8
05:17:58,2.503434820909E8
05:18:03,2.51595200436E8
05:18:08,2.528531771335E8
05:18:13,2.54117443309E8
05:18:18,2.55388031356E8
05:18:23,2.566649725716E8
05:18:28,2.579482978265E8
05:18:33,2.592380400767E8
05:18:38,2.605342306815E8
05:18:43,2.618369027518E8
05:18:48,2.631460875171E8
05:18:53,2.644618183185E8
05:18:58,2.657841284983E8
05:19:03,2.671130499713E8
05:19:08,2.684486153967E8
05:19:13,2.697908590454E8
05:19:18,2.711398139218E8
05:19:23,2.724955133939E8
05:19:28,2.738579917813E8
05:19:33,2.75227282535E8
05:19:38,2.766034190849E8
05:19:43,2.779864370086E8
05:19:48,2.793763693143E8
05:19:53,2.807732514982E8
05:19:58,2.821771188416E8
05:20:03,2.835880046017E8
05:20:08,2.850059452198E8
05:20:13,2.864309752489E8
05:20:18,2.878631309497E8
05:20:23,2.893024477024E8
05:20:28,2.907489609615E8
05:20:33,2.922027065703E8
05:20:38,2.936637208151E8
05:20:43,2.951320403741E8
05:20:48,2.966077010114E8
05:20:53,2.980907404877E8
05:20:58,2.995811942976E8
05:21:03,3.010791008651E8
05:21:08,3.025844974193E8
05:21:13,3.040974205544E8
05:21:18,3.056179079906E8
05:21:23,3.071459977008E8
05:21:28,3.086817285442E8
05:21:33,3.102251378666E8
05:21:38,3.117762640956E8
05:21:43,3.133351464674E8
05:21:48,3.149018230689E8
05:21:53,3.164763329231E8
05:21:58,3.180587148595E8
05:22:03,3.196490087248E8
05:22:08,3.212472542842E8
05:22:13,3.22853490695E8
05:22:18,3.244677583658E8
05:22:23,3.26090097977E8
05:22:28,3.277205494678E8
05:22:33,3.293591524997E8
05:22:38,3.310059484023E8
05:22:43,3.326609785769E8
05:22:48,3.343242837989E8
05:22:53,3.359959062303E8
05:22:58,3.376758858886E8
05:23:03,3.39364265514E8
05:23:08,3.410610876997E8
05:23:13,3.427663933029E8
05:23:18,3.444802261444E8
05:23:23,3.462026282507E8
05:23:28,3.479336415374E8
05:23:33,3.496733102372E8
05:23:38,3.514216771209E8
05:23:43,3.531787861782E8
05:23:48,3.549446812067E8
05:23:53,3.567194048588E8
05:23:58,3.585030028279E8
05:24:03,3.602955188075E8
05:24:08,3.620969969597E8
05:24:13,3.639074825189E8
05:24:18,3.657270209031E8
05:24:23,3.675556566081E8
05:24:28,3.69393435248E8
05:24:33,3.712404031816E8
05:24:38,3.73096605612E8
05:24:43,3.749620887725E8
05:24:48,3.768368998905E8
05:24:53,3.787210853138E8
05:24:58,3.806146914123E8
05:25:03,3.825177659144E8
05:25:08,3.844303552303E8
05:25:13,3.863525076076E8
05:25:18,3.882842706266E8
05:25:23,3.902256923011E8
05:25:28,3.921768215429E8
05:25:33,3.941377062188E8
05:25:39,3.961083951555E8
05:25:44,3.980889374038E8
05:25:49,4.000793828827E8
05:25:54,4.020797808069E8
05:25:59,4.040901798655E8
05:26:04,4.061106311366E8
05:26:09,4.081411850686E8
05:26:14,4.101818911987E8
05:26:19,4.122328011117E8
05:26:24,4.142939657596E8
05:26:29,4.16365436561E8
05:26:34,4.184472639201E8
05:26:39,4.205395005122E8
05:26:44,4.2264219889E8
05:26:49,4.247554106887E8
05:26:54,4.268791880264E8
05:26:59,4.290135850192E8
05:27:04,4.311586530735E8
05:27:09,4.333144471885E8
05:27:14,4.354810202156E8
05:27:19,4.376584254192E8
05:27:24,4.398467183944E8
05:27:29,4.420459521128E8
05:27:34,4.442561820757E8
05:27:39,4.464774638854E8
05:27:44,4.487098517819E8
05:27:49,4.509534016847E8
05:27:54,4.532081692769E8
05:27:59,4.55474211212E8
05:28:04,4.577515828622E8
05:28:09,4.60040341451E8
05:28:14,4.62340544058E8
05:28:19,4.646522473622E8
05:28:24,4.669755092595E8
05:28:29,4.693103874332E8
05:28:34,4.716569401087E8
05:28:39,4.740152256771E8
05:28:44,4.763853020039E8
05:28:49,4.787672295416E8
05:28:54,4.811610658901E8
05:28:59,4.835668719713E8
05:29:04,4.859847064536E8
05:29:09,4.884146307052E8
05:29:14,4.90856704782E8
05:29:19,4.933109884808E8
05:29:24,4.957775441252E8
05:29:29,4.982564319664E8
05:29:34,5.007477148196E8
05:29:39,5.032514540491E8
05:29:44,5.057677119701E8
05:29:49,5.082965506383E8
05:29:54,5.108380337333E8
05:29:59,5.133922241559E8
05:30:04,5.159591859329E8
05:30:09,5.185389827986E8
05:30:14,5.211316783507E8
05:30:19,5.23737336886E8
05:30:24,5.263560238101E8
05:30:29,5.289878046221E8
05:30:34,5.316327440568E8
05:30:39,5.342909080809E8
05:30:44,5.369623628417E8
05:30:49,5.396471754531E8
05:30:54,5.423454122349E8
05:30:59,5.450571401309E8
05:31:04,5.477824268787E8
05:31:09,5.505213400778E8
05:31:14,5.532739469828E8
05:31:19,5.560403171069E8
05:31:24,5.588205195326E8
05:31:29,5.616146229231E8
05:31:34,5.644226970507E8
05:31:39,5.672448115725E8
05:31:44,5.700810358955E8
05:31:49,5.729314417427E8
05:31:54,5.757960991816E8
05:31:59,5.786750798525E8
05:32:04,5.815684556341E8
05:32:09,5.844762980545E8
05:32:14,5.873986798679E8
05:32:19,5.903356736447E8
05:32:24,5.932873529008E8
05:32:29,5.962537907473E8
05:32:34,5.992350607333E8
05:32:39,6.022312366788E8
05:32:44,6.052423931525E8
05:32:49,6.082686056721E8
05:32:54,6.113099495697E8
05:32:59,6.143664999784E8
05:33:04,6.174383335707E8
05:33:09,6.205255257138E8
05:33:14,6.236281535092E8
05:33:19,6.267462949611E8
05:33:24,6.298800274612E8
05:33:29,6.330294279907E8
05:33:34,6.361945756228E8
05:33:39,6.393755489467E8
05:33:44,6.425724274792E8
05:33:49,6.457852899339E8
05:33:54,6.490142169944E8
05:33:59,6.522592889248E8
05:34:04,6.555205856572E8
05:34:09,6.587981888543E8
05:34:14,6.620921804048E8
05:34:19,6.654026416626E8
05:34:24,6.687296553342E8
05:34:29,6.720733045614E8
05:34:34,6.754336721077E8
05:34:39,6.78810841262E8
05:34:44,6.822048959903E8
05:34:49,6.856159213924E8
05:34:54,6.89044001889E8
05:34:59,6.924892227817E8
05:35:04,6.959516693074E8
05:35:09,6.99431428463E8
05:35:14,7.029285866284E8
05:35:19,7.064432305618E8
05:35:24,7.099754473229E8
05:35:29,7.135253248194E8
05:35:34,7.170929520781E8
05:35:39,7.206784169823E8
05:35:44,7.242818100156E8
05:35:49,7.279032193776E8
05:35:54,7.315427361048E8
05:35:59,7.352004503176E8
05:36:04,7.388764530407E8
05:36:09,7.425708362E8
05:36:14,7.462836912009E8
05:36:19,7.500151102114E8
05:36:24,7.537651864678E8
05:36:29,7.575340131112E8
05:36:34,7.613216833558E8
05:36:39,7.651282924171E8
05:36:44,7.689539344461E8
05:36:49,7.727987045714E8
05:36:54,7.766626988678E8
05:36:59,7.805460125244E8
05:37:04,7.84448742839E8
05:37:09,7.8837098672E8
05:37:14,7.923128417699E8
05:37:19,7.962744061252E8
05:37:24,8.002557783101E8
05:37:29,8.042570582981E8
05:37:34,8.082783443414E8
05:37:39,8.123197363531E8
05:37:44,8.163813351705E8
05:37:49,8.204632421357E8
05:37:54,8.245655588593E8
05:37:59,8.28688387613E8
05:38:04,8.32831830332E8
05:38:09,8.369959904243E8
05:38:14,8.411809712503E8
05:38:19,8.45386877066E8
05:38:24,8.496138115524E8
05:38:29,8.538618807686E8
